movie_id,release_date
1,1995-10-20
2,1995-10-21
3,1995-10-25
4,1995-10-30
5,1995-11-03
6,1995-11-10
7,1995-11-15
8,1995-11-17
9,1995-11-22
10,1995-11-24
11,2004-04-14
12,1996-10-02
13,2024-11-29
14,2015-07-27
15,2012-05-11
16,2010-03-04
17,2002-08-27
18,2014-01-08
19,1997-03-12
20,2022-12-23
21,2017-08-30
22,2017-07-04
23,2017-06-16
24,2003-04-18
25,1997-12-17
26,2007-04-16
27,2014-03-29
28,2023-01-02
29,2005-11-04
30,2008-02-26
31,2024-01-10
32,2008-07-06
33,2003-06-27
34,1999-08-18
35,2010-12-24
36,2011-04-25
37,2010-09-20
38,2021-05-10
39,2022-04-10
40,2008-01-16
41,1997-01-30
42,1999-08-31
43,1998-01-07
44,2004-08-07
45,2006-09-05
46,2006-02-09
47,2022-06-06
48,1998-02-09
49,2015-05-25
50,2015-01-10
51,2024-02-23
52,2003-10-12
53,2010-04-18
54,2001-12-26
55,2016-09-16
56,2022-05-06
57,2015-06-05
58,2014-10-03
59,2012-10-23
60,2008-09-03
61,2015-04-21
62,2000-09-05
63,1999-06-12
64,2010-07-31
65,1999-09-06
66,2013-03-07
67,2020-05-08
68,2007-02-14
69,2008-05-02
70,2010-11-15
71,1997-07-23
72,2001-08-14
73,2004-09-02
74,2007-07-21
75,2019-10-03
76,2021-06-04
77,2018-07-12
78,2003-08-25
79,2024-04-13
80,2017-10-18
81,2001-12-06
82,1997-11-25
83,2013-12-26
84,2008-10-16
85,2022-01-23
86,2020-12-09
87,2007-08-16
88,2017-04-26
89,1998-02-07
90,2002-11-20
91,1999-03-08
92,2008-05-15
93,2010-02-03
94,2014-02-02
95,2014-12-10
96,2024-06-25
97,1997-12-24
98,1998-01-27
99,2019-12-10
100,2004-01-05
101,2021-10-18
102,1996-09-04
103,2011-08-26
104,1997-03-01
105,2005-12-10
106,2015-11-18
107,2015-05-09
108,2022-04-27
109,1996-09-25
110,2003-05-05
111,2019-06-01
112,2014-12-13
113,1995-12-26
114,2009-03-27
115,2007-07-30
116,2004-07-02
117,2002-05-23
118,1998-06-06
119,2004-11-07
120,2002-01-10
121,2015-02-24
122,2024-12-12
123,2018-08-15
124,2021-01-12
125,2005-10-22
126,1999-06-02
127,2021-11-18
128,1999-02-06
129,1996-02-09
130,2021-06-08
131,2010-02-19
132,2023-10-12
133,2002-08-25
134,2004-03-23
135,2000-02-26
136,2015-09-11
137,2022-02-28
138,1998-02-16
139,2011-02-23
140,2009-07-30
141,2007-03-15
142,1996-10-18
143,2009-03-27
144,2014-02-09
145,1997-06-06
146,2020-11-19
147,2000-11-18
148,2016-04-29
149,2017-08-01
150,2003-01-26
151,2016-06-27
152,2018-06-24
153,2004-10-11
154,2007-08-25
155,2014-12-07
156,2015-01-11
157,2015-04-26
158,1999-06-28
159,2016-03-19
160,2009-09-30
161,2014-06-26
162,2016-07-03
163,2010-09-06
164,2002-07-24
165,2006-08-02
166,2006-01-17
167,2003-07-02
168,2004-03-18
169,2000-04-08
170,2006-04-24
171,2007-02-26
172,1998-07-09
173,2001-11-23
174,2016-09-27
175,2004-03-06
176,2010-07-15
177,2024-05-15
178,2002-02-17
179,2010-12-30
180,2005-12-18
181,2022-08-25
182,2003-04-10
183,2004-11-03
184,2010-07-03
185,2012-04-01
186,2009-04-11
187,1999-11-01
188,2006-11-19
189,1998-06-01
190,2002-06-17
191,1997-08-30
192,2007-09-19
193,2009-01-06
194,2013-09-23
195,1997-06-16
196,2012-12-29
197,2014-09-27
198,2008-05-25
199,2003-11-08
200,2018-09-27
201,2005-05-12
202,2019-05-16
203,2024-08-18
204,2008-06-10
205,2000-07-24
206,2008-09-26
207,2000-07-05
208,2014-01-06
209,2010-06-05
210,2001-11-26
211,2019-01-31
212,2016-03-29
213,2006-01-20
214,2008-12-17
215,2010-09-26
216,2009-01-06
217,1996-09-22
218,2000-02-02
219,2010-04-18
220,2006-05-07
221,2001-08-28
222,2013-03-03
223,2021-08-27
224,2005-08-10
225,1996-05-22
226,2000-10-18
227,2024-11-11
228,2010-10-20
229,2020-08-18
230,2011-09-27
231,2015-05-30
232,2003-06-09
233,2004-10-15
234,2005-04-17
235,1996-09-27
236,2019-01-27
237,1998-03-04
238,1998-05-12
239,2019-05-14
240,2013-01-28
241,2021-08-27
242,2024-11-29
243,2005-04-08
244,2008-09-04
245,2016-02-29
246,2024-04-19
247,2019-12-14
248,2014-03-19
249,2004-10-18
250,2000-09-21
251,2002-11-01
252,1998-09-24
253,1997-09-13
254,2001-07-24
255,1999-05-22
256,1996-04-07
257,2004-06-13
258,2018-10-05
259,2013-07-04
260,2009-06-21
261,2007-01-27
262,2011-06-17
263,2003-02-14
264,1998-12-27
265,2011-06-15
266,2008-10-20
267,2022-10-27
268,2009-07-30
269,2005-05-20
270,2010-07-16
271,2006-09-28
272,2023-03-27
273,2019-08-28
274,1999-01-10
275,2012-07-13
276,2010-09-30
277,2016-09-25
278,1999-04-14
279,2021-10-19
280,1999-06-19
281,2016-04-03
282,2000-07-05
283,2016-10-16
284,1998-10-23
285,2016-05-15
286,2001-03-06
287,2010-08-11
288,2020-03-20
289,1998-06-12
290,2018-03-28
291,2015-10-13
292,2008-03-06
293,2002-06-26
294,1998-09-27
295,1999-04-13
296,2013-07-21
297,2024-07-04
298,2019-02-09
299,2007-05-02
300,2011-04-02
301,2020-10-10
302,2023-07-07
303,2009-02-06
304,2001-03-10
305,2003-05-06
306,2002-09-24
307,1999-09-21
308,2017-10-18
309,2021-06-12
310,2001-11-17
311,2005-07-04
312,2016-06-02
313,2000-06-04
314,2021-01-28
315,1997-11-29
316,1996-01-09
317,1996-11-17
318,2008-11-07
319,2023-01-21
320,2019-09-16
321,2005-08-29
322,2001-08-09
323,2011-06-04
324,2012-02-23
325,2021-07-25
326,1995-11-09
327,2002-06-27
328,1997-04-06
329,1997-12-20
330,2005-07-22
331,2011-06-20
332,2021-02-04
333,2006-05-14
334,2005-08-17
335,2023-02-14
336,2008-01-13
337,2002-11-27
338,2014-06-15
339,1996-10-17
340,2000-05-01
341,2024-12-21
342,2015-01-30
343,2013-02-19
344,2014-08-23
345,2004-06-24
346,2018-11-08
347,2011-03-16
348,2023-05-06
349,2016-06-26
350,2011-10-21
351,2007-03-28
352,2002-01-18
353,2022-11-19
354,2007-06-06
355,2017-12-12
356,2013-11-02
357,2007-01-21
358,2013-12-25
359,2014-06-11
360,2006-01-31
361,2001-10-26
362,2017-10-21
363,2018-01-06
364,2007-08-08
365,2001-07-14
366,2011-02-15
367,2015-07-27
368,1999-06-14
369,1999-12-12
370,2020-12-14
371,2002-07-23
372,2013-05-26
373,2000-04-21
374,2011-05-26
375,2008-02-23
376,2022-08-02
377,1995-12-20
378,2017-10-21
379,1998-01-06
380,2011-09-21
381,1998-02-25
382,2008-06-14
383,2011-10-26
384,2000-04-21
385,2006-08-27
386,2021-11-15
387,2012-03-15
388,2016-07-05
389,2017-02-07
390,2005-11-27
391,2011-07-19
392,2016-04-27
393,2011-12-04
394,2008-10-15
395,2018-11-22
396,2004-06-01
397,2000-08-18
398,2001-04-10
399,2018-08-22
400,2012-06-04
401,2005-02-17
402,2001-02-09
403,2015-03-01
404,2008-04-13
405,2017-04-09
406,2002-12-01
407,2003-09-21
408,2001-05-07
409,2005-05-22
410,2002-04-09
411,1997-08-09
412,2004-07-02
413,2009-10-15
414,2022-12-08
415,2000-11-19
416,2003-10-24
417,2009-09-19
418,1999-04-11
419,2024-05-30
420,2024-12-08
421,2003-08-03
422,1996-05-09
423,2017-03-03
424,2015-02-12
425,1997-06-06
426,2011-01-11
427,2001-04-29
428,2019-01-07
429,2001-10-03
430,2010-12-07
431,2005-12-04
432,2010-11-30
433,1998-05-26
434,2008-05-08
435,2006-12-11
436,2001-06-15
437,2018-03-27
438,2004-11-19
439,2001-02-10
440,2001-03-31
441,2004-12-27
442,2019-04-09
443,2015-01-08
444,1998-05-18
445,2011-10-26
446,2017-11-29
447,2015-06-26
448,2012-09-17
449,2021-10-21
450,2023-06-18
451,2003-05-01
452,2018-07-13
453,2012-11-26
454,2015-10-23
455,2008-08-27
456,2008-09-25
457,2019-10-27
458,2016-07-09
459,2011-04-26
460,2001-02-20
461,2008-08-21
462,2010-04-15
463,2019-05-27
464,2011-02-05
465,2005-09-23
466,2005-10-07
467,1999-10-01
468,2021-11-27
469,2022-11-02
470,2011-05-01
471,2024-02-23
472,2011-05-27
473,1995-12-30
474,2010-08-10
475,2015-03-05
476,2007-12-03
477,1997-12-04
478,2002-10-15
479,2010-02-27
480,2005-01-10
481,2010-11-20
482,2003-03-28
483,2023-07-08
484,2002-11-11
485,2006-12-04
486,2013-01-15
487,1999-11-20
488,2009-08-27
489,2008-02-08
490,2009-04-14
491,2023-11-20
492,2013-08-02
493,2012-04-25
494,2010-04-02
495,2014-12-14
496,2011-10-13
497,2022-04-01
498,2004-11-20
499,2001-03-10
500,2015-05-11
501,2023-09-08
502,1997-01-11
503,2016-10-25
504,2020-07-24
505,2001-12-02
506,2004-01-11
507,1999-06-24
508,2013-08-27
509,2016-12-25
510,2011-08-26
511,2007-08-11
512,2004-12-27
513,2009-06-03
514,1996-02-10
515,2012-11-13
516,2006-05-28
517,2023-11-09
518,2020-01-07
519,1997-08-08
520,2023-04-13
521,2019-10-23
522,2021-03-07
523,1996-11-12
524,1999-01-07
525,2012-07-30
526,2003-07-06
527,2013-04-29
528,1997-10-20
529,1996-02-24
530,2006-05-03
531,2013-04-17
532,2000-04-30
533,2016-07-06
534,2009-10-27
535,2011-06-02
536,2022-06-13
537,2013-02-13
538,2001-02-20
539,1996-07-18
540,2002-01-05
541,1997-11-17
542,2013-01-30
543,2015-01-01
544,2021-09-25
545,2006-01-02
546,2012-12-21
547,1996-08-07
548,2006-01-21
549,2015-08-16
550,2009-06-26
551,2009-11-26
552,2023-02-26
553,2008-12-01
554,2021-11-08
555,2004-11-04
556,2003-05-17
557,2015-06-04
558,2018-04-02
559,2020-10-05
560,2005-01-13
561,2014-09-27
562,2010-06-28
563,2001-12-28
564,2015-05-11
565,2008-08-10
566,2020-01-26
567,2001-10-11
568,2019-09-17
569,2024-05-17
570,2011-12-26
571,2023-12-10
572,2001-04-16
573,2023-12-18
574,2001-07-07
575,2015-08-23
576,2018-05-07
577,2011-11-01
578,2002-05-30
579,2022-10-30
580,2022-04-10
581,2009-04-15
582,2017-12-19
583,2011-11-12
584,1998-10-16
585,2023-03-09
586,2009-10-17
587,2017-08-20
588,2019-05-26
589,2000-11-16
590,2023-05-24
591,2001-06-23
592,2003-06-23
593,2012-06-02
594,2018-12-15
595,1999-04-20
596,2002-11-17
597,1996-07-30
598,2017-11-02
599,2007-04-30
600,2002-02-10
601,2023-12-04
602,2005-12-19
603,2006-09-14
604,2003-04-25
605,2017-11-29
606,2023-11-26
607,2024-08-10
608,2018-07-09
609,2023-01-30
610,2005-12-26
611,2002-09-28
612,1997-06-03
613,2021-07-30
614,2016-10-10
615,1996-12-05
616,2008-11-20
617,2002-11-28
618,2014-08-23
619,2013-03-24
620,2002-11-04
621,2018-01-04
622,1999-09-03
623,2020-07-14
624,2004-11-07
625,2018-01-01
626,1997-06-30
627,2009-09-07
628,2014-05-24
629,1999-03-18
630,1997-09-08
631,2023-01-03
632,2012-10-18
633,2016-09-16
634,2016-09-30
635,1999-08-05
636,2018-12-19
637,2011-08-10
638,2022-08-27
639,2014-04-06
640,2002-07-12
641,2019-03-05
642,2017-11-20
643,2011-02-10
644,2014-12-12
645,2008-05-13
646,2010-08-10
647,2015-01-08
648,2015-03-02
649,2024-11-06
650,1998-08-15
651,1996-12-22
652,2020-10-02
653,2010-09-17
654,2008-07-06
655,2013-05-01
656,2019-10-15
657,2016-02-06
658,1998-05-26
659,2007-08-15
660,2017-06-10
661,2016-07-24
662,2002-07-11
663,1996-11-30
664,2024-03-31
665,2002-07-18
666,2002-04-22
667,2004-12-27
668,1997-04-04
669,2018-08-11
670,2002-02-14
671,2006-07-19
672,2011-01-28
673,2010-07-27
674,1999-09-06
675,1996-01-15
676,2007-11-28
677,2015-04-02
678,2017-09-11
679,1999-04-11
680,2022-04-11
681,2001-08-14
682,2009-03-14
683,2002-08-07
684,2016-04-06
685,1997-12-24
686,2015-07-04
687,2003-10-30
688,2002-07-23
689,2006-10-02
690,1997-11-02
691,2021-10-07
692,1997-01-31
693,2013-02-22
694,2020-03-18
695,2010-04-13
696,2001-12-08
697,2002-07-22
698,1997-07-20
699,2009-04-11
700,2009-01-20
701,1999-04-27
702,2015-07-26
703,2016-07-07
704,2021-05-13
705,2009-06-17
706,2015-08-11
707,2021-06-13
708,1997-04-02
709,2022-10-26
710,2016-03-12
711,2014-10-22
712,1996-03-21
713,2007-02-07
714,2016-12-30
715,2002-06-08
716,2015-06-17
717,2013-09-29
718,1996-04-30
719,2009-05-28
720,2007-11-04
721,2009-08-30
722,2007-07-01
723,2016-12-17
724,2017-10-28
725,2017-07-03
726,2017-09-16
727,2021-11-23
728,2019-05-14
729,2013-11-12
730,2009-06-15
731,1997-09-10
732,2007-12-23
733,1996-05-26
734,2009-01-07
735,1996-06-20
736,2003-01-05
737,2016-02-20
738,2007-09-13
739,2006-01-10
740,2004-05-19
741,2005-11-27
742,2008-12-16
743,2012-01-17
744,1996-10-13
745,2020-09-07
746,2018-11-09
747,2005-10-23
748,2022-01-04
749,2024-07-05
750,2024-08-02
751,2006-05-05
752,2001-09-25
753,2009-10-06
754,2012-12-02
755,2021-12-06
756,1996-06-29
757,2021-03-05
758,2012-03-24
759,2008-01-04
760,2010-05-06
761,2018-12-20
762,2003-01-29
763,1998-02-28
764,2010-04-18
765,2011-09-10
766,2012-01-10
767,2020-10-15
768,2007-12-14
769,1999-05-28
770,2004-10-11
771,2000-08-31
772,1996-01-23
773,1996-12-23
774,2021-06-25
775,1996-09-27
776,1996-08-23
777,2011-02-22
778,2016-09-19
779,1998-03-18
780,2022-09-15
781,2016-09-25
782,1996-09-27
783,2023-03-24
784,2022-03-29
785,2004-06-22
786,2009-12-28
787,2024-04-29
788,1997-07-15
789,2020-08-19
790,2022-05-06
791,2001-09-17
792,2016-06-22
793,2010-11-04
794,1999-10-17
795,2023-07-09
796,2002-08-30
797,2022-05-07
798,2022-12-06
799,2000-11-22
800,1998-01-16
801,1997-06-18
802,2019-02-13
803,2001-09-21
804,2016-12-11
805,2000-09-02
806,1999-04-09
807,2024-07-22
808,2013-02-10
809,1999-10-16
810,2003-04-06
811,1999-04-13
812,2004-07-13
813,2001-08-15
814,2001-10-04
815,1996-05-07
816,1996-10-09
817,1998-10-29
818,2016-01-30
819,2020-08-05
820,2022-09-01
821,2005-11-15
822,2004-07-10
823,2016-02-27
824,2000-03-28
825,2020-09-01
826,2001-01-30
827,2022-05-10
828,2018-02-03
829,2019-06-17
830,2012-01-08
831,2024-06-08
832,2012-10-29
833,2012-12-12
834,2020-12-01
835,2021-06-07
836,2010-10-16
837,2021-11-03
838,2010-07-01
839,1997-07-11
840,2015-05-23
841,2020-07-16
842,2004-05-21
843,2014-05-10
844,2018-06-11
845,2004-11-21
846,2020-06-16
847,2004-03-26
848,1997-03-07
849,2006-06-28
850,1999-08-17
851,2021-03-02
852,2006-07-04
853,2010-12-11
854,2018-02-28
855,2009-05-30
856,2018-04-23
857,2007-03-08
858,1997-11-12
859,2014-07-16
860,2022-01-11
861,2020-02-27
862,2009-01-05
863,2010-11-20
864,1999-03-06
865,2000-12-17
866,1996-07-24
867,2003-09-17
868,2016-05-11
869,2004-07-27
870,2006-11-29
871,2022-07-02
872,2008-12-25
873,2023-06-11
874,2018-07-25
875,2019-03-23
876,1995-11-07
877,1997-12-07
878,2017-11-25
879,2017-02-15
880,2009-08-29
881,2021-11-03
882,2020-04-24
883,1996-02-23
884,2016-02-12
885,1996-09-07
886,2014-05-20
887,2018-10-12
888,2013-06-15
889,2003-04-25
890,2006-06-02
891,2017-04-25
892,2001-06-08
893,2010-06-14
894,2012-02-03
895,2004-02-19
896,2013-08-21
897,2003-03-20
898,2024-01-08
899,2013-09-07
900,2005-09-19
901,2002-02-15
902,2022-05-08
903,2008-11-23
904,2021-06-15
905,2020-10-20
906,2021-07-02
907,2015-11-11
908,2008-08-18
909,2014-10-01
910,2003-04-29
911,2019-06-19
912,2023-05-11
913,2001-10-15
914,2004-03-12
915,1997-10-30
916,2024-08-22
917,2009-03-10
918,2021-10-24
919,2007-09-11
920,2014-01-27
921,2020-02-19
922,2000-06-21
923,2020-10-09
924,2017-03-03
925,2009-03-18
926,2007-10-19
927,2000-09-06
928,2024-10-24
929,1996-09-16
930,2000-11-09
931,2014-07-19
932,2017-05-05
933,2020-06-03
934,2022-08-22
935,2023-05-01
936,2023-03-28
937,2000-09-13
938,2007-08-14
939,2010-05-04
940,2006-09-29
941,2000-06-26
942,2004-04-27
943,2013-05-26
944,2017-05-05
945,2022-12-12
946,2009-12-30
947,2018-04-05
948,2019-06-24
949,2010-07-23
950,2012-09-22
951,2002-05-23
952,2019-10-19
953,2008-12-21
954,2011-05-05
955,2002-10-08
956,2012-06-27
957,1998-03-01
958,1995-11-22
959,2017-03-31
960,2000-07-18
961,2006-01-04
962,2019-10-27
963,2020-04-19
964,2023-09-06
965,2004-08-18
966,2012-02-26
967,2012-08-04
968,2010-03-29
969,1997-08-26
970,1999-02-25
971,2022-09-18
972,2013-07-05
973,2002-08-26
974,2020-04-08
975,2018-05-13
976,1999-11-12
977,2009-01-16
978,2008-10-24
979,2021-11-23
980,2017-08-08
981,2003-11-19
982,1996-12-11
983,2013-10-14
984,2002-06-06
985,2008-09-26
986,2000-06-16
987,1998-05-02
988,2001-05-15
989,2010-10-02
990,2012-09-21
991,2002-05-30
992,2014-11-30
993,2000-10-13
994,2000-07-25
995,2004-05-28
996,2015-01-26
997,2019-10-18
998,2001-09-18
999,2009-08-01
1000,2009-09-02
1001,2006-10-14
1002,1999-01-13
1003,2015-05-19
1004,2000-05-09
1005,2014-08-24
1006,2014-12-02
1007,2017-05-31
1008,2015-09-15
1009,2022-03-06
1010,1997-01-18
1011,2014-01-16
1012,2002-04-03
1013,1996-08-31
1014,2011-07-13
1015,2001-02-06
1016,2000-12-04
1017,2023-05-17
1018,1998-06-04
1019,2020-10-11
1020,2014-02-20
1021,2000-07-23
1022,2001-05-29
1023,2024-10-06
1024,2018-03-20
1025,1998-01-04
1026,2016-03-20
1027,2005-05-29
1028,2013-10-13
1029,2017-11-19
1030,2006-02-04
1031,2015-03-27
1032,2009-05-13
1033,2012-07-26
1034,2013-05-15
1035,2000-01-01
1036,2020-04-07
1037,1997-05-15
1038,2003-10-28
1039,2008-03-10
1040,1998-03-01
1041,2018-08-17
1042,2009-10-24
1043,2023-02-07
1044,1999-05-12
1045,2009-05-11
1046,1997-04-18
1047,2007-03-24
1048,2002-11-02
1049,1996-07-07
1050,2005-11-18
1051,2009-03-11
1052,2014-07-12
1053,2024-11-14
1054,2009-06-06
1055,1995-11-06
1056,2011-05-31
1057,2013-05-09
1058,2014-04-23
1059,2002-01-17
1060,2001-12-05
1061,2011-02-14
1062,2014-12-16
1063,2008-05-28
1064,2003-04-17
1065,2008-11-15
1066,2020-12-03
1067,1997-04-27
1068,2007-08-18
1069,2017-01-21
1070,2004-03-09
1071,1999-02-24
1072,2006-04-08
1073,2019-06-23
1074,2002-11-28
1075,2024-01-20
1076,2000-01-26
1077,2021-10-02
1078,2013-07-14
1079,2015-02-24
1080,2007-11-14
1081,2006-06-12
1082,2020-05-17
1083,2008-04-02
1084,2012-10-20
1085,2020-10-13
1086,1996-09-28
1087,2015-11-14
1088,2013-01-31
1089,2005-10-21
1090,2013-05-12
1091,2016-01-14
1092,2011-08-31
1093,2000-11-22
1094,2012-08-05
1095,1997-08-08
1096,2004-10-01
1097,2018-07-30
1098,2006-02-17
1099,2010-12-31
1100,2024-12-07
1101,2005-11-01
1102,1997-11-30
1103,2013-05-25
1104,2022-07-04
1105,2014-06-09
1106,2016-04-15
1107,2019-05-26
1108,2023-05-10
1109,2014-07-01
1110,2008-10-04
1111,2002-11-26
1112,2010-09-05
1113,2001-06-28
1114,2021-08-05
1115,1996-06-20
1116,2008-03-04
1117,2023-02-25
1118,2024-06-03
1119,2003-04-29
1120,2003-04-27
1121,2015-01-01
1122,2003-09-04
1123,2011-02-11
1124,2000-05-07
1125,2013-02-25
1126,1997-03-02
1127,2020-02-14
1128,2004-08-16
1129,2000-04-30
1130,1996-06-16
1131,1996-03-18
1132,2001-09-25
1133,2022-11-30
1134,1996-11-26
1135,2011-01-30
1136,2002-05-01
1137,2015-07-22
1138,2021-10-03
1139,2007-01-16
1140,2002-12-23
1141,2003-03-08
1142,2024-07-26
1143,2017-02-07
1144,2011-02-21
1145,2004-12-21
1146,2009-09-01
1147,2001-12-04
1148,2006-09-10
1149,2024-03-06
1150,2014-10-02
1151,2003-01-11
1152,2014-12-28
1153,2006-07-06
1154,2020-02-13
1155,2016-01-22
1156,2004-11-23
1157,2015-01-24
1158,2017-09-22
1159,2017-01-25
1160,2000-09-30
1161,2010-04-11
1162,2000-04-28
1163,2007-12-04
1164,2000-10-07
1165,2016-09-09
1166,2011-12-19
1167,1997-11-16
1168,2011-05-23
1169,2022-03-19
1170,2012-06-17
1171,1996-03-21
1172,2005-03-03
1173,2005-03-18
1174,2003-01-20
1175,2024-10-26
1176,2003-04-02
1177,2002-05-28
1178,2005-06-04
1179,2003-09-02
1180,2024-09-14
1181,2008-02-23
1182,2000-09-17
1183,1998-06-03
1184,2022-05-25
1185,1997-08-11
1186,2001-02-04
1187,2023-09-08
1188,2003-06-04
1189,2015-05-16
1190,2005-06-23
1191,1996-12-14
1192,2011-09-04
1193,2019-10-22
1194,2016-08-04
1195,2003-05-09
1196,2018-05-30
1197,2020-12-30
1198,2003-01-09
1199,2024-07-14
1200,1997-04-21
1201,2013-09-25
1202,2022-05-25
1203,2009-03-19
1204,2000-04-06
1205,2001-03-31
1206,1999-08-10
1207,2018-10-09
1208,2003-05-04
1209,2009-07-09
1210,2005-11-04
1211,2008-11-20
1212,2000-11-07
1213,2021-09-02
1214,2011-02-10
1215,2017-11-07
1216,1999-08-02
1217,2002-08-28
1218,2014-12-12
1219,2015-03-29
1220,2018-08-28
1221,2017-12-15
1222,2014-01-01
1223,2007-06-07
1224,2023-08-10
1225,2013-02-06
1226,2015-11-04
1227,2010-09-30
1228,2006-04-09
1229,2009-05-20
1230,2004-02-01
1231,2021-12-18
1232,2019-08-25
1233,2000-01-14
1234,2017-04-15
1235,2015-09-15
1236,2018-09-17
1237,1996-05-02
1238,1999-04-18
1239,2008-02-27
1240,2018-07-11
1241,1996-10-31
1242,2016-09-26
1243,2005-11-05
1244,2010-10-07
1245,2012-01-06
1246,2011-01-19
1247,2001-05-01
1248,1995-10-27
1249,1998-12-02
1250,2022-08-02
1251,2011-03-01
1252,2000-09-01
1253,2007-05-07
1254,2000-09-12
1255,1999-05-15
1256,2008-06-10
1257,2011-09-12
1258,2002-08-22
1259,2003-06-01
1260,1997-07-29
1261,2015-05-13
1262,2012-05-20
1263,1996-04-25
1264,1998-03-16
1265,2002-12-23
1266,1997-02-13
1267,2004-08-17
1268,2009-02-06
1269,2001-12-21
1270,2004-11-03
1271,2017-01-22
1272,2024-04-30
1273,2000-08-12
1274,2004-04-16
1275,1999-11-28
1276,2016-06-26
1277,2008-10-06
1278,1996-05-04
1279,2007-06-06
1280,1997-08-06
1281,2022-10-11
1282,2006-10-23
1283,2022-08-01
1284,2021-09-09
1285,1997-06-04
1286,1999-06-14
1287,2007-07-02
1288,2018-01-15
1289,1999-12-25
1290,2007-06-26
1291,2000-07-31
1292,2010-01-19
1293,2000-07-11
1294,1997-10-25
1295,2018-11-03
1296,2007-05-04
1297,1999-06-21
1298,2002-02-17
1299,2001-10-02
1300,1996-07-15
1301,2015-06-30
1302,2023-05-07
1303,1999-10-26
1304,2005-07-03
1305,1999-08-02
1306,2011-04-13
1307,1998-07-16
1308,2020-06-02
1309,2008-04-25
1310,2011-02-13
1311,1999-06-02
1312,2004-03-06
1313,2009-12-03
1314,2018-09-25
1315,2002-07-19
1316,2022-07-30
1317,2004-07-17
1318,2022-07-20
1319,2011-02-23
1320,2008-06-13
1321,2001-02-15
1322,1998-11-12
1323,2015-03-27
1324,1996-04-22
1325,2022-07-20
1326,2015-01-12
1327,2009-03-12
1328,2011-11-26
1329,2003-06-29
1330,2023-06-05
1331,2011-06-27
1332,1996-12-30
1333,2008-04-18
1334,1997-12-29
1335,2022-06-07
1336,2011-01-18
1337,2012-02-04
1338,1999-03-18
1339,2019-11-25
1340,2013-04-11
1341,1996-10-25
1342,2016-07-23
1343,2000-05-15
1344,2023-02-25
1345,2009-12-02
1346,2015-04-26
1347,2017-05-18
1348,2001-08-09
1349,2012-10-16
1350,2017-03-05
1351,2020-10-11
1352,1999-04-02
1353,2021-03-09
1354,2016-12-30
1355,2004-09-23
1356,2003-01-26
1357,1996-06-04
1358,2002-04-26
1359,2004-11-24
1360,2018-08-21
1361,2008-07-16
1362,2016-09-15
1363,2017-11-27
1364,2013-08-30
1365,2011-01-25
1366,2022-03-07
1367,2000-03-15
1368,2015-05-17
1369,2003-05-15
1370,2024-01-27
1371,2012-06-15
1372,2014-03-29
1373,2005-09-28
1374,2014-07-31
1375,2023-08-12
1376,2013-12-30
1377,2024-06-20
1378,1996-10-05
1379,2013-08-31
1380,2009-05-23
1381,2008-07-16
1382,2018-05-13
1383,2006-03-14
1384,2007-04-30
1385,2000-07-03
1386,2024-05-12
1387,2000-02-01
1388,2009-12-15
1389,2019-03-10
1390,2000-02-13
1391,1997-11-30
1392,2011-01-12
1393,2000-08-01
1394,2005-03-24
1395,2022-05-22
1396,1997-10-18
1397,2017-11-25
1398,2003-07-18
1399,2019-09-23
1400,2005-05-12
1401,2022-01-04
1402,2004-10-08
1403,2000-03-21
1404,2006-04-29
1405,2008-02-20
1406,2009-09-08
1407,2020-01-22
1408,2001-08-10
1409,2012-02-27
1410,2021-10-25
1411,2017-12-06
1412,2010-02-28
1413,2019-06-02
1414,2006-07-29
1415,2020-09-03
1416,2007-02-05
1417,2023-11-28
1418,2003-06-29
1419,2000-02-26
1420,2006-05-19
1421,1996-06-19
1422,2016-11-14
1423,2012-02-15
1424,2019-05-07
1425,2021-01-28
1426,1999-06-23
1427,2002-11-05
1428,2012-03-07
1429,2016-08-04
1430,1999-04-08
1431,2013-07-20
1432,2015-07-10
1433,2000-10-19
1434,2022-07-12
1435,2010-03-10
1436,2015-06-03
1437,2015-04-01
1438,2014-08-27
1439,1998-12-01
1440,2011-01-08
1441,2011-08-31
1442,2003-12-24
1443,2010-08-04
1444,2024-09-15
1445,2021-09-20
1446,2008-03-21
1447,2018-02-20
1448,2023-06-05
1449,2012-04-09
1450,2018-04-10
1451,2004-12-26
1452,2014-09-13
1453,2022-07-03
1454,2002-12-06
1455,2007-10-21
1456,2020-01-31
1457,1997-11-02
1458,2012-12-22
1459,2002-06-20
1460,1998-11-17
1461,2018-08-17
1462,1996-10-14
1463,1996-09-07
1464,2012-09-22
1465,2021-12-13
1466,2018-05-06
1467,1999-09-20
1468,2003-05-22
1469,2007-12-19
1470,2015-11-21
1471,2021-09-17
1472,2010-06-21
1473,2002-08-20
1474,2012-03-31
1475,2012-04-09
1476,2002-07-27
1477,2011-09-13
1478,2007-06-11
1479,2012-03-02
1480,2003-01-10
1481,2005-11-07
1482,2018-09-17
1483,2001-05-20
1484,2000-10-01
1485,1995-11-12
1486,2012-02-13
1487,2016-05-22
1488,2004-12-01
1489,2015-08-05
1490,2015-02-21
1491,2010-01-05
1492,2015-08-22
1493,2008-01-03
1494,2005-06-28
1495,2004-03-03
1496,2006-08-21
1497,2015-01-19
1498,2008-01-25
1499,2019-03-22
1500,1999-03-29
1501,2002-11-23
1502,2010-08-19
1503,2009-03-02
1504,2023-02-16
1505,2014-08-22
1506,2003-01-20
1507,2022-03-25
1508,2016-12-27
1509,2024-11-18
1510,2021-08-13
1511,2007-04-11
1512,2000-08-20
1513,2020-02-20
1514,2024-05-17
1515,1999-04-01
1516,2012-03-12
1517,2015-07-25
1518,1997-12-01
1519,2018-03-08
1520,2000-06-30
1521,2014-02-01
1522,2014-03-11
1523,2002-06-03
1524,2016-02-08
1525,2002-10-14
1526,2023-09-13
1527,2008-08-12
1528,2015-06-04
1529,2010-02-14
1530,2015-11-15
1531,2002-08-01
1532,2001-03-07
1533,2018-02-16
1534,2015-12-07
1535,2005-08-04
1536,2004-03-23
1537,1999-12-08
1538,2022-08-08
1539,2004-06-29
1540,2012-02-17
1541,2001-12-10
1542,2010-01-08
1543,2005-03-30
1544,2002-12-06
1545,2013-06-23
1546,2002-09-25
1547,2020-10-04
1548,1996-02-26
1549,2003-05-15
1550,1997-12-17
1551,2016-01-27
1552,2010-02-21
1553,2001-04-04
1554,2004-08-28
1555,2004-04-17
1556,1997-08-11
1557,2008-10-01
1558,2019-07-20
1559,2016-03-11
1560,2014-09-05
1561,2017-08-22
1562,2007-08-19
1563,2014-12-16
1564,2002-08-24
1565,2021-05-22
1566,1996-08-31
1567,2017-10-04
1568,2006-12-17
1569,2006-06-03
1570,2007-10-30
1571,2022-08-17
1572,1998-04-27
1573,2010-12-30
1574,2013-06-28
1575,1999-02-28
1576,2007-11-13
1577,2001-06-11
1578,2012-06-14
1579,2013-08-31
1580,2021-01-27
1581,2012-06-29
1582,2005-12-10
1583,2011-01-01
1584,2016-05-25
1585,2017-05-02
1586,2020-07-02
1587,2024-10-23
1588,2024-12-25
1589,2023-11-18
1590,2024-03-29
1591,2011-12-09
1592,2012-08-01
1593,2008-03-09
1594,2020-11-20
1595,2024-12-10
1596,1998-11-15
1597,1997-12-12
1598,2020-07-14
1599,1996-10-29
1600,2020-06-12
1601,2013-08-25
1602,2006-11-24
1603,2022-08-05
1604,2018-02-16
1605,2023-03-18
1606,2019-02-05
1607,2022-10-20
1608,2024-01-15
1609,2020-08-29
1610,2000-01-21
1611,2014-12-19
1612,2019-04-19
1613,2016-03-08
1614,2012-07-18
1615,2013-03-23
1616,2008-07-15
1617,2007-05-31
1618,2010-11-13
1619,2018-08-27
1620,2003-08-12
1621,1996-10-02
1622,2009-11-05
1623,2010-07-22
1624,2020-11-15
1625,2000-11-14
1626,2017-04-28
1627,2020-02-26
1628,2007-07-22
1629,2022-06-14
1630,2007-09-28
1631,2010-05-25
1632,2019-12-23
1633,2017-10-07
1634,2016-12-05
1635,2008-06-24
1636,2015-02-16
1637,2013-01-21
1638,2002-06-25
1639,2007-03-19
1640,2008-03-05
1641,2002-08-25
1642,2016-12-23
1643,2017-07-26
1644,2002-12-07
1645,2020-05-22
1646,2013-05-30
1647,1999-06-05
1648,2007-04-06
1649,2011-08-18
1650,2021-12-08
1651,2015-03-30
1652,2011-04-10
1653,1996-07-26
1654,2015-09-03
1655,1999-02-14
1656,1996-01-04
1657,1997-01-11
1658,2002-10-05
1659,2013-02-07
1660,2000-02-15
1661,2011-07-31
1662,2022-09-29
1663,2003-05-13
1664,2018-03-12
1665,2022-06-17
1666,1996-02-21
1667,2021-10-07
1668,2004-06-01
1669,2016-12-22
1670,1996-10-23
1671,2020-11-11
1672,2006-06-07
1673,2009-01-26
1674,2003-08-06
1675,2001-08-13
1676,2023-07-31
1677,2013-11-27
1678,2024-09-30
1679,2000-04-21
1680,2012-09-23
1681,2012-02-27
1682,2003-01-18
1683,1999-02-15
1684,2015-11-23
1685,1999-04-09
1686,2016-03-14
1687,2001-01-28
1688,2018-07-03
1689,2022-09-28
1690,1999-02-24
1691,2019-02-24
1692,2014-12-20
1693,2019-11-01
1694,2010-07-07
1695,2017-02-21
1696,2010-10-12
1697,2004-08-16
1698,1997-12-12
1699,2024-06-26
1700,2020-03-25
1701,2001-06-09
1702,2013-07-04
1703,2010-08-11
1704,2020-02-15
1705,2010-05-21
1706,2001-02-18
1707,2006-01-04
1708,2010-03-03
1709,2024-06-30
1710,2016-06-16
1711,2006-11-19
1712,1996-05-07
1713,1999-12-25
1714,2021-01-02
1715,2001-09-17
1716,2012-12-03
1717,2023-08-12
1718,2024-05-18
1719,1999-03-21
1720,2015-01-23
1721,2020-02-20
1722,2009-06-15
1723,2000-10-27
1724,2003-03-06
1725,1997-09-11
1726,2012-10-06
1727,2011-09-17
1728,2020-08-19
1729,2020-07-03
1730,2001-12-11
1731,2001-11-18
1732,2000-05-21
1733,2009-10-19
1734,2020-11-22
1735,2018-02-14
1736,2007-12-28
1737,2015-07-03
1738,2022-12-01
1739,2016-11-07
1740,2001-05-23
1741,2021-01-04
1742,2013-03-02
1743,2000-03-12
1744,2001-06-13
1745,2002-11-22
1746,2016-09-09
1747,2004-06-30
1748,2010-07-16
1749,2011-03-23
1750,2015-06-22
1751,2003-01-13
1752,2008-08-24
1753,1996-08-21
1754,2012-09-14
1755,2023-08-20
1756,1998-07-09
1757,1996-07-29
1758,2001-07-12
1759,2003-06-17
1760,2002-04-11
1761,2002-07-10
1762,2023-12-20
1763,2013-11-10
1764,2013-12-12
1765,2010-12-07
1766,2023-09-05
1767,2019-11-15
1768,2006-06-12
1769,2006-07-25
1770,2022-12-30
1771,2014-02-06
1772,1997-10-12
1773,2024-05-09
1774,2015-03-20
1775,2007-10-13
1776,2023-09-06
1777,2012-04-24
1778,2003-01-25
1779,2011-07-06
1780,1997-11-14
1781,2022-08-17
1782,2005-03-25
1783,2012-02-29
1784,1998-09-09
1785,2015-10-23
1786,2016-06-30
1787,1997-03-14
1788,1999-01-29
1789,2001-05-06
1790,2024-04-03
1791,2018-10-19
1792,1997-11-03
1793,2014-09-17
1794,2012-01-05
1795,2008-05-09
1796,1998-06-09
1797,2014-04-17
1798,1999-06-10
1799,2013-10-29
1800,1999-11-06
1801,2023-09-19
1802,2010-08-30
1803,2018-12-26
1804,2022-07-17
1805,2008-06-21
1806,2002-12-15
1807,2021-07-08
1808,2004-02-14
1809,2018-12-26
1810,2011-03-21
1811,2011-04-13
1812,2018-07-27
1813,2007-07-03
1814,2016-05-24
1815,2021-04-22
1816,2010-11-03
1817,1999-07-05
1818,2011-01-08
1819,2011-09-22
1820,1996-07-10
1821,2020-03-20
1822,1998-06-26
1823,2014-05-14
1824,1996-05-13
1825,1999-04-29
1826,2010-04-30
1827,2007-03-09
1828,2015-12-06
1829,2003-07-22
1830,2000-09-15
1831,2016-12-17
1832,2013-08-19
1833,2023-06-20
1834,2023-05-25
1835,2013-09-17
1836,2021-11-21
1837,2009-10-14
1838,2004-07-05
1839,2023-12-26
1840,2009-07-09
1841,2024-11-23
1842,2001-05-30
1843,2013-11-08
1844,2001-01-13
1845,1998-11-27
1846,2009-08-03
1847,2024-12-12
1848,2004-07-04
1849,2014-03-28
1850,2012-06-21
1851,2011-09-29
1852,2005-07-09
1853,2010-09-20
1854,2018-10-18
1855,2015-09-01
1856,2012-09-09
1857,2004-05-31
1858,2008-11-20
1859,2008-12-14
1860,1996-09-25
1861,2010-05-10
1862,2009-05-21
1863,2016-02-15
1864,2001-06-07
1865,2018-02-21
1866,2005-11-10
1867,2011-01-04
1868,2010-09-10
1869,2001-05-22
1870,2022-10-17
1871,2001-11-14
1872,2023-07-15
1873,2017-03-21
1874,1995-12-24
1875,2022-03-31
1876,2005-04-09
1877,2013-09-26
1878,2016-05-22
1879,2024-12-15
1880,2010-09-10
1881,2008-01-07
1882,2008-09-18
1883,1998-05-29
1884,2010-06-01
1885,2008-09-20
1886,1996-12-31
1887,1995-12-13
1888,1996-10-25
1889,1996-07-31
1890,2005-09-24
1891,2003-02-03
1892,2020-03-02
1893,2021-11-22
1894,2012-06-21
1895,2002-09-29
1896,2022-11-20
1897,2018-10-21
1898,2016-04-13
1899,1996-12-04
1900,2003-06-14
1901,2012-12-05
1902,2011-03-19
1903,2011-08-31
1904,2001-08-20
1905,2011-09-06
1906,1996-01-17
1907,2005-11-20
1908,2012-07-29
1909,2021-08-27
1910,1996-02-24
1911,2022-03-24
1912,2018-12-21
1913,1997-05-23
1914,2005-06-14
1915,2020-08-09
1916,2014-09-20
1917,2003-02-13
1918,2021-02-05
1919,2003-04-17
1920,2016-06-15
1921,2008-09-02
1922,1995-10-29
1923,1998-02-27
1924,2020-08-15
1925,2001-08-22
1926,2017-09-16
1927,2018-12-18
1928,1997-08-06
1929,2001-06-05
1930,1996-12-05
1931,2013-10-03
1932,2005-06-22
1933,2022-02-10
1934,1998-12-23
1935,2015-08-22
1936,2006-06-07
1937,2024-01-21
1938,2020-03-13
1939,1997-09-28
1940,1998-04-01
1941,2008-01-14
1942,2007-12-18
1943,2000-08-07
1944,2019-02-04
1945,2003-04-09
1946,2019-11-11
1947,1998-04-03
1948,2009-02-02
1949,1997-03-10
1950,2024-08-21
1951,2023-09-05
1952,1996-07-26
1953,1996-11-01
1954,2015-01-20
1955,2017-06-15
1956,2010-10-08
1957,2015-03-09
1958,2020-12-14
1959,2004-09-13
1960,2000-12-14
1961,1998-01-01
1962,2003-11-08
1963,1995-12-17
1964,2022-03-31
1965,2010-09-19
1966,2003-07-15
1967,2000-01-29
1968,2022-07-08
1969,2017-01-29
1970,1995-12-02
1971,2007-07-28
1972,2024-03-14
1973,2016-04-11
1974,1999-09-02
1975,2002-05-06
1976,2007-03-01
1977,2015-07-15
1978,2007-10-11
1979,2016-06-27
1980,2022-08-24
1981,2024-02-20
1982,2022-03-25
1983,2015-03-09
1984,2003-12-19
1985,2012-05-21
1986,2022-04-06
1987,2000-06-08
1988,2008-03-20
1989,2011-03-30
1990,2003-04-20
1991,2011-01-27
1992,2021-07-12
1993,2003-09-11
1994,1998-05-07
1995,2000-09-05
1996,1998-07-12
1997,2016-08-11
1998,2004-01-21
1999,2002-04-28
2000,1997-08-29
2001,2018-03-08
2002,1999-10-08
2003,2016-11-14
2004,1997-08-04
2005,1996-06-09
2006,2004-09-16
2007,1997-03-31
2008,1999-03-30
2009,2023-04-07
2010,2000-06-05
2011,1998-12-25
2012,1997-11-22
2013,1998-10-15
2014,2019-03-14
2015,2017-02-13
2016,2005-11-30
2017,1997-06-23
2018,2023-12-22
2019,2015-03-10
2020,2001-03-27
2021,2003-04-18
2022,2003-12-07
2023,2012-08-07
2024,2000-09-08
2025,2018-07-10
2026,2023-12-16
2027,2007-11-02
2028,2019-10-28
2029,2011-11-17
2030,2012-08-12
2031,2023-07-01
2032,2009-12-22
2033,2023-05-27
2034,1998-03-09
2035,1996-02-26
2036,1996-07-21
2037,2018-03-28
2038,2013-04-04
2039,2004-10-25
2040,2018-10-11
2041,2013-06-03
2042,1998-02-03
2043,2023-02-08
2044,2017-11-12
2045,2020-04-08
2046,2001-10-22
2047,2007-01-15
2048,2018-02-28
2049,2002-12-13
2050,2001-12-09
2051,2002-01-17
2052,2006-06-05
2053,2019-06-03
2054,1998-06-11
2055,2023-02-14
2056,2018-03-07
2057,2023-10-10
2058,2012-12-27
2059,2011-07-25
2060,2007-11-15
2061,2021-06-12
2062,2001-06-16
2063,2003-03-21
2064,1995-12-25
2065,2015-11-17
2066,2000-05-14
2067,2000-01-02
2068,2007-08-31
2069,2006-05-28
2070,2009-07-19
2071,2021-04-24
2072,2017-02-20
2073,2007-11-06
2074,2023-06-08
2075,2014-11-14
2076,2004-04-26
2077,2017-12-16
2078,2021-08-30
2079,1998-04-27
2080,2021-12-16
2081,2015-09-18
2082,2004-08-12
2083,2008-09-22
2084,2015-08-20
2085,2012-07-06
2086,2002-03-12
2087,2021-02-19
2088,2007-09-21
2089,2023-02-28
2090,2015-04-20
2091,1996-09-24
2092,2010-02-20
2093,2017-04-02
2094,2017-06-04
2095,1996-02-26
2096,2019-06-09
2097,2017-04-18
2098,2007-10-03
2099,2013-01-10
2100,2015-12-24
2101,2023-09-23
2102,2000-01-18
2103,2024-06-01
2104,2013-09-23
2105,2005-04-02
2106,2023-05-17
2107,2009-07-05
2108,1999-01-07
2109,2002-04-05
2110,2018-06-11
2111,2015-09-02
2112,2024-02-21
2113,2018-03-23
2114,1999-04-24
2115,2016-10-01
2116,2006-12-27
2117,2020-02-06
2118,1998-08-15
2119,2008-06-27
2120,1998-11-08
2121,2011-08-10
2122,1996-02-26
2123,2017-11-03
2124,2024-07-31
2125,2023-07-31
2126,2004-09-02
2127,2017-11-24
2128,2016-11-18
2129,2000-10-01
2130,2007-01-24
2131,2009-09-04
2132,2016-07-26
2133,2019-05-06
2134,2023-06-25
2135,2008-12-19
2136,2008-09-24
2137,2006-12-26
2138,2011-03-16
2139,2017-02-19
2140,2022-07-02
2141,1996-02-26
2142,2002-07-02
2143,2004-01-11
2144,2006-04-04
2145,2011-09-15
2146,2014-03-07
2147,2012-12-08
2148,2005-08-07
2149,2001-04-18
2150,2010-01-25
2151,2016-08-30
2152,2002-08-17
2153,2017-06-23
2154,2015-04-09
2155,2000-02-05
2156,2001-07-18
2157,2003-03-30
2158,2011-03-18
2159,2012-07-28
2160,2021-05-04
2161,2024-07-30
2162,2003-01-17
2163,2008-11-04
2164,1998-02-02
2165,2002-08-07
2166,2012-06-18
2167,2002-05-23
2168,1996-03-29
2169,2009-07-11
2170,2009-02-23
2171,2007-12-17
2172,2016-03-29
2173,2000-12-13
2174,2000-03-24
2175,2004-07-08
2176,2020-09-25
2177,2022-09-01
2178,2019-12-03
2179,2011-09-22
2180,2022-09-08
2181,2023-01-17
2182,1999-03-23
2183,1998-07-12
2184,2018-04-05
2185,2009-05-19
2186,2011-12-13
2187,2011-05-17
2188,2000-08-23
2189,2011-07-19
2190,2022-01-16
2191,2014-06-02
2192,2019-08-28
2193,2015-12-14
2194,2018-10-24
2195,2006-06-10
2196,2006-10-06
2197,2014-08-13
2198,2010-05-13
2199,2000-12-06
2200,2005-03-11
2201,2009-10-30
2202,2016-12-17
2203,2002-02-15
2204,1998-10-10
2205,2009-12-07
2206,1998-08-14
2207,1999-12-09
2208,2004-06-24
2209,1996-01-09
2210,2018-12-29
2211,2021-07-17
2212,2015-02-15
2213,2015-01-06
2214,2013-03-23
2215,2000-05-27
2216,2019-03-12
2217,2015-11-20
2218,2018-09-18
2219,2001-11-01
2220,1997-06-18
2221,2002-06-30
2222,2002-02-12
2223,2003-01-15
2224,2016-12-23
2225,2005-09-15
2226,2016-10-26
2227,2019-08-20
2228,2023-05-31
2229,1999-01-21
2230,2000-06-18
2231,2002-04-01
2232,1998-02-21
2233,2017-11-14
2234,2023-01-22
2235,2020-10-10
2236,2004-11-11
2237,2011-01-13
2238,2018-01-03
2239,2021-07-26
2240,1999-06-16
2241,2002-09-25
2242,2003-09-14
2243,2007-06-06
2244,1999-05-08
2245,2001-11-10
2246,2008-11-12
2247,2003-05-03
2248,2017-03-29
2249,2012-12-04
2250,2000-07-19
2251,2001-06-17
2252,2006-05-16
2253,2012-03-02
2254,2016-08-29
2255,2020-12-25
2256,2008-07-09
2257,1999-01-06
2258,2004-11-06
2259,2014-02-02
2260,1998-01-15
2261,2019-06-12
2262,2013-03-22
2263,2022-10-06
2264,2008-06-16
2265,2019-10-14
2266,2001-01-28
2267,2002-05-25
2268,2012-05-13
2269,2014-03-23
2270,2018-05-17
2271,2019-12-07
2272,2007-02-17
2273,2015-04-10
2274,2000-08-19
2275,2002-09-07
2276,1998-10-28
2277,2020-12-06
2278,2023-03-19
2279,2008-05-22
2280,2009-08-22
2281,2016-04-04
2282,2003-11-01
2283,2017-05-28
2284,2013-03-23
2285,2019-11-13
2286,2015-06-15
2287,2019-11-26
2288,2007-07-24
2289,2002-08-30
2290,2005-07-15
2291,2020-12-15
2292,1997-07-01
2293,2008-09-21
2294,2004-07-29
2295,2004-05-25
2296,2016-04-03
2297,1996-11-20
2298,2019-06-30
2299,2019-01-13
2300,2005-04-16
2301,2007-12-21
2302,2018-02-10
2303,2001-08-19
2304,1996-07-10
2305,2017-04-06
2306,1999-07-23
2307,2008-04-07
2308,2017-11-13
2309,2010-04-13
2310,2023-01-06
2311,2007-11-03
2312,2019-12-17
2313,2018-10-31
2314,2000-01-10
2315,2004-04-26
2316,2020-10-03
2317,2016-09-11
2318,2001-09-14
2319,2004-05-18
2320,2013-04-17
2321,2013-03-06
2322,2015-01-20
2323,2007-11-10
2324,2021-06-12
2325,2008-10-17
2326,2002-07-18
2327,1997-02-23
2328,2020-06-27
2329,2023-04-23
2330,2013-10-19
2331,2020-10-20
2332,1997-06-27
2333,2013-06-14
2334,2010-02-27
2335,2016-04-02
2336,2021-06-25
2337,2001-04-18
2338,2022-03-02
2339,2024-08-14
2340,1997-10-05
2341,2023-06-06
2342,2000-03-17
2343,2020-06-21
2344,2014-12-11
2345,2003-08-13
2346,2019-11-27
2347,2014-05-10
2348,2007-11-05
2349,2006-08-01
2350,2016-11-14
2351,2005-11-26
2352,2016-12-03
2353,2004-10-24
2354,2007-12-02
2355,2022-04-12
2356,2018-12-24
2357,2019-04-05
2358,2016-10-31
2359,2018-10-01
2360,2020-12-16
2361,2000-02-02
2362,2016-10-13
2363,2012-11-08
2364,2007-03-13
2365,2015-02-17
2366,2023-11-04
2367,2009-05-02
2368,2016-11-12
2369,2004-11-18
2370,2001-10-28
2371,2020-02-04
2372,1996-09-25
2373,2016-11-11
2374,2002-07-11
2375,2020-12-21
2376,2009-09-26
2377,2001-08-23
2378,2021-08-23
2379,2009-01-23
2380,2002-03-03
2381,2018-03-20
2382,2014-06-08
2383,2003-08-23
2384,2013-07-19
2385,2019-01-04
2386,2006-10-26
2387,2007-01-27
2388,2018-02-07
2389,2018-05-10
2390,1998-03-16
2391,2006-04-09
2392,1997-06-17
2393,2020-08-11
2394,2013-07-01
2395,1997-06-17
2396,2003-08-26
2397,2023-05-31
2398,2019-01-08
2399,2016-09-06
2400,2021-02-12
2401,2011-12-13
2402,2018-04-27
2403,2012-04-15
2404,2020-09-20
2405,2017-01-08
2406,2008-03-12
2407,2002-02-21
2408,2018-07-17
2409,1998-11-30
2410,2011-08-21
2411,2017-02-11
2412,2013-02-05
2413,2008-07-10
2414,2011-10-16
2415,1997-05-08
2416,2024-10-23
2417,2005-07-26
2418,1999-09-12
2419,2000-01-23
2420,1998-03-05
2421,2002-03-02
2422,1999-09-05
2423,2018-10-30
2424,2001-03-09
2425,2010-06-29
2426,2015-11-14
2427,2007-12-24
2428,2021-06-18
2429,2000-06-03
2430,1997-01-10
2431,2024-01-23
2432,1996-11-09
2433,2000-11-06
2434,2008-06-03
2435,2000-04-19
2436,2018-09-16
2437,2005-02-23
2438,1998-09-05
2439,2017-12-13
2440,2006-03-24
2441,2010-08-09
2442,2015-12-13
2443,2015-06-07
2444,2019-10-31
2445,2004-10-22
2446,2014-11-15
2447,2011-12-03
2448,2001-01-12
2449,2021-04-28
2450,2010-04-18
2451,2024-01-30
2452,2016-09-21
2453,2006-03-23
2454,2023-05-31
2455,2015-03-13
2456,2007-08-20
2457,2022-10-26
2458,2009-03-29
2459,2015-12-31
2460,2006-05-08
2461,2000-03-30
2462,2015-02-08
2463,2010-05-27
2464,2014-07-16
2465,2001-08-23
2466,2001-06-07
2467,2019-06-10
2468,2001-03-13
2469,2001-07-01
2470,2001-09-25
2471,2023-08-25
2472,2017-05-15
2473,1997-04-04
2474,2010-10-13
2475,2010-06-18
2476,2014-11-22
2477,2005-01-26
2478,2010-01-27
2479,1996-07-10
2480,2001-04-20
2481,2013-05-07
2482,2022-12-30
2483,2013-05-14
2484,2011-01-20
2485,2013-11-08
2486,2006-08-16
2487,2013-10-15
2488,2007-11-16
2489,2013-12-15
2490,1996-10-29
2491,2021-04-23
2492,1998-12-04
2493,2000-02-27
2494,2004-10-07
2495,2023-06-25
2496,2011-04-14
2497,2022-12-10
2498,2016-12-20
2499,2013-07-14
2500,2000-06-07
2501,2022-07-15
2502,2008-09-14
2503,2014-12-30
2504,2002-01-11
2505,2023-03-22
2506,1998-01-31
2507,2017-11-18
2508,2007-07-03
2509,1998-08-12
2510,2010-10-09
2511,2002-08-10
2512,1999-04-01
2513,2011-09-27
2514,2006-11-15
2515,2007-05-05
2516,2020-02-21
2517,2015-05-01
2518,2016-02-03
2519,2015-02-28
2520,1998-05-22
2521,2001-01-11
2522,2002-12-04
2523,2023-12-20
2524,2002-09-03
2525,2023-09-20
2526,1997-04-15
2527,2012-10-05
2528,2023-11-22
2529,2011-08-27
2530,2011-03-09
2531,1998-11-22
2532,2004-02-08
2533,2005-02-20
2534,2006-02-20
2535,2008-10-22
2536,2008-01-18
2537,2017-09-05
2538,2021-07-07
2539,1997-07-03
2540,2023-11-14
2541,2020-10-25
2542,2005-10-10
2543,2018-11-30
2544,2007-01-12
2545,2024-09-06
2546,2012-06-29
2547,2015-10-18
2548,2005-06-22
2549,2004-04-23
2550,2006-10-04
2551,2023-10-27
2552,2009-05-23
2553,2011-05-27
2554,2024-01-27
2555,2016-06-07
2556,2020-02-08
2557,2006-04-29
2558,2006-06-27
2559,2017-03-20
2560,2001-02-07
2561,1999-10-09
2562,2016-07-29
2563,2001-10-01
2564,2019-05-18
2565,2012-11-16
2566,1999-11-08
2567,2014-07-20
2568,2017-09-10
2569,2023-01-09
2570,2017-12-13
2571,2021-10-22
2572,1999-09-30
2573,2022-11-05
2574,2020-08-22
2575,2005-01-20
2576,2002-03-20
2577,2015-08-07
2578,2003-09-16
2579,2002-03-17
2580,2005-06-04
2581,2005-12-10
2582,2024-12-25
2583,2000-02-09
2584,2020-02-18
2585,1997-10-09
2586,2018-01-26
2587,2022-08-05
2588,2004-05-11
2589,2021-10-05
2590,2013-08-01
2591,2019-12-09
2592,1996-11-05
2593,2019-07-01
2594,2001-07-21
2595,1998-05-14
2596,2005-03-06
2597,2016-12-03
2598,2017-07-06
2599,2011-11-13
2600,2016-12-25
2601,2001-05-01
2602,2012-08-11
2603,1999-12-01
2604,2024-04-21
2605,2012-06-22
2606,1996-11-07
2607,2001-11-05
2608,2008-12-01
2609,2004-12-19
2610,1998-10-05
2611,2013-12-21
2612,2007-09-25
2613,2022-09-09
2614,2010-04-02
2615,2013-08-01
2616,2002-03-19
2617,2000-05-18
2618,2000-07-10
2619,2017-07-04
2620,2017-06-15
2621,2014-01-11
2622,2006-04-09
2623,2018-05-31
2624,2002-03-16
2625,2019-12-17
2626,2008-02-24
2627,2010-09-26
2628,1999-08-08
2629,2015-11-01
2630,2010-06-30
2631,2024-05-27
2632,2014-05-25
2633,2023-07-06
2634,2011-08-03
2635,2018-08-13
2636,2011-02-14
2637,1998-10-05
2638,2002-04-08
2639,2006-02-27
2640,2013-08-11
2641,2022-08-13
2642,2007-06-12
2643,1996-10-24
2644,2003-05-13
2645,2021-04-08
2646,1997-11-10
2647,1997-07-15
2648,2019-04-25
2649,2014-02-26
2650,1998-08-22
2651,2023-12-22
2652,2019-07-02
2653,2006-01-09
2654,2014-12-20
2655,2000-01-23
2656,2003-07-29
2657,2017-10-20
2658,1998-06-14
2659,2009-02-16
2660,1996-09-06
2661,2011-07-27
2662,2018-03-11
2663,2002-10-07
2664,2007-10-10
2665,2004-01-19
2666,2018-07-23
2667,1998-12-18
2668,2009-03-26
2669,2000-05-08
2670,1996-11-19
2671,2016-05-17
2672,1998-05-02
2673,1996-04-09
2674,2016-04-25
2675,2016-12-13
2676,2011-03-23
2677,2010-02-07
2678,2022-12-16
2679,2006-08-13
2680,2012-09-21
2681,2013-09-05
2682,2011-11-24
2683,2005-05-14
2684,1996-07-05
2685,2009-09-18
2686,2000-03-29
2687,1999-10-18
2688,2018-10-30
2689,2007-05-01
2690,2020-05-14
2691,2010-01-13
2692,2022-01-07
2693,1996-03-04
2694,2004-09-02
2695,2022-02-01
2696,2018-02-07
2697,2005-08-25
2698,2019-02-10
2699,2007-10-24
2700,2010-10-23
2701,2000-09-16
2702,2010-09-22
2703,2010-06-23
2704,2017-09-27
2705,2022-12-12
2706,2019-10-19
2707,1998-06-23
2708,2003-01-22
2709,2004-01-06
2710,2011-11-01
2711,2012-11-18
2712,2009-06-10
2713,2004-11-27
2714,2004-05-08
2715,2009-03-10
2716,2010-08-03
2717,2000-09-08
2718,2000-10-04
2719,2024-01-02
2720,2023-07-03
2721,1997-10-25
2722,2003-10-30
2723,2024-03-24
2724,2015-06-20
2725,1997-05-12
2726,2023-01-24
2727,2010-03-23
2728,2002-07-05
2729,2021-08-29
2730,2003-01-19
2731,1998-02-11
2732,1997-03-16
2733,2023-08-28
2734,2001-04-27
2735,2012-09-11
2736,2014-10-18
2737,2002-01-01
2738,2018-05-15
2739,2020-03-11
2740,2021-05-22
2741,2012-06-01
2742,1999-12-31
2743,2016-05-30
2744,2006-09-14
2745,2010-05-05
2746,2002-05-20
2747,2019-08-12
2748,2008-12-24
2749,1998-07-11
2750,2014-05-29
2751,2022-03-10
2752,2012-02-24
2753,2010-07-17
2754,2023-11-20
2755,2015-06-15
2756,2002-10-17
2757,2023-06-30
2758,2017-05-13
2759,2024-07-29
2760,2006-10-19
2761,2013-07-16
2762,2011-04-28
2763,1996-04-25
2764,2006-08-24
2765,1999-03-16
2766,2015-03-25
2767,2000-07-28
2768,2010-12-30
2769,2016-10-21
2770,1999-08-24
2771,2010-05-06
2772,2005-07-28
2773,2014-01-16
2774,2001-04-10
2775,2019-10-05
2776,2017-06-09
2777,1999-10-28
2778,2005-04-27
2779,2007-02-05
2780,2019-12-04
2781,2017-01-09
2782,1999-05-10
2783,2000-01-28
2784,2023-01-20
2785,2009-11-19
2786,2010-11-23
2787,2014-04-22
2788,1996-04-09
2789,2010-11-09
2790,2018-09-08
2791,2017-10-21
2792,1999-01-16
2793,2016-11-13
2794,2017-05-20
2795,2020-03-27
2796,2007-10-05
2797,2002-12-06
2798,1999-05-10
2799,2008-06-22
2800,2012-06-06
2801,1996-03-31
2802,2024-01-07
2803,2016-10-19
2804,2000-12-30
2805,1999-07-03
2806,2018-06-27
2807,2023-03-19
2808,2006-08-03
2809,2000-04-17
2810,2010-03-20
2811,2024-08-22
2812,2001-05-07
2813,2011-09-15
2814,2014-06-10
2815,2009-08-23
2816,2019-09-24
2817,1997-08-30
2818,2010-04-25
2819,2007-10-21
2820,2002-01-31
2821,2020-07-23
2822,2002-11-02
2823,2022-07-28
2824,2021-05-05
2825,2016-05-26
2826,2010-02-23
2827,2022-04-22
2828,2006-04-03
2829,2011-11-11
2830,2016-07-15
2831,2000-03-01
2832,2017-10-25
2833,2023-04-09
2834,2002-01-09
2835,2006-09-28
2836,2008-06-18
2837,2021-11-04
2838,1997-09-04
2839,2008-01-09
2840,2004-08-16
2841,2005-08-19
2842,2022-03-29
2843,2008-01-20
2844,2013-01-30
2845,2020-10-03
2846,2015-04-19
2847,2014-08-29
2848,2013-01-10
2849,2007-12-27
2850,2006-08-03
2851,2013-10-05
2852,2010-01-02
2853,2010-09-20
2854,1998-06-17
2855,1997-03-15
2856,2008-11-10
2857,1998-05-12
2858,2015-08-30
2859,1998-10-05
2860,2010-02-01
2861,2007-11-04
2862,2014-11-30
2863,1996-09-16
2864,2003-08-07
2865,2011-03-05
2866,2008-02-12
2867,2002-09-09
2868,2024-04-29
2869,2004-08-29
2870,2023-06-28
2871,2008-03-10
2872,2002-07-06
2873,2021-11-06
2874,2023-08-15
2875,2016-04-12
2876,2017-11-06
2877,2001-05-27
2878,2012-06-23
2879,2015-03-19
2880,1996-07-31
2881,2000-08-03
2882,2012-01-12
2883,2016-08-12
2884,2024-07-01
2885,2008-07-11
2886,2016-08-17
2887,1998-05-14
2888,2016-04-13
2889,1997-12-06
2890,1997-06-27
2891,2021-04-01
2892,1995-11-22
2893,2010-11-24
2894,2008-11-17
2895,2019-12-23
2896,2003-09-07
2897,2018-02-15
2898,2013-07-13
2899,2017-04-04
2900,2013-10-06
2901,2003-06-01
2902,2012-01-23
2903,2000-03-27
2904,2008-10-14
2905,2016-01-12
2906,2015-01-27
2907,2004-04-01
2908,2006-03-30
2909,2006-08-05
2910,1997-01-09
2911,2018-01-01
2912,2019-10-22
2913,2006-07-18
2914,2015-12-19
2915,2023-11-06
2916,2003-07-25
2917,2006-01-06
2918,2022-03-05
2919,1999-03-14
2920,1996-03-17
2921,2023-12-06
2922,1996-04-23
2923,1998-02-16
2924,2004-08-17
2925,2013-01-28
2926,1999-11-28
2927,2015-07-29
2928,2019-12-13
2929,2018-11-02
2930,2008-05-13
2931,2008-11-26
2932,2007-09-01
2933,2022-12-05
2934,2010-07-10
2935,2022-06-07
2936,2006-12-22
2937,2014-10-14
2938,2021-10-20
2939,2014-09-19
2940,2020-04-26
2941,2014-12-23
2942,2001-06-02
2943,1996-05-08
2944,2004-12-26
2945,2013-10-24
2946,2001-05-26
2947,1997-08-24
2948,2023-03-16
2949,2006-04-10
2950,2019-12-12
2951,2011-04-27
2952,2020-08-24
2953,2014-05-04
2954,2016-10-21
2955,2004-06-29
2956,2012-09-04
2957,1998-01-20
2958,2020-12-14
2959,2015-11-19
2960,2012-06-07
2961,2015-10-06
2962,1999-04-02
2963,1997-09-19
2964,2020-04-19
2965,2019-01-07
2966,2005-02-05
2967,2009-05-18
2968,2017-08-26
2969,1997-07-19
2970,1999-04-03
2971,2018-03-02
2972,1996-10-08
2973,2008-12-04
2974,2010-09-06
2975,2018-08-29
2976,2012-03-14
2977,2007-07-14
2978,2006-04-06
2979,2007-10-24
2980,2002-02-12
2981,2003-08-31
2982,1999-09-16
2983,2000-10-21
2984,2012-05-27
2985,2003-10-13
2986,2019-03-16
2987,2015-06-15
2988,2016-04-09
2989,2000-09-06
2990,2007-04-29
2991,2005-05-20
2992,2011-04-17
2993,2024-10-31
2994,1997-05-23
2995,2001-10-12
2996,1998-04-02
2997,2010-07-26
2998,2014-03-07
2999,1998-06-21
3000,2005-01-18
3001,2007-08-25
3002,2007-07-12
3003,2013-10-07
3004,2009-04-05
3005,2018-08-08
3006,2006-08-03
3007,1996-10-16
3008,2006-11-01
3009,2022-02-11
3010,2009-05-07
3011,2011-02-19
3012,2018-10-24
3013,2001-05-31
3014,2017-12-24
3015,2008-06-25
3016,1996-01-03
3017,1996-10-28
3018,2006-11-26
3019,2022-11-25
3020,2017-02-26
3021,2007-10-19
3022,1996-10-23
3023,2014-09-29
3024,2003-04-11
3025,1996-01-21
3026,2016-11-02
3027,2000-09-19
3028,2018-01-29
3029,2003-04-19
3030,2014-02-15
3031,2018-03-09
3032,2016-05-09
3033,2024-05-27
3034,2006-12-22
3035,2012-01-16
3036,2020-03-03
3037,2017-05-20
3038,2019-10-29
3039,2017-06-13
3040,2001-12-07
3041,1995-11-19
3042,2015-09-25
3043,2008-04-28
3044,2019-02-18
3045,2024-12-07
3046,2010-06-12
3047,2020-06-11
3048,2019-11-04
3049,2006-08-07
3050,2011-10-12
3051,2021-03-09
3052,2024-03-20
3053,2021-08-21
3054,2022-02-07
3055,2013-12-18
3056,2022-09-25
3057,2024-04-29
3058,2014-08-02
3059,2021-07-28
3060,2014-07-05
3061,2013-03-21
3062,2006-07-19
3063,1997-06-22
3064,2004-07-15
3065,2009-08-19
3066,2005-07-20
3067,2000-08-18
3068,2017-11-28
3069,2007-05-16
3070,2005-02-08
3071,2021-11-29
3072,2007-12-17
3073,2022-09-09
3074,2001-03-11
3075,2009-07-26
3076,2007-11-15
3077,2018-01-16
3078,2010-12-04
3079,2015-10-29
3080,2022-11-04
3081,2021-11-29
3082,1997-02-22
3083,2019-06-15
3084,2015-12-01
3085,2015-08-07
3086,1999-11-07
3087,2022-01-04
3088,1998-08-05
3089,1999-06-29
3090,2001-05-14
3091,2008-10-02
3092,2024-01-13
3093,2005-10-06
3094,2012-06-12
3095,1997-05-28
3096,2012-11-01
3097,2001-05-31
3098,2018-01-27
3099,2002-04-10
3100,1998-03-31
3101,2001-01-04
3102,2003-11-24
3103,2010-03-05
3104,2001-02-01
3105,2008-01-25
3106,2013-04-30
3107,2013-06-29
3108,2012-05-28
3109,2018-10-30
3110,2017-04-05
3111,2023-01-02
3112,2015-08-30
3113,2009-08-16
3114,2005-10-07
3115,2006-03-12
3116,2002-09-25
3117,2003-11-17
3118,2009-01-18
3119,2012-04-22
3120,2020-05-20
3121,2012-10-20
3122,2019-07-18
3123,2019-01-17
3124,2013-04-12
3125,2003-07-15
3126,2021-12-21
3127,2017-02-06
3128,1998-05-19
3129,1998-04-17
3130,2013-03-30
3131,2024-11-05
3132,2012-04-17
3133,2010-09-06
3134,2000-05-10
3135,2020-09-04
3136,2007-12-09
3137,2008-09-23
3138,1996-06-22
3139,1997-03-06
3140,2014-01-01
3141,1997-11-01
3142,2022-10-20
3143,2006-05-18
3144,2004-05-29
3145,2008-03-02
3146,2012-09-05
3147,2008-09-26
3148,2020-07-23
3149,2002-02-19
3150,2005-01-06
3151,2013-12-10
3152,2010-10-19
3153,2013-01-18
3154,2005-07-14
3155,2022-07-02
3156,2017-02-18
3157,2016-02-05
3158,2003-12-10
3159,2007-03-13
3160,1997-02-18
3161,2017-08-10
3162,2024-02-17
3163,1998-09-26
3164,2011-08-14
3165,2022-05-21
3166,2015-12-22
3167,1998-07-30
3168,2019-04-04
3169,2004-06-16
3170,2013-06-18
3171,2003-02-03
3172,1997-03-14
3173,2022-11-26
3174,2003-04-03
3175,2007-03-11
3176,1995-10-30
3177,2010-08-31
3178,2003-05-07
3179,2012-02-02
3180,2004-07-16
3181,2016-09-03
3182,1996-07-07
3183,2009-01-07
3184,2004-03-01
3185,2024-11-01
3186,2020-02-16
3187,2006-06-04
3188,1997-05-31
3189,2024-07-21
3190,2022-07-18
3191,2001-03-09
3192,2019-11-27
3193,2008-03-19
3194,1997-05-16
3195,1998-08-08
3196,1998-06-10
3197,2011-03-29
3198,2021-04-09
3199,2009-05-31
3200,1996-03-14
3201,2004-11-08
3202,1995-11-21
3203,2004-12-15
3204,2005-11-20
3205,2013-04-20
3206,2011-04-16
3207,2012-01-06
3208,2022-10-12
3209,1996-09-14
3210,2014-07-02
3211,2007-03-03
3212,2012-04-11
3213,2021-10-10
3214,1999-10-11
3215,2018-05-25
3216,2012-06-16
3217,2024-08-27
3218,2002-12-03
3219,2006-04-13
3220,2015-10-29
3221,2019-01-20
3222,1998-11-21
3223,2024-06-19
3224,1996-02-22
3225,2020-04-08
3226,2020-02-25
3227,2013-07-21
3228,2013-01-02
3229,2004-04-05
3230,1999-09-22
3231,2019-03-30
3232,2022-05-02
3233,2000-09-16
3234,2004-07-23
3235,2020-12-27
3236,2007-09-10
3237,2007-08-10
3238,2024-05-23
3239,1997-08-30
3240,2007-03-03
3241,2002-05-11
3242,2013-03-27
3243,1997-07-06
3244,2024-10-27
3245,2005-04-09
3246,2020-01-16
3247,2013-01-28
3248,1997-07-20
3249,2013-03-22
3250,2007-06-14
3251,2023-11-30
3252,2021-08-18
3253,2011-10-22
3254,2020-05-31
3255,1995-12-25
3256,2023-12-13
3257,2022-08-19
3258,2013-12-10
3259,2005-07-21
3260,2021-06-11
3261,2009-11-27
3262,2020-08-04
3263,2010-05-12
3264,1996-06-28
3265,2006-04-20
3266,2011-10-25
3267,2021-04-08
3268,2002-07-29
3269,2001-02-03
3270,2009-09-03
3271,1996-08-17
3272,2019-02-02
3273,1998-07-13
3274,2006-03-18
3275,2023-11-03
3276,2011-04-29
3277,2000-11-16
3278,2008-11-06
3279,2018-06-10
3280,2004-09-23
3281,2006-08-08
3282,2016-05-28
3283,2010-07-27
3284,2000-07-19
3285,2021-07-12
3286,2009-11-16
3287,2003-04-18
3288,2003-11-26
3289,2019-09-18
3290,2021-06-07
3291,2012-03-27
3292,2014-08-31
3293,2005-10-06
3294,1998-01-29
3295,1998-01-30
3296,2011-05-31
3297,2019-01-20
3298,1996-05-22
3299,2010-01-08
3300,2012-09-10
3301,1996-05-12
3302,2013-07-10
3303,2001-06-07
3304,2016-04-15
3305,2012-03-25
3306,2002-06-03
3307,2023-02-06
3308,2020-04-11
3309,2003-11-03
3310,2006-02-18
3311,2008-06-06
3312,1999-09-09
3313,2020-06-11
3314,2014-03-14
3315,1997-01-29
3316,2004-05-17
3317,1998-12-23
3318,1995-12-15
3319,2006-02-03
3320,2007-03-27
3321,2015-06-10
3322,2017-11-13
3323,2006-04-07
3324,2002-02-24
3325,2024-10-12
3326,2009-07-03
3327,2004-05-27
3328,1997-01-04
3329,2001-07-16
3330,2002-02-28
3331,2003-01-26
3332,1999-11-19
3333,2020-09-09
3334,1998-08-26
3335,2004-07-21
3336,2021-08-13
3337,2022-08-28
3338,2023-03-25
3339,2012-06-27
3340,2003-11-16
3341,2005-10-25
3342,2016-08-25
3343,2013-07-14
3344,2015-07-26
3345,1998-06-01
3346,2018-06-08
3347,2024-02-21
3348,2012-01-21
3349,2009-05-30
3350,2016-10-01
3351,2022-04-02
3352,1996-05-04
3353,2014-08-30
3354,2003-10-15
3355,2018-10-09
3356,2011-10-13
3357,2003-11-28
3358,2024-06-21
3359,2005-09-29
3360,2006-11-22
3361,2012-12-29
3362,1997-11-15
3363,1998-01-18
3364,2013-08-04
3365,2017-06-26
3366,2005-09-20
3367,2014-10-25
3368,2017-09-22
3369,1997-01-25
3370,2004-03-24
3371,1998-08-18
3372,2000-01-31
3373,2014-03-19
3374,2019-07-21
3375,2017-06-26
3376,2019-10-27
3377,2023-09-29
3378,2019-08-02
3379,2020-11-14
3380,2004-10-31
3381,2017-05-21
3382,2010-04-28
3383,1999-06-10
3384,2022-12-06
3385,2003-02-23
3386,2000-07-15
3387,2000-06-07
3388,2001-05-24
3389,2004-07-09
3390,1997-05-20
3391,1996-12-21
3392,2001-03-25
3393,2021-12-16
3394,1997-05-11
3395,2013-10-08
3396,2002-03-13
3397,2010-01-06
3398,2020-05-03
3399,2006-04-20
3400,2023-01-10
3401,2002-03-13
3402,2003-01-05
3403,2018-01-10
3404,2017-08-02
3405,1996-04-25
3406,2015-03-26
3407,2019-01-19
3408,2018-08-21
3409,1995-12-10
3410,2003-03-21
3411,2001-06-04
3412,2021-08-24
3413,2003-02-03
3414,2006-01-30
3415,2016-10-17
3416,2006-04-09
3417,2002-09-14
3418,2007-02-17
3419,1998-10-19
3420,1997-01-14
3421,2004-10-10
3422,2017-09-24
3423,2007-03-29
3424,2002-11-04
3425,2000-09-02
3426,2021-09-09
3427,2008-02-27
3428,2024-11-21
3429,2013-10-19
3430,1998-03-15
3431,2010-09-18
3432,2011-06-29
3433,2012-03-21
3434,1997-06-18
3435,2006-03-26
3436,2009-05-06
3437,2015-03-18
3438,2010-07-24
3439,2002-08-18
3440,2011-01-15
3441,2023-02-26
3442,2012-11-28
3443,2021-08-20
3444,2015-03-20
3445,1996-01-02
3446,2023-12-13
3447,2020-04-24
3448,2010-11-03
3449,1998-02-08
3450,2014-09-24
3451,2007-12-24
3452,1997-08-14
3453,2010-01-16
3454,2011-10-09
3455,2004-08-24
3456,2017-05-18
3457,2002-11-13
3458,2007-10-21
3459,2002-02-06
3460,2005-01-06
3461,2000-12-10
3462,2004-10-10
3463,2012-06-16
3464,2005-07-10
3465,2011-04-26
3466,2023-05-11
3467,2006-07-11
3468,2003-08-29
3469,2003-08-18
3470,2023-03-28
3471,2011-10-01
3472,2018-01-29
3473,2011-09-11
3474,2022-12-10
3475,2014-04-04
3476,2023-12-29
3477,2024-04-14
3478,2007-09-04
3479,2017-10-23
3480,2001-11-22
3481,2004-04-27
3482,2001-04-13
3483,2020-12-14
3484,2001-08-16
3485,2018-12-24
3486,2006-10-05
3487,2013-12-10
3488,2008-06-25
3489,2015-10-17
3490,2007-11-04
3491,2011-05-30
3492,2018-11-18
3493,2009-01-31
3494,2007-07-10
3495,2001-02-07
3496,1996-09-24
3497,2016-06-20
3498,2015-07-29
3499,1995-12-22
3500,1997-07-19
3501,2010-12-27
3502,2002-04-19
3503,1999-08-29
3504,2008-03-26
3505,2022-01-09
3506,2023-07-08
3507,1996-03-27
3508,2015-01-11
3509,1997-10-10
3510,1999-08-02
3511,2011-01-09
3512,2011-02-17
3513,2011-12-01
3514,2020-08-10
3515,1998-10-04
3516,2006-02-15
3517,2021-05-15
3518,2019-09-11
3519,2010-08-09
3520,2024-06-21
3521,2022-04-26
3522,2010-12-28
3523,2015-11-04
3524,2002-02-24
3525,2005-06-06
3526,2001-03-22
3527,2023-02-25
3528,2024-02-21
3529,2018-11-25
3530,2006-12-11
3531,1996-11-17
3532,1995-10-30
3533,1998-03-08
3534,2001-02-21
3535,2010-11-18
3536,2019-03-29
3537,2015-01-17
3538,2006-03-04
3539,2013-08-10
3540,2016-04-16
3541,2021-09-21
3542,2002-05-29
3543,2023-11-13
3544,1997-12-29
3545,2006-02-27
3546,2024-03-11
3547,2019-12-02
3548,2000-09-03
3549,1997-06-03
3550,1998-09-05
3551,2021-06-09
3552,2012-11-14
3553,2018-10-15
3554,1998-03-20
3555,2018-08-07
3556,2021-02-05
3557,2012-12-05
3558,1996-05-13
3559,2003-03-19
3560,2001-08-30
3561,2015-02-04
3562,2011-03-08
3563,2008-04-05
3564,2013-01-20
3565,2013-09-04
3566,1999-10-03
3567,2008-06-14
3568,2009-10-30
3569,2017-11-15
3570,2024-04-11
3571,2000-08-27
3572,1997-06-03
3573,2020-09-10
3574,2010-07-29
3575,1999-06-25
3576,1997-11-28
3577,2006-07-21
3578,2005-10-06
3579,2001-06-14
3580,2014-01-09
3581,2017-10-07
3582,2015-12-31
3583,2003-02-16
3584,2000-07-13
3585,2021-12-10
3586,2016-03-06
3587,2021-08-15
3588,2015-07-02
3589,2008-08-11
3590,1999-12-07
3591,2008-07-10
3592,1999-01-21
3593,2010-02-21
3594,2024-02-03
3595,2005-02-26
3596,2011-03-23
3597,2021-05-03
3598,2003-11-07
3599,1999-02-07
3600,2005-03-29
3601,2010-02-06
3602,2021-06-15
3603,2004-07-16
3604,2011-03-03
3605,2015-07-27
3606,2015-11-15
3607,2013-11-05
3608,2000-08-19
3609,2018-09-11
3610,2009-03-25
3611,2020-09-16
3612,2004-05-04
3613,1996-05-11
3614,2016-02-18
3615,2011-05-23
3616,2024-10-31
3617,1999-03-14
3618,1996-01-18
3619,2006-03-03
3620,2023-12-05
3621,2006-10-13
3622,2017-12-05
3623,2009-10-24
3624,2018-04-06
3625,2002-11-16
3626,2024-07-01
3627,2023-02-21
3628,2010-04-12
3629,2024-01-25
3630,2005-03-01
3631,2004-01-31
3632,1997-05-31
3633,2019-06-18
3634,2022-05-03
3635,2001-06-20
3636,1996-11-27
3637,1995-11-18
3638,2005-12-30
3639,2008-05-09
3640,2018-03-25
3641,2009-12-16
3642,1995-12-28
3643,2010-11-19
3644,1996-04-21
3645,2002-07-16
3646,2006-10-12
3647,1998-08-12
3648,2005-09-04
3649,2024-01-29
3650,2011-01-01
3651,2011-03-16
3652,2011-07-31
3653,2019-08-11
3654,2006-06-12
3655,2012-08-05
3656,2000-07-30
3657,2013-11-24
3658,2024-02-23
3659,2021-02-05
3660,2003-03-10
3661,2023-07-13
3662,2010-11-20
3663,2016-07-25
3664,2002-06-21
3665,2007-06-11
3666,2007-01-27
3667,2011-06-12
3668,2016-10-17
3669,2012-07-03
3670,2005-06-17
3671,2015-07-20
3672,2000-08-08
3673,2002-03-23
3674,2013-08-18
3675,1995-10-24
3676,2014-09-19
3677,1995-11-04
3678,2019-11-05
3679,1998-12-09
3680,2012-06-10
3681,2019-08-07
3682,2001-04-07
3683,2012-05-28
3684,2020-09-30
3685,1996-06-16
3686,2024-07-21
3687,2004-08-27
3688,2008-08-24
3689,2017-02-08
3690,2016-05-17
3691,2010-08-25
3692,2014-03-19
3693,2008-09-13
3694,2011-06-04
3695,2012-08-13
3696,2009-01-22
3697,2021-08-02
3698,2010-02-28
3699,2020-02-23
3700,2011-10-21
3701,2012-03-25
3702,2007-11-19
3703,2013-12-28
3704,2002-03-13
3705,1996-03-14
3706,2022-02-06
3707,2005-10-28
3708,2017-03-11
3709,2012-12-11
3710,2024-02-17
3711,2008-07-04
3712,2005-02-04
3713,2021-03-22
3714,2021-02-09
3715,2021-05-15
3716,2015-06-24
3717,1997-07-03
3718,1999-07-25
3719,2022-12-05
3720,2000-10-10
3721,2019-11-18
3722,2023-09-22
3723,2022-11-24
3724,2004-09-03
3725,2023-02-05
3726,2020-10-31
3727,2008-04-07
3728,2023-02-09
3729,2017-04-22
3730,2014-11-28
3731,2020-04-29
3732,2010-04-18
3733,2023-03-14
3734,1997-04-18
3735,2015-10-26
3736,2010-06-23
3737,1997-08-22
3738,1999-12-20
3739,2018-07-20
3740,2006-04-30
3741,2024-05-09
3742,2018-05-11
3743,2004-10-08
3744,2021-05-30
3745,2003-01-28
3746,2012-05-25
3747,2000-05-04
3748,2009-03-23
3749,2018-05-16
3750,2024-03-08
3751,2015-11-15
3752,2014-04-20
3753,2007-05-27
3754,2015-01-05
3755,2004-03-29
3756,2020-11-21
3757,2003-05-18
3758,2009-09-24
3759,2011-05-31
3760,2020-12-18
3761,2024-11-15
3762,2006-05-21
3763,2024-01-12
3764,2023-01-10
3765,2021-01-20
3766,2013-10-06
3767,2000-01-23
3768,2004-07-09
3769,2005-04-27
3770,2012-01-31
3771,2011-11-04
3772,2018-09-01
3773,2024-07-25
3774,2003-09-17
3775,2016-05-24
3776,2000-04-07
3777,1999-10-03
3778,2011-04-26
3779,2014-09-25
3780,2004-07-23
3781,2001-03-30
3782,2003-05-02
3783,2010-03-07
3784,2003-03-18
3785,2016-01-20
3786,2019-09-10
3787,2000-02-05
3788,2001-10-28
3789,2014-06-16
3790,2000-04-28
3791,2007-07-10
3792,2000-07-11
3793,2021-06-19
3794,2005-09-02
3795,2013-03-04
3796,2018-09-13
3797,2002-01-22
3798,2003-06-08
3799,2024-04-22
3800,2015-04-19
3801,2021-12-30
3802,1999-08-18
3803,2019-07-04
3804,2019-10-10
3805,2018-07-18
3806,2000-07-27
3807,2016-09-08
3808,2012-08-06
3809,1998-09-20
3810,2013-01-20
3811,2008-07-25
3812,2017-06-02
3813,1997-07-08
3814,2013-10-26
3815,2024-05-19
3816,2013-01-14
3817,2018-05-26
3818,2015-07-06
3819,2015-09-18
3820,2013-12-25
3821,1998-12-06
3822,1996-02-18
3823,1997-05-11
3824,2021-04-09
3825,2004-07-23
3826,2000-02-08
3827,2017-09-02
3828,2006-02-15
3829,2001-05-22
3830,2014-10-23
3831,2009-12-28
3832,2017-03-30
3833,2019-01-01
3834,1997-07-09
3835,2009-12-30
3836,2011-09-30
3837,2013-06-01
3838,2011-03-07
3839,2021-06-29
3840,2003-05-29
3841,2001-05-02
3842,2020-12-09
3843,2009-06-14
3844,2015-03-30
3845,2005-12-20
3846,2021-03-06
3847,2021-06-20
3848,1996-03-23
3849,2024-11-07
3850,2024-03-02
3851,2022-08-09
3852,2004-08-04
3853,2020-10-25
3854,2017-10-15
3855,2023-03-20
3856,2011-12-20
3857,2012-03-28
3858,2008-08-21
3859,2006-12-15
3860,2017-10-19
3861,1996-02-16
3862,2008-12-18
3863,2016-06-10
3864,2012-03-19
3865,2003-01-23
3866,2016-10-24
3867,2011-05-12
3868,2012-05-11
3869,1999-11-21
3870,2011-09-14
3871,2007-12-25
3872,2020-07-22
3873,2020-01-30
3874,2004-02-15
3875,1998-03-27
3876,2015-03-09
3877,1997-03-02
3878,2024-02-04
3879,2002-12-21
3880,2015-10-03
3881,2018-11-05
3882,2008-11-14
3883,2006-05-18
3884,2023-09-11
3885,2014-08-21
3886,2021-07-11
3887,2011-09-15
3888,2005-04-01
3889,2012-04-26
3890,1996-05-06
3891,2001-08-22
3892,2023-06-27
3893,1996-05-14
3894,2021-12-18
3895,2012-08-26
3896,2004-03-14
3897,2021-04-16
3898,2007-01-08
3899,2000-06-18
3900,1996-08-29
3901,2008-01-04
3902,2014-02-11
3903,2002-12-10
3904,2012-07-08
3905,2002-03-21
3906,2023-01-11
3907,2021-04-02
3908,2011-02-27
3909,2023-07-05
3910,2021-12-09
3911,2007-06-19
3912,2018-08-08
3913,1995-12-21
3914,2005-09-09
3915,2019-09-10
3916,2009-06-04
3917,2011-01-31
3918,2023-08-27
3919,2006-11-05
3920,2008-07-16
3921,2023-09-21
3922,2023-02-18
3923,2004-05-09
3924,2014-07-31
3925,2001-09-24
3926,2021-06-20
3927,2014-02-21
3928,1996-01-28
3929,1998-12-27
3930,2018-03-07
3931,2009-08-19
3932,2008-04-28
3933,2011-07-22
3934,1999-11-12
3935,1996-02-25
3936,2009-10-24
3937,2021-08-23
3938,2019-07-14
3939,1996-10-08
3940,2001-07-31
3941,2023-01-05
3942,2023-01-28
3943,2004-10-17
3944,2024-07-17
3945,2009-05-08
3946,2000-02-17
3947,2017-02-22
3948,2015-11-10
3949,2020-07-24
3950,2015-12-29
3951,1998-03-21
3952,1999-05-18
3953,2012-01-17
3954,1996-04-13
3955,2023-11-24
3956,2021-04-19
3957,2024-09-28
3958,1996-01-09
3959,2010-01-17
3960,2018-08-23
3961,2003-09-23
3962,2002-06-15
3963,2001-12-27
3964,1998-02-23
3965,2001-12-26
3966,1998-10-24
3967,2013-01-14
3968,2009-06-02
3969,2013-07-04
3970,2015-12-08
3971,2001-02-02
3972,1998-08-04
3973,2023-05-11
3974,2012-01-27
3975,2000-06-07
3976,2000-06-10
3977,2002-07-11
3978,2007-06-20
3979,2009-11-27
3980,2000-01-05
3981,2015-07-26
3982,1999-10-09
3983,2016-10-10
3984,1998-05-21
3985,2024-08-25
3986,2000-08-17
3987,2003-12-21
3988,2008-02-27
3989,2008-06-02
3990,2020-08-19
3991,2024-10-14
3992,2020-06-24
3993,2014-04-01
3994,1996-12-05
3995,1999-05-30
3996,2020-11-22
3997,2017-11-09
3998,2010-12-24
3999,2011-08-09
4000,2005-06-28
4001,2024-12-17
4002,2011-05-24
4003,2024-03-26
4004,2008-09-18
4005,2009-04-15
4006,2015-06-01
4007,2001-03-04
4008,2000-05-02
4009,2018-04-15
4010,1997-04-10
4011,2019-04-21
4012,2018-11-28
4013,2017-10-24
4014,2007-09-19
4015,2011-07-19
4016,2004-01-15
4017,1996-03-24
4018,1997-03-23
4019,2004-11-08
4020,2009-02-06
4021,2001-09-28
4022,2020-05-25
4023,2020-05-09
4024,2022-08-09
4025,2013-08-10
4026,1998-07-05
4027,1999-04-26
4028,2018-05-19
4029,2014-08-01
4030,2024-04-04
4031,2000-08-24
4032,2004-08-23
4033,2019-07-19
4034,2018-07-07
4035,1997-03-07
4036,2017-04-29
4037,2004-09-19
4038,2000-07-02
4039,2021-03-15
4040,2014-05-17
4041,2017-12-29
4042,2001-06-19
4043,2001-11-10
4044,2010-03-11
4045,2022-05-26
4046,2013-07-08
4047,2005-10-20
4048,1996-03-11
4049,2018-12-01
4050,2014-06-27
4051,2022-12-20
4052,2008-08-05
4053,1998-04-07
4054,2019-02-11
4055,2012-08-12
4056,1997-12-22
4057,2007-02-22
4058,2016-04-13
4059,2015-03-25
4060,2012-06-30
4061,1997-02-10
4062,2022-09-26
4063,2007-07-20
4064,2018-08-26
4065,2006-09-24
4066,1998-03-22
4067,2015-05-21
4068,2021-09-12
4069,1998-01-15
4070,2011-11-20
4071,2004-04-20
4072,2016-02-11
4073,2007-09-05
4074,2006-04-05
4075,2023-10-03
4076,2002-07-06
4077,1995-12-17
4078,2010-04-22
4079,2000-02-05
4080,2015-12-24
4081,2004-08-19
4082,2022-01-29
4083,2014-08-18
4084,2010-06-19
4085,2023-11-21
4086,2017-03-14
4087,2008-11-14
4088,2018-02-22
4089,2009-07-21
4090,2022-05-17
4091,1997-04-01
4092,2009-01-19
4093,2016-04-18
4094,2014-01-07
4095,2024-03-24
4096,2006-03-03
4097,2008-03-05
4098,2013-12-02
4099,2020-04-19
4100,2003-10-15
4101,1998-03-09
4102,2000-12-11
4103,2018-01-31
4104,2016-01-24
4105,2005-07-13
4106,2010-04-03
4107,2023-12-20
4108,2005-01-04
4109,2008-11-20
4110,2021-11-04
4111,2000-01-03
4112,2019-02-04
4113,2019-08-08
4114,2022-12-05
4115,1996-02-23
4116,2010-07-07
4117,2003-02-18
4118,2007-06-23
4119,1995-12-17
4120,2022-12-15
4121,2004-06-16
4122,2019-05-16
4123,2024-11-02
4124,2009-08-07
4125,2015-05-03
4126,1998-10-07
4127,2015-12-22
4128,1996-07-28
4129,1997-11-24
4130,1996-01-23
4131,2020-12-26
4132,2012-07-26
4133,1999-09-14
4134,1997-10-11
4135,2024-05-30
4136,2007-09-17
4137,2003-01-09
4138,1997-08-18
4139,2002-09-02
4140,2008-11-07
4141,2006-09-18
4142,2005-06-17
4143,2020-11-05
4144,2007-02-06
4145,2001-09-27
4146,2000-01-05
4147,2005-03-20
4148,2003-11-09
4149,1999-06-19
4150,2005-01-05
4151,2024-02-09
4152,2005-01-18
4153,2000-04-01
4154,2006-11-08
4155,2015-09-07
4156,2022-05-19
4157,2011-06-20
4158,2000-12-07
4159,2004-05-21
4160,1996-06-16
4161,2016-10-01
4162,2018-05-27
4163,2008-04-01
4164,2002-11-10
4165,2021-01-11
4166,1996-08-06
4167,2001-10-03
4168,2007-07-23
4169,1997-08-27
4170,1998-07-04
4171,2017-04-18
4172,2015-02-14
4173,2024-05-05
4174,2008-04-25
4175,2004-08-24
4176,1996-05-08
4177,2019-12-12
4178,2006-03-19
4179,2020-06-17
4180,2003-01-11
4181,2023-05-22
4182,2024-05-05
4183,2013-11-16
4184,1999-02-01
4185,2010-04-02
4186,2008-01-28
4187,1997-11-10
4188,2008-08-31
4189,2015-01-21
4190,2006-11-07
4191,2008-07-27
4192,2016-10-05
4193,2004-06-24
4194,2018-11-06
4195,1996-12-26
4196,2020-10-28
4197,2005-12-04
4198,2014-12-08
4199,2016-09-12
4200,2015-01-10
4201,2017-05-15
4202,2001-01-05
4203,2011-06-21
4204,2009-03-23
4205,1999-03-09
4206,2016-02-12
4207,2009-02-10
4208,2021-02-13
4209,1999-01-04
4210,2018-08-20
4211,2023-08-01
4212,2006-12-24
4213,2024-03-19
4214,2011-03-13
4215,1999-12-13
4216,2017-10-12
4217,2001-08-21
4218,2005-04-23
4219,2010-03-26
4220,2015-05-03
4221,2020-02-07
4222,2021-08-02
4223,2012-04-27
4224,2016-03-28
4225,2005-06-16
4226,2021-04-24
4227,2023-01-05
4228,2000-11-24
4229,2012-06-17
4230,1997-02-17
4231,2008-11-20
4232,2004-11-24
4233,1998-03-29
4234,2008-04-23
4235,2014-10-28
4236,1996-06-23
4237,2017-09-18
4238,2006-01-01
4239,2007-02-18
4240,2014-04-05
4241,2001-07-20
4242,2001-08-19
4243,2024-06-02
4244,1998-04-07
4245,2012-10-21
4246,1996-01-06
4247,2021-01-26
4248,2007-10-22
4249,2011-06-04
4250,2004-10-15
4251,2017-09-12
4252,2019-02-10
4253,2001-07-03
4254,2010-01-19
4255,2021-05-04
4256,2019-02-28
4257,2024-12-26
4258,1998-09-11
4259,2017-01-07
4260,1999-10-27
4261,2012-03-21
4262,2006-04-24
4263,2015-06-13
4264,2022-07-02
4265,2002-10-03
4266,2023-09-20
4267,2009-07-05
4268,1996-04-04
4269,1999-09-21
4270,1997-06-30
4271,2001-05-30
4272,1998-04-19
4273,2002-10-25
4274,2017-08-14
4275,2007-03-20
4276,2000-12-14
4277,1998-02-06
4278,2006-01-11
4279,2018-09-21
4280,2015-09-12
4281,2006-03-05
4282,2004-03-28
4283,2001-09-30
4284,2000-11-06
4285,2020-05-11
4286,2008-03-06
4287,2006-05-20
4288,2019-01-28
4289,2019-12-30
4290,2008-11-06
4291,2019-01-06
4292,2019-11-08
4293,2000-03-15
4294,2023-12-18
4295,2007-09-18
4296,2020-07-09
4297,2024-08-30
4298,2001-07-22
4299,2008-07-18
4300,2024-07-08
4301,2001-05-17
4302,2010-07-13
4303,2003-09-23
4304,2011-03-24
4305,2024-10-06
4306,1995-12-18
4307,2016-02-16
4308,1999-03-25
4309,2022-03-21
4310,2003-05-04
4311,2013-05-12
4312,2021-08-21
4313,2005-11-26
4314,2010-05-26
4315,2012-09-21
4316,2022-01-25
4317,2012-06-10
4318,1996-04-11
4319,2024-09-14
4320,2001-11-21
4321,2004-11-29
4322,2014-06-27
4323,2024-12-13
4324,2005-03-24
4325,2002-12-14
4326,2022-05-23
4327,2004-10-03
4328,2016-04-22
4329,2001-07-26
4330,2021-09-24
4331,1997-03-30
4332,2005-03-26
4333,1996-03-23
4334,2002-01-03
4335,2004-06-21
4336,1998-06-21
4337,2010-11-20
4338,2013-05-08
4339,2011-04-30
4340,2020-06-05
4341,1996-02-26
4342,1995-12-05
4343,2009-07-07
4344,2005-09-18
4345,2020-06-01
4346,2000-04-11
4347,2021-01-12
4348,2001-11-21
4349,2020-07-20
4350,2023-01-30
4351,2016-06-07
4352,2001-03-28
4353,2007-02-23
4354,2005-05-03
4355,2011-12-24
4356,2006-04-30
4357,2016-12-20
4358,2009-09-16
4359,2004-09-01
4360,2003-07-09
4361,2010-03-09
4362,2001-08-22
4363,2012-01-05
4364,2007-07-23
4365,2004-07-02
4366,2010-07-28
4367,2004-12-18
4368,2009-02-12
4369,2015-01-30
4370,1996-06-03
4371,2024-04-07
4372,2008-06-07
4373,2004-03-02
4374,2001-09-20
4375,2022-10-21
4376,2012-10-13
4377,1997-09-24
4378,2010-11-16
4379,2021-04-28
4380,1996-08-08
4381,2023-05-17
4382,2019-06-08
4383,2010-10-25
4384,2011-12-21
4385,2002-09-19
4386,2012-12-27
4387,2001-05-26
4388,2003-08-14
4389,1996-12-11
4390,2019-02-26
4391,2024-02-04
4392,2008-05-26
4393,1996-11-11
4394,2013-08-31
4395,2011-02-13
4396,2016-08-27
4397,2002-02-23
4398,1998-03-24
4399,2010-10-29
4400,2021-05-25
4401,2000-09-16
4402,2017-01-31
4403,2002-10-18
4404,2018-03-19
4405,2005-08-03
4406,2008-06-25
4407,2009-01-21
4408,2008-10-27
4409,1998-05-13
4410,1998-12-24
4411,2024-12-05
4412,2008-08-11
4413,2010-03-30
4414,2016-10-05
4415,1999-10-15
4416,2005-05-25
4417,2004-02-17
4418,2022-09-02
4419,2012-09-22
4420,2021-01-14
4421,2016-05-24
4422,2015-01-22
4423,2021-06-26
4424,2004-10-10
4425,2001-09-04
4426,1997-08-26
4427,2012-12-19
4428,2002-07-29
4429,2019-05-11
4430,2022-05-08
4431,2015-08-26
4432,2005-07-31
4433,2004-04-22
4434,2012-03-14
4435,2011-02-24
4436,2004-08-30
4437,2021-10-16
4438,2008-09-21
4439,2017-10-27
4440,2005-04-13
4441,2011-06-16
4442,2001-10-17
4443,2006-08-13
4444,2018-04-28
4445,1996-01-16
4446,2024-12-17
4447,2004-03-27
4448,2012-12-05
4449,2002-03-29
4450,1999-10-04
4451,2024-05-30
4452,2017-03-29
4453,1996-06-14
4454,2007-07-05
4455,2015-07-03
4456,2000-10-08
4457,2007-07-23
4458,2010-06-06
4459,2024-11-20
4460,2017-07-13
4461,2000-04-06
4462,1997-06-28
4463,2018-12-16
4464,2010-10-01
4465,2023-02-12
4466,2006-12-02
4467,2004-05-26
4468,2018-12-29
4469,2000-04-19
4470,2009-10-06
4471,1997-11-21
4472,2017-05-01
4473,1998-09-13
4474,2009-04-02
4475,2015-01-20
4476,2008-04-15
4477,2008-07-10
4478,2001-06-05
4479,2018-07-23
4480,1998-08-11
4481,2005-03-21
4482,2006-08-30
4483,2016-02-17
4484,2017-10-10
4485,2013-09-19
4486,1999-09-24
4487,2019-07-24
4488,2018-10-07
4489,2008-10-13
4490,2023-10-24
4491,2003-06-15
4492,2002-01-10
4493,2008-02-16
4494,1999-09-02
4495,1998-12-20
4496,1999-03-13
4497,2015-04-03
4498,2000-08-31
4499,2000-11-16
4500,2012-09-28
4501,1998-01-11
4502,2006-06-10
4503,2010-04-11
4504,2020-02-24
4505,2017-09-26
4506,2010-09-23
4507,2019-03-23
4508,2020-06-06
4509,2009-12-06
4510,2013-03-29
4511,1996-06-10
4512,2024-02-16
4513,1996-05-05
4514,2020-03-22
4515,1998-11-29
4516,2024-07-15
4517,2023-09-03
4518,1996-06-29
4519,2024-03-07
4520,2012-03-24
4521,1997-09-14
4522,2009-03-01
4523,2024-01-01
4524,2021-01-24
4525,2000-04-07
4526,2019-06-28
4527,2018-04-21
4528,2018-02-08
4529,2023-11-24
4530,1996-09-28
4531,2023-01-28
4532,2003-01-10
4533,2008-06-26
4534,2017-04-27
4535,2011-10-07
4536,2011-02-28
4537,2009-02-25
4538,2024-05-27
4539,2019-09-26
4540,2007-01-11
4541,2023-11-27
4542,2013-02-24
4543,2005-01-11
4544,2002-04-30
4545,2000-12-31
4546,2019-12-23
4547,2015-12-04
4548,2020-05-07
4549,2001-02-02
4550,2006-05-03
4551,2020-02-14
4552,2007-07-01
4553,1997-11-26
4554,2009-05-11
4555,2010-05-05
4556,2018-10-30
4557,2012-06-23
4558,2010-07-04
4559,2004-12-23
4560,2015-08-02
4561,1996-01-04
4562,2012-08-02
4563,2011-03-20
4564,2003-08-06
4565,2004-10-09
4566,2015-08-13
4567,2022-05-19
4568,2021-10-27
4569,2012-04-11
4570,2024-07-22
4571,2022-10-24
4572,2005-03-07
4573,2009-01-26
4574,2023-07-09
4575,2009-03-31
4576,2021-11-10
4577,2014-01-11
4578,2000-06-13
4579,2013-12-22
4580,2015-08-17
4581,2020-01-28
4582,2019-07-10
4583,1999-12-25
4584,1998-07-11
4585,1999-05-25
4586,2003-04-23
4587,1998-10-22
4588,2015-08-11
4589,2022-04-07
4590,2019-03-15
4591,2012-02-13
4592,2019-09-05
4593,2001-03-22
4594,2015-05-17
4595,2000-07-27
4596,2024-05-18
4597,2007-11-26
4598,2017-04-13
4599,2021-02-18
4600,2002-06-03
4601,2002-03-20
4602,1997-11-13
4603,2020-04-13
4604,2014-04-05
4605,2012-11-27
4606,1998-06-24
4607,1997-08-03
4608,2018-05-30
4609,1998-08-05
4610,2011-06-14
4611,2011-05-15
4612,2021-12-17
4613,2021-05-11
4614,2023-11-20
4615,2006-06-09
4616,2014-06-30
4617,2000-11-09
4618,2017-05-29
4619,2012-01-20
4620,2007-07-02
4621,2015-03-21
4622,2016-10-02
4623,2021-09-16
4624,1998-06-02
4625,2022-12-22
4626,2004-03-01
4627,2021-11-10
4628,2003-07-26
4629,2012-02-20
4630,2016-04-14
4631,2009-05-22
4632,1998-11-25
4633,2007-07-14
4634,2014-06-25
4635,2015-05-04
4636,2016-01-31
4637,1996-05-15
4638,2013-04-14
4639,2016-11-03
4640,2005-12-15
4641,2009-12-17
4642,1999-04-17
4643,1999-04-10
4644,2022-11-06
4645,2014-03-27
4646,2019-04-26
4647,2013-02-20
4648,2001-01-10
4649,2024-11-12
4650,2003-12-02
4651,2012-08-05
4652,2015-11-24
4653,2013-03-07
4654,2003-10-23
4655,1998-09-12
4656,2013-05-02
4657,1997-09-19
4658,2008-05-25
4659,2019-04-10
4660,2015-11-16
4661,2005-01-01
4662,2023-10-08
4663,2007-10-11
4664,1997-03-01
4665,2013-04-28
4666,2001-05-04
4667,2018-12-24
4668,2021-05-19
4669,1998-12-25
4670,2009-11-03
4671,2011-03-16
4672,2014-10-18
4673,2006-03-03
4674,2009-02-12
4675,2000-02-07
4676,2002-04-01
4677,2023-07-19
4678,2005-11-16
4679,2000-11-24
4680,2010-11-07
4681,1997-03-01
4682,2016-12-03
4683,2021-01-06
4684,2004-10-23
4685,2023-02-03
4686,1999-05-26
4687,1996-09-28
4688,2014-10-12
4689,2018-05-12
4690,2007-06-13
4691,2009-02-06
4692,2006-04-12
4693,2021-03-23
4694,2018-07-06
4695,2006-03-30
4696,2012-04-20
4697,2014-06-28
4698,2021-05-22
4699,2003-09-20
4700,1999-05-31
4701,1999-10-22
4702,2008-07-13
4703,2007-04-05
4704,2004-11-16
4705,2010-08-04
4706,2000-08-18
4707,2005-09-12
4708,1996-02-27
4709,2005-05-12
4710,2008-04-16
4711,2012-12-19
4712,2020-12-05
4713,2017-08-03
4714,2000-11-11
4715,2003-02-17
4716,2005-04-13
4717,2015-08-20
4718,2002-10-28
4719,2019-06-24
4720,2013-07-23
4721,2004-05-27
4722,2014-06-25
4723,1997-08-01
4724,2008-05-20
4725,2003-04-17
4726,2001-08-20
4727,2009-09-08
4728,2022-10-23
4729,1998-12-16
4730,1997-03-26
4731,2022-02-27
4732,2020-09-12
4733,2024-10-28
4734,2024-01-22
4735,2009-01-20
4736,1997-07-15
4737,2019-01-09
4738,2009-12-10
4739,2020-06-08
4740,2007-07-25
4741,2023-10-20
4742,2011-11-14
4743,2004-11-25
4744,2003-06-07
4745,2020-01-28
4746,2003-03-22
4747,2011-03-06
4748,2010-10-27
4749,2012-09-16
4750,2024-07-23
4751,2020-09-07
4752,2020-07-13
4753,2013-06-17
4754,2021-09-21
4755,2005-07-12
4756,2015-05-29
4757,2021-01-15
4758,2015-10-05
4759,2007-02-03
4760,2000-04-03
4761,2006-01-15
4762,2010-06-28
4763,2020-12-14
4764,2011-01-05
4765,2000-03-20
4766,2022-09-26
4767,2023-08-25
4768,2008-12-02
4769,2023-03-12
4770,2017-03-20
4771,2014-05-03
4772,2010-09-23
4773,2001-07-31
4774,2001-08-17
4775,2016-06-05
4776,2006-05-19
4777,2021-10-24
4778,2011-08-02
4779,2003-07-13
4780,2002-01-04
4781,2019-08-30
4782,2010-09-13
4783,2009-02-26
4784,2008-06-18
4785,2021-11-20
4786,2007-09-13
4787,2014-05-18
4788,2017-01-24
4789,2003-03-24
4790,2002-05-24
4791,2006-01-15
4792,2002-11-24
4793,2008-01-15
4794,2017-11-07
4795,2008-06-01
4796,2005-11-29
4797,2021-04-14
4798,2024-06-21
4799,1997-04-16
4800,2016-01-03
4801,2006-08-13
4802,2009-01-29
4803,2024-10-14
4804,2009-12-31
4805,2019-10-09
4806,2000-01-26
4807,2000-10-21
4808,2004-11-21
4809,2024-06-15
4810,2016-10-28
4811,2020-02-16
4812,2008-05-23
4813,1997-05-11
4814,2018-11-30
4815,2002-01-11
4816,2022-12-31
4817,2001-07-07
4818,2002-12-08
4819,2009-12-02
4820,2000-07-09
4821,2023-06-10
4822,2000-02-19
4823,1997-03-21
4824,2002-01-12
4825,2004-11-05
4826,2009-01-20
4827,2019-11-12
4828,2011-07-08
4829,2000-12-02
4830,2024-11-16
4831,2022-01-06
4832,2012-03-18
4833,2013-05-15
4834,2011-09-28
4835,2012-10-17
4836,2015-04-22
4837,2020-10-17
4838,2010-03-02
4839,2021-12-03
4840,2010-07-17
4841,2018-09-09
4842,1998-08-23
4843,2017-03-08
4844,2022-12-11
4845,2006-05-16
4846,2017-04-10
4847,2003-01-03
4848,1999-10-16
4849,2001-03-23
4850,2006-01-13
4851,2023-01-24
4852,2008-07-05
4853,2002-02-21
4854,1999-05-21
4855,2000-02-17
4856,2002-02-04
4857,2004-03-06
4858,2021-01-17
4859,2014-05-11
4860,2019-01-20
4861,2012-09-21
4862,2021-01-27
4863,2024-06-02
4864,1997-07-15
4865,2013-10-09
4866,2007-01-01
4867,2024-07-13
4868,2002-08-07
4869,1998-09-21
4870,2002-01-02
4871,2013-10-01
4872,2005-01-31
4873,1997-09-20
4874,2016-08-24
4875,2016-07-04
4876,2021-01-23
4877,2010-03-26
4878,2020-01-09
4879,2023-06-22
4880,2010-07-05
4881,2011-07-14
4882,2015-02-13
4883,2020-04-26
4884,1997-02-04
4885,2024-01-02
4886,2008-03-14
4887,2023-11-30
4888,2024-10-01
4889,2016-03-09
4890,2017-02-07
4891,1997-08-17
4892,2020-10-03
4893,2018-03-20
4894,2019-03-28
4895,1996-01-12
4896,2016-02-21
4897,2019-11-23
4898,2009-08-19
4899,2019-07-07
4900,2011-11-09
4901,2022-06-13
4902,2021-04-30
4903,2005-08-11
4904,2021-09-11
4905,2024-07-15
4906,2020-12-27
4907,2019-08-05
4908,2001-06-19
4909,1995-12-20
4910,2017-10-08
4911,2009-05-11
4912,2003-03-09
4913,2020-04-26
4914,2021-10-20
4915,2003-08-24
4916,1996-05-30
4917,2005-01-13
4918,1999-05-08
4919,2012-12-27
4920,2009-11-14
4921,2006-03-16
4922,2012-11-30
4923,2020-10-30
4924,2017-06-12
4925,2009-08-18
4926,2010-04-20
4927,2010-08-09
4928,2007-01-12
4929,2000-07-08
4930,1997-03-03
4931,2011-09-08
4932,2014-01-13
4933,2004-03-19
4934,1997-11-04
4935,2010-08-31
4936,2024-07-25
4937,2008-05-03
4938,2000-10-03
4939,2019-12-18
4940,2004-06-01
4941,2007-08-17
4942,2001-07-20
4943,2007-07-07
4944,2001-09-01
4945,2017-04-27
4946,2018-12-31
4947,2018-01-26
4948,2007-10-21
4949,2008-01-02
4950,2000-03-30
4951,2024-04-21
4952,1996-06-09
4953,2004-05-21
4954,2024-11-03
4955,2022-03-10
4956,1997-01-23
4957,2009-11-01
4958,2018-12-23
4959,1997-04-26
4960,1996-12-14
4961,2015-01-18
4962,2001-01-09
4963,2005-03-09
4964,2019-05-20
4965,2000-09-12
4966,2006-02-03
4967,2007-07-03
4968,2005-11-15
4969,2021-12-12
4970,2003-08-29
4971,2020-08-18
4972,2021-04-14
4973,2013-06-11
4974,2015-03-27
4975,2011-12-14
4976,2015-04-23
4977,2005-01-30
4978,2000-09-06
4979,2017-06-03
4980,2006-01-27
4981,2020-06-27
4982,2004-06-09
4983,2021-04-24
4984,2000-02-19
4985,1997-04-25
4986,1997-04-05
4987,2021-04-05
4988,2003-01-18
4989,2007-09-14
4990,2004-06-26
4991,2018-09-06
4992,1997-02-14
4993,2016-12-11
4994,2018-11-23
4995,2010-04-05
4996,2006-06-10
4997,2012-07-27
4998,2006-08-11
4999,2012-09-28
5000,2023-08-27
5001,1998-11-21
5002,2023-02-03
5003,2024-04-06
5004,2019-10-03
5005,1998-11-02
5006,2016-03-27
5007,2003-05-27
5008,2023-03-08
5009,2010-12-21
5010,1996-07-02
5011,2011-10-21
5012,2024-09-24
5013,1999-10-17
5014,2004-12-02
5015,2001-07-19
5016,2020-09-14
5017,2021-05-05
5018,2014-04-03
5019,2018-12-30
5020,2002-01-07
5021,1996-04-14
5022,2011-10-23
5023,2004-03-10
5024,2017-02-25
5025,2016-05-26
5026,2019-10-31
5027,2020-08-23
5028,2023-06-24
5029,2022-06-29
5030,1999-01-19
5031,1998-03-19
5032,2022-03-14
5033,2019-12-31
5034,2008-01-17
5035,1997-08-17
5036,2001-12-01
5037,1998-06-16
5038,2018-11-26
5039,1999-09-19
5040,2013-07-20
5041,2013-02-25
5042,2003-09-30
5043,2023-10-13
5044,2023-02-27
5045,2005-11-20
5046,1999-04-04
5047,2019-03-29
5048,2018-08-17
5049,2023-09-15
5050,2020-03-13
5051,2009-05-04
5052,2019-08-30
5053,2015-01-23
5054,2006-03-04
5055,1996-08-31
5056,2012-08-19
5057,2016-03-05
5058,2000-05-20
5059,2013-10-19
5060,2024-04-21
5061,2013-03-10
5062,2003-02-26
5063,2003-03-03
5064,2024-12-12
5065,2010-06-26
5066,2010-06-20
5067,2019-03-07
5068,2021-11-08
5069,2013-08-15
5070,2023-04-15
5071,2006-10-18
5072,2021-08-17
5073,2022-09-12
5074,2012-12-14
5075,2008-06-22
5076,1998-02-15
5077,2007-11-09
5078,2011-04-21
5079,2019-03-31
5080,2022-08-10
5081,2016-03-12
5082,2011-09-18
5083,2000-02-29
5084,2007-04-24
5085,2016-04-13
5086,2013-06-18
5087,2003-05-11
5088,2006-08-01
5089,1996-02-01
5090,2019-12-23
5091,2003-02-09
5092,2022-11-26
5093,2014-03-20
5094,2010-06-05
5095,2016-06-30
5096,2008-11-09
5097,2019-10-19
5098,2003-05-29
5099,2002-11-28
5100,2002-02-07
5101,2010-07-02
5102,2008-03-01
5103,2008-02-26
5104,1996-03-19
5105,2009-01-28
5106,2022-03-22
5107,2018-07-08
5108,2021-10-27
5109,2022-10-09
5110,2011-11-18
5111,2018-02-23
5112,2015-06-21
5113,2015-02-22
5114,2018-11-21
5115,2021-04-13
5116,2007-10-02
5117,2009-10-12
5118,1997-12-11
5119,2002-05-28
5120,1997-12-05
5121,2023-06-01
5122,1997-09-03
5123,2002-10-21
5124,2016-12-07
5125,2002-09-01
5126,1995-11-22
5127,2007-02-19
5128,2020-04-03
5129,2014-07-30
5130,2010-01-11
5131,2024-12-02
5132,2001-02-27
5133,2009-05-04
5134,2004-03-21
5135,2008-04-24
5136,2017-03-24
5137,2014-01-03
5138,2006-11-29
5139,2004-10-24
5140,2003-05-31
5141,1996-05-22
5142,2015-08-13
5143,1996-09-23
5144,2009-07-15
5145,2020-09-18
5146,2021-04-16
5147,2001-09-21
5148,2010-09-24
5149,2020-03-30
5150,2022-07-30
5151,2016-03-04
5152,1997-05-27
5153,2012-12-12
5154,2009-03-14
5155,2009-06-10
5156,2011-06-07
5157,2003-03-12
5158,2023-10-03
5159,2005-02-20
5160,2018-05-27
5161,2006-07-25
5162,2010-04-14
5163,2015-06-13
5164,2005-12-27
5165,2009-02-11
5166,2024-10-26
5167,1996-04-13
5168,2005-08-10
5169,2017-03-03
5170,2011-11-23
5171,2007-11-02
5172,2017-09-02
5173,2023-06-19
5174,2000-07-22
5175,2023-06-26
5176,2004-10-07
5177,2018-05-11
5178,2023-11-22
5179,2007-06-18
5180,2005-12-14
5181,2009-09-26
5182,2011-06-07
5183,2012-11-14
5184,1999-07-15
5185,1996-06-05
5186,2020-06-30
5187,2022-07-28
5188,2007-08-01
5189,2015-10-20
5190,2004-04-02
5191,2002-05-30
5192,2005-01-23
5193,1996-06-28
5194,2021-03-10
5195,2024-03-16
5196,2000-06-05
5197,2021-04-14
5198,2015-08-08
5199,2013-10-18
5200,2007-05-05
5201,2016-06-21
5202,2006-10-08
5203,2018-09-06
5204,2009-12-04
5205,2020-01-18
5206,2006-12-16
5207,1998-02-23
5208,2002-01-30
5209,2009-02-26
5210,2008-01-18
5211,2024-09-12
5212,1997-11-25
5213,2003-01-01
5214,2020-02-18
5215,2018-08-22
5216,2024-05-26
5217,2002-08-18
5218,2008-12-21
5219,2003-05-28
5220,2017-04-01
5221,2012-04-23
5222,2009-09-12
5223,2011-02-21
5224,2014-01-29
5225,2020-06-06
5226,2018-10-08
5227,2001-05-19
5228,2014-04-21
5229,2013-01-29
5230,2006-12-11
5231,2002-08-31
5232,2020-10-06
5233,1997-02-03
5234,2009-12-09
5235,2013-08-31
5236,2005-07-14
5237,2019-02-03
5238,2000-02-16
5239,2001-09-10
5240,2023-01-12
5241,2004-03-08
5242,2017-08-19
5243,2024-12-01
5244,2003-12-27
5245,1996-12-24
5246,2022-11-30
5247,2022-11-12
5248,1999-04-22
5249,2013-01-01
5250,2022-11-24
5251,1999-04-25
5252,2015-03-20
5253,2020-06-27
5254,2001-03-30
5255,2024-04-30
5256,2009-01-03
5257,2015-09-05
5258,1998-07-20
5259,2014-06-18
5260,2016-02-12
5261,2005-01-15
5262,2016-08-28
5263,2016-07-16
5264,2022-09-15
5265,2000-06-19
5266,1998-08-27
5267,2002-12-16
5268,2003-04-25
5269,2001-12-08
5270,2007-11-18
5271,2022-09-12
5272,2017-12-26
5273,2006-03-08
5274,2012-05-30
5275,2020-09-24
5276,2016-08-05
5277,2001-09-23
5278,1999-11-23
5279,2013-10-05
5280,2007-11-09
5281,2005-07-12
5282,2004-01-27
5283,2024-07-02
5284,2016-01-08
5285,1997-05-22
5286,2012-12-19
5287,1999-08-04
5288,1998-08-30
5289,2010-02-21
5290,2002-06-22
5291,2013-09-06
5292,2010-07-18
5293,2013-06-24
5294,1996-05-28
5295,2016-04-14
5296,2006-05-02
5297,2006-06-05
5298,2024-05-27
5299,2022-04-19
5300,2008-07-17
5301,2010-01-30
5302,2018-09-14
5303,1996-11-18
5304,2011-04-14
5305,1998-01-24
5306,2024-10-16
5307,2003-01-28
5308,2015-09-17
5309,1998-12-07
5310,2006-05-24
5311,2020-01-21
5312,2016-05-20
5313,2002-07-25
5314,2004-06-13
5315,2019-09-03
5316,2013-02-10
5317,2004-02-25
5318,2006-04-05
5319,2015-09-08
5320,2024-01-07
5321,2000-03-06
5322,2009-01-12
5323,2005-02-07
5324,1996-03-03
5325,2010-01-04
5326,2016-10-01
5327,2010-12-26
5328,2017-04-30
5329,2000-08-17
5330,1996-01-24
5331,2021-12-03
5332,2012-08-05
5333,2021-01-03
5334,2000-05-19
5335,2024-06-19
5336,2005-08-01
5337,1997-12-15
5338,2007-07-27
5339,2010-06-26
5340,2004-06-29
5341,2013-09-17
5342,1997-07-22
5343,2020-07-11
5344,2010-06-14
5345,2001-10-09
5346,2008-02-22
5347,2004-09-29
5348,1996-02-13
5349,2016-05-01
5350,2005-03-18
5351,2021-01-04
5352,2008-01-20
5353,2023-07-15
5354,2015-06-12
5355,2004-07-02
5356,2014-12-26
5357,2014-11-06
5358,2010-01-31
5359,2012-08-23
5360,2010-02-08
5361,2011-11-11
5362,2024-01-04
5363,2015-09-15
5364,2006-07-13
5365,2003-12-26
5366,2019-08-07
5367,1997-08-19
5368,2016-03-30
5369,2007-09-19
5370,2005-09-12
5371,2019-06-25
5372,2001-12-19
5373,2010-09-01
5374,1997-12-09
5375,2019-10-06
5376,2015-10-22
5377,2010-01-18
5378,2022-01-12
5379,2021-12-09
5380,2004-10-17
5381,2024-03-30
5382,2010-11-29
5383,1999-01-05
5384,2020-05-01
5385,2020-10-26
5386,2017-03-15
5387,1996-09-09
5388,2015-07-01
5389,2022-03-31
5390,2012-12-02
5391,1998-12-07
5392,2019-01-14
5393,2001-09-17
5394,1996-05-22
5395,2014-10-03
5396,2017-09-26
5397,2007-04-16
5398,2007-03-08
5399,2002-05-17
5400,2014-12-21
5401,2019-01-04
5402,2019-04-02
5403,2016-05-26
5404,2024-04-14
5405,2007-04-25
5406,2011-10-02
5407,1997-06-28
5408,2022-12-03
5409,2001-01-24
5410,2019-04-30
5411,2007-01-19
5412,2002-12-17
5413,2011-03-27
5414,1997-04-16
5415,1999-11-07
5416,1998-01-15
5417,2017-05-23
5418,2014-02-26
5419,2019-08-30
5420,2010-05-23
5421,2016-10-22
5422,2009-11-22
5423,2016-10-28
5424,2002-10-21
5425,2015-06-23
5426,2003-01-10
5427,2010-11-14
5428,2021-04-28
5429,2006-12-22
5430,2000-05-31
5431,2021-11-21
5432,2018-05-07
5433,2000-06-07
5434,2004-10-15
5435,2010-04-23
5436,2014-07-26
5437,2018-05-16
5438,2012-02-22
5439,2004-08-18
5440,2014-05-31
5441,2023-12-03
5442,2010-09-07
5443,1998-05-30
5444,1998-05-27
5445,2019-01-03
5446,2010-10-29
5447,2021-04-15
5448,2023-10-18
5449,2019-06-02
5450,2003-07-11
5451,2010-11-21
5452,2013-03-24
5453,2016-02-13
5454,2012-12-04
5455,1996-04-03
5456,2010-05-25
5457,2002-01-22
5458,2011-08-05
5459,1998-02-08
5460,2024-12-13
5461,2017-02-02
5462,2017-02-03
5463,2014-05-04
5464,2006-04-08
5465,1996-03-26
5466,1997-06-11
5467,2000-12-11
5468,2015-03-04
5469,2019-08-22
5470,2021-11-13
5471,2008-05-01
5472,2022-10-14
5473,2021-11-16
5474,2008-05-06
5475,2021-07-29
5476,2004-10-23
5477,2010-05-23
5478,2012-10-30
5479,2005-06-11
5480,2021-07-24
5481,2016-04-22
5482,1996-03-14
5483,2006-07-06
5484,2017-03-17
5485,2006-11-12
5486,2019-07-25
5487,2015-11-16
5488,1999-08-16
5489,2010-07-09
5490,2007-01-05
5491,1998-08-19
5492,1996-09-06
5493,2001-09-11
5494,2015-01-17
5495,1997-09-06
5496,2021-02-11
5497,2002-12-22
5498,2016-12-03
5499,2021-04-12
5500,2007-07-17
5501,1996-06-29
5502,2006-02-02
5503,2006-12-23
5504,2000-02-26
5505,2008-08-28
5506,1996-02-09
5507,2004-02-25
5508,2016-04-07
5509,2002-01-08
5510,2017-11-29
5511,2017-08-09
5512,2004-10-21
5513,2011-09-19
5514,2002-03-17
5515,2005-12-07
5516,1997-02-08
5517,2001-12-03
5518,2024-03-13
5519,2001-11-25
5520,2017-04-21
5521,2021-09-24
5522,2014-01-21
5523,2022-10-13
5524,1997-09-01
5525,2014-07-27
5526,2008-01-21
5527,2023-03-16
5528,2008-05-12
5529,1996-01-05
5530,2014-12-23
5531,2011-11-21
5532,2002-02-06
5533,2011-01-30
5534,2023-12-26
5535,2015-08-03
5536,2011-09-04
5537,2018-12-10
5538,2024-06-18
5539,2012-01-01
5540,2014-08-19
5541,1998-09-07
5542,2016-07-25
5543,2003-05-31
5544,2024-01-28
5545,2012-12-31
5546,2002-03-27
5547,2008-05-09
5548,1999-09-16
5549,2010-07-07
5550,2000-01-07
5551,2007-05-04
5552,2001-12-29
5553,2001-10-01
5554,1997-07-01
5555,2007-09-09
5556,2022-12-06
5557,2022-06-09
5558,2003-09-08
5559,2014-01-05
5560,2022-07-21
5561,2002-08-05
5562,2011-05-01
5563,2000-08-27
5564,2002-06-27
5565,2004-04-29
5566,2024-10-08
5567,2010-03-25
5568,2024-05-02
5569,2009-08-04
5570,2003-05-21
5571,1996-01-26
5572,1997-10-31
5573,2009-08-10
5574,2006-05-09
5575,2000-12-11
5576,2006-12-18
5577,2007-05-24
5578,2021-11-25
5579,2001-06-01
5580,2017-08-07
5581,2020-09-13
5582,2024-08-08
5583,2024-07-26
5584,2011-12-18
5585,2004-10-18
5586,2006-05-29
5587,1998-01-01
5588,2019-06-18
5589,2008-01-04
5590,2018-06-18
5591,2019-10-23
5592,2021-02-12
5593,2005-04-19
5594,2013-12-15
5595,2015-05-29
5596,2021-12-30
5597,2013-03-20
5598,2021-06-03
5599,2021-07-01
5600,2002-08-13
5601,1996-11-12
5602,2024-06-01
5603,2018-02-10
5604,2010-02-18
5605,2010-04-24
5606,2002-10-14
5607,2020-05-27
5608,2003-10-27
5609,2010-04-13
5610,2003-08-06
5611,1998-08-12
5612,2010-03-28
5613,2002-04-04
5614,2016-04-16
5615,2006-05-22
5616,2017-02-23
5617,2013-06-29
5618,2022-08-11
5619,2022-03-28
5620,2024-09-20
5621,2016-02-08
5622,2021-02-27
5623,2008-08-29
5624,2010-09-08
5625,2020-03-15
5626,2006-01-27
5627,1995-11-26
5628,1999-03-28
5629,2007-11-13
5630,2004-02-25
5631,1999-01-07
5632,2009-09-25
5633,2017-04-29
5634,2013-08-07
5635,2003-09-17
5636,2015-07-14
5637,2005-02-13
5638,2002-03-17
5639,1997-03-08
5640,1997-02-15
5641,2000-06-01
5642,1999-06-09
5643,2004-08-31
5644,2024-08-18
5645,2007-12-05
5646,1999-08-01
5647,2015-08-14
5648,1998-03-14
5649,2014-08-03
5650,2015-12-19
5651,2004-09-01
5652,2011-01-21
5653,2020-02-18
5654,2014-10-02
5655,2005-09-12
5656,2024-10-22
5657,1997-07-21
5658,2001-02-08
5659,1999-05-04
5660,2002-09-21
5661,2024-04-01
5662,2004-10-28
5663,2010-01-24
5664,2012-04-29
5665,2023-10-29
5666,1997-12-28
5667,2007-12-19
5668,1997-03-26
5669,2023-03-15
5670,2008-10-21
5671,2016-05-15
5672,1996-01-26
5673,1998-12-18
5674,2010-01-11
5675,2019-11-05
5676,2009-06-30
5677,2020-12-01
5678,2023-06-08
5679,1996-03-01
5680,2002-07-15
5681,2013-12-02
5682,2023-04-16
5683,2012-05-09
5684,2008-08-16
5685,1999-10-12
5686,2016-12-31
5687,1999-08-21
5688,2012-07-11
5689,2023-06-14
5690,1998-12-09
5691,2004-12-19
5692,1998-02-13
5693,2009-12-18
5694,2016-03-29
5695,2012-07-26
5696,2004-03-22
5697,2015-06-10
5698,2000-08-06
5699,2002-03-01
5700,2005-09-19
5701,2008-07-02
5702,1999-04-05
5703,2024-08-13
5704,2024-11-17
5705,1997-01-03
5706,2017-07-09
5707,2020-01-01
5708,2007-04-16
5709,2024-11-06
5710,2003-12-24
5711,2023-05-08
5712,2014-04-15
5713,2000-08-13
5714,2018-11-14
5715,1998-02-16
5716,2013-08-12
5717,2017-06-07
5718,1997-03-10
5719,1997-02-23
5720,2009-06-24
5721,2013-05-28
5722,2000-11-03
5723,2006-11-04
5724,1997-11-14
5725,2021-01-02
5726,2005-02-13
5727,2003-09-01
5728,1999-07-23
5729,2006-06-28
5730,2011-04-11
5731,2006-10-08
5732,1996-04-09
5733,2008-10-04
5734,2017-04-03
5735,2018-07-11
5736,2018-05-11
5737,2017-02-14
5738,2021-10-15
5739,2022-10-26
5740,2015-06-17
5741,2023-04-09
5742,2017-12-20
5743,2017-01-10
5744,1996-09-17
5745,2011-06-28
5746,2016-10-18
5747,2011-04-08
5748,2011-06-26
5749,2020-11-16
5750,2006-11-09
5751,2000-11-12
5752,1998-03-05
5753,2015-01-28
5754,2023-04-19
5755,2008-02-21
5756,2016-09-08
5757,2014-06-21
5758,1996-07-30
5759,2018-06-08
5760,2012-10-28
5761,2010-02-14
5762,2003-09-16
5763,1999-10-14
5764,2021-05-23
5765,1999-07-23
5766,2019-01-21
5767,2018-05-28
5768,1996-02-27
5769,2011-04-06
5770,2023-11-27
5771,2024-05-06
5772,2011-01-17
5773,1999-05-13
5774,2010-05-25
5775,2018-08-11
5776,2006-03-10
5777,2007-05-03
5778,2011-06-03
5779,1999-08-17
5780,2013-10-03
5781,2024-03-18
5782,2015-05-25
5783,2009-09-20
5784,2020-11-23
5785,2022-11-16
5786,2016-10-26
5787,2005-10-03
5788,2010-06-14
5789,2014-01-31
5790,2017-05-10
5791,1996-04-22
5792,2015-03-22
5793,2012-03-22
5794,2014-03-30
5795,2017-11-22
5796,2011-11-16
5797,2017-12-20
5798,2000-03-23
5799,2005-04-12
5800,2003-08-30
5801,2010-03-13
5802,2022-07-22
5803,2009-09-29
5804,2002-08-27
5805,2003-10-01
5806,2013-09-02
5807,2009-03-22
5808,2014-08-31
5809,2004-05-03
5810,2004-08-12
5811,1998-08-13
5812,2012-11-20
5813,2006-05-27
5814,2022-03-16
5815,2006-08-15
5816,2001-12-16
5817,2000-04-16
5818,2022-07-20
5819,2002-11-26
5820,2006-08-11
5821,2015-03-10
5822,2009-12-20
5823,1997-07-30
5824,2003-03-02
5825,2024-04-09
5826,2010-06-17
5827,2022-03-17
5828,2005-02-21
5829,2018-07-31
5830,2020-02-16
5831,2022-07-12
5832,2010-06-02
5833,2009-10-15
5834,2002-11-16
5835,2009-11-11
5836,1999-03-13
5837,2021-01-03
5838,1999-01-11
5839,2023-10-14
5840,2008-08-06
5841,2014-02-16
5842,1995-12-05
5843,2017-08-30
5844,2017-04-16
5845,2011-05-10
5846,2012-03-23
5847,2003-05-14
5848,2017-03-05
5849,2001-04-28
5850,2009-10-05
5851,2013-06-03
5852,2005-04-04
5853,2002-05-23
5854,2017-02-11
5855,2006-06-07
5856,1998-09-01
5857,2010-09-27
5858,2019-01-27
5859,2021-10-18
5860,2010-10-09
5861,2002-06-15
5862,2022-03-01
5863,2009-08-27
5864,2008-05-10
5865,2011-12-09
5866,2017-10-21
5867,1998-11-07
5868,1995-12-24
5869,2015-03-28
5870,2014-02-19
5871,2002-06-08
5872,2012-11-01
5873,2007-06-15
5874,2023-09-17
5875,2021-05-06
5876,2013-07-08
5877,1997-01-20
5878,2002-03-12
5879,2015-03-09
5880,2010-04-04
5881,2002-07-06
5882,2006-02-08
5883,2017-11-15
5884,2009-10-22
5885,2018-06-16
5886,2021-07-22
5887,2009-02-08
5888,2003-07-07
5889,2010-10-30
5890,2005-03-24
5891,2024-03-13
5892,2006-08-26
5893,2024-06-18
5894,2011-12-27
5895,1999-01-17
5896,2012-10-01
5897,1998-01-26
5898,2021-01-09
5899,1997-12-16
5900,2014-06-03
5901,2013-02-18
5902,2009-01-28
5903,2008-01-20
5904,2002-08-18
5905,2018-02-14
5906,2013-04-14
5907,2002-12-10
5908,2013-01-13
5909,2008-10-27
5910,2023-03-07
5911,2017-10-13
5912,2001-09-04
5913,2017-08-19
5914,2016-03-05
5915,2001-10-23
5916,2014-11-27
5917,2003-04-09
5918,2007-03-12
5919,2013-04-23
5920,2000-08-03
5921,1999-04-25
5922,2005-11-29
5923,2021-03-20
5924,2019-06-26
5925,2017-08-03
5926,2003-03-10
5927,2000-10-18
5928,2018-02-15
5929,2022-10-21
5930,1999-11-24
5931,1997-03-05
5932,1997-02-22
5933,2006-09-20
5934,2008-10-05
5935,2013-08-28
5936,2003-12-27
5937,2022-04-28
5938,2002-03-17
5939,2023-05-07
5940,2020-07-02
5941,2011-12-03
5942,2017-09-02
5943,1998-10-15
5944,2014-02-23
5945,2009-09-29
5946,2023-12-20
5947,2016-12-26
5948,2001-04-26
5949,2010-06-22
5950,2004-11-01
5951,2021-02-01
5952,2020-07-29
5953,2014-11-18
5954,2010-10-22
5955,2022-03-05
5956,2019-08-03
5957,2003-06-07
5958,2019-08-24
5959,2015-11-09
5960,2018-07-05
5961,1999-04-05
5962,2015-03-01
5963,2010-10-18
5964,2010-05-04
5965,2018-04-24
5966,2000-01-10
5967,1997-08-20
5968,2024-07-28
5969,1996-06-29
5970,2002-02-05
5971,2008-11-14
5972,2015-10-24
5973,1999-09-25
5974,1996-09-20
5975,2010-06-14
5976,2016-04-19
5977,2017-12-27
5978,2007-07-20
5979,2007-09-20
5980,2008-07-06
5981,2004-01-06
5982,1995-12-27
5983,2006-07-25
5984,2019-03-14
5985,2022-08-25
5986,2016-02-13
5987,2007-10-06
5988,1998-02-13
5989,1996-09-09
5990,2002-03-03
5991,2002-03-22
5992,2005-03-04
5993,2000-11-19
5994,2016-01-18
5995,2017-07-15
5996,2005-05-04
5997,1997-06-08
5998,2021-11-11
5999,2001-10-20
6000,2007-02-05
6001,2000-05-22
6002,1999-12-17
6003,2016-04-13
6004,2002-05-05
6005,2020-12-10
6006,2020-04-23
6007,2013-01-22
6008,2008-08-07
6009,1998-11-10
6010,2014-08-01
6011,2022-10-01
6012,2023-04-16
6013,2000-01-22
6014,2005-03-14
6015,2004-05-27
6016,2006-12-28
6017,1999-08-03
6018,2022-01-20
6019,2013-06-03
6020,2010-02-10
6021,2018-05-31
6022,2000-11-06
6023,2010-12-19
6024,2007-06-03
6025,2013-09-25
6026,1996-01-28
6027,2021-06-09
6028,1999-07-04
6029,2013-04-02
6030,1998-01-10
6031,2015-12-22
6032,2000-05-03
6033,2021-03-18
6034,2002-06-20
6035,2023-12-15
6036,2019-08-08
6037,1997-02-28
6038,2001-09-04
6039,2022-08-22
6040,2022-10-26
6041,1998-05-31
6042,2002-06-07
6043,2016-09-15
6044,2013-09-11
6045,2013-05-29
6046,2018-09-04
6047,2002-12-23
6048,1999-06-30
6049,2016-03-29
6050,2009-01-07
6051,1998-04-20
6052,2011-11-04
6053,2013-08-05
6054,1998-10-04
6055,2018-06-26
6056,2023-04-17
6057,2009-09-27
6058,2013-02-06
6059,2017-12-06
6060,2023-04-13
6061,2005-06-05
6062,2012-01-24
6063,2007-12-29
6064,2018-10-23
6065,2009-03-19
6066,2008-05-17
6067,2017-01-09
6068,2004-11-14
6069,2008-07-30
6070,1998-03-10
6071,2012-02-17
6072,2000-03-03
6073,2024-08-02
6074,2023-08-21
6075,2002-10-02
6076,1997-10-18
6077,1998-06-30
6078,2012-11-09
6079,2004-05-19
6080,2015-10-19
6081,2013-05-12
6082,2010-03-24
6083,2021-10-20
6084,2000-07-16
6085,1999-02-13
6086,2003-04-07
6087,2023-12-07
6088,2020-05-05
6089,2003-07-29
6090,2022-01-23
6091,2020-02-06
6092,2017-07-05
6093,2013-05-19
6094,2004-05-16
6095,2003-03-16
6096,2020-07-06
6097,2007-07-25
6098,2007-11-28
6099,1996-10-25
6100,2004-03-28
6101,2012-10-31
6102,2019-02-20
6103,2012-07-30
6104,1996-12-19
6105,2011-06-30
6106,2001-07-29
6107,2013-07-14
6108,2006-03-14
6109,2011-08-18
6110,2008-08-04
6111,2023-10-24
6112,2002-03-19
6113,2014-01-08
6114,2018-08-16
6115,2011-07-04
6116,2006-10-01
6117,2021-09-30
6118,2014-01-09
6119,2010-04-20
6120,2010-05-27
6121,2018-09-25
6122,2022-10-13
6123,2022-03-23
6124,2017-11-03
6125,2011-06-30
6126,2020-11-23
6127,2012-09-18
6128,2012-07-27
6129,2011-11-20
6130,2013-05-26
6131,2015-07-21
6132,2004-10-03
6133,2003-12-30
6134,2006-12-10
6135,2019-07-11
6136,1996-11-23
6137,2018-04-03
6138,2013-04-08
6139,2010-08-24
6140,2022-01-07
6141,2002-06-09
6142,2005-08-20
6143,2015-04-21
6144,2000-07-16
6145,2002-12-14
6146,2017-07-21
6147,2024-04-28
6148,2007-08-25
6149,2022-11-15
6150,2010-11-14
6151,2022-04-11
6152,2021-04-29
6153,2000-04-01
6154,1997-07-06
6155,1999-12-10
6156,2008-09-07
6157,2018-07-13
6158,2016-03-22
6159,2018-02-26
6160,2000-03-24
6161,2012-12-28
6162,2007-07-09
6163,2006-11-27
6164,2022-02-23
6165,1995-11-29
6166,1998-10-05
6167,2005-02-03
6168,2012-02-24
6169,2000-12-23
6170,2004-11-29
6171,2020-02-10
6172,1997-04-27
6173,2003-02-13
6174,2012-08-30
6175,2015-01-15
6176,2006-07-12
6177,2023-07-29
6178,2012-05-26
6179,2012-01-13
6180,1997-10-02
6181,1998-01-13
6182,2007-12-25
6183,2015-08-12
6184,2024-05-29
6185,2011-04-30
6186,2000-12-07
6187,2004-11-25
6188,2023-05-11
6189,2003-12-16
6190,2008-02-12
6191,1999-02-16
6192,1998-12-20
6193,2013-05-12
6194,2001-02-14
6195,2010-04-18
6196,2006-07-26
6197,2016-05-16
6198,1997-07-09
6199,1995-11-06
6200,2021-05-30
6201,2023-10-31
6202,2024-10-06
6203,1999-07-24
6204,2015-03-10
6205,2005-11-22
6206,2010-02-19
6207,2012-01-13
6208,2002-06-24
6209,2007-07-04
6210,2003-08-17
6211,2015-01-17
6212,2022-11-04
6213,2019-11-26
6214,2005-02-09
6215,2000-12-11
6216,2014-07-21
6217,2009-06-22
6218,1998-07-28
6219,2019-11-08
6220,2013-01-01
6221,2005-11-17
6222,2011-07-20
6223,2003-04-26
6224,2022-01-14
6225,2005-04-20
6226,2021-04-04
6227,2024-07-29
6228,2002-12-21
6229,2016-04-12
6230,2007-10-01
6231,2004-05-19
6232,2019-04-04
6233,2021-03-11
6234,2001-08-31
6235,2023-01-10
6236,2008-08-04
6237,2017-03-22
6238,2009-06-15
6239,2003-09-11
6240,2015-06-19
6241,2010-09-27
6242,2018-12-02
6243,2019-07-11
6244,2023-02-02
6245,2005-09-17
6246,2016-06-04
6247,2016-09-24
6248,2015-12-11
6249,2024-05-12
6250,2023-06-13
6251,2018-06-23
6252,2008-01-05
6253,2014-09-19
6254,2017-02-03
6255,2022-02-23
6256,2009-05-08
6257,2004-06-23
6258,2004-09-21
6259,2007-06-09
6260,2019-10-21
6261,2007-04-27
6262,2015-04-02
6263,2010-09-29
6264,2023-09-01
6265,2018-02-15
6266,2011-02-03
6267,2017-04-10
6268,2000-09-22
6269,2017-12-23
6270,1999-06-24
6271,2017-10-04
6272,2014-05-26
6273,2012-01-31
6274,2001-02-09
6275,2015-12-04
6276,2005-05-16
6277,2001-12-04
6278,2000-09-16
6279,2003-08-25
6280,2022-10-10
6281,2004-12-26
6282,1996-08-14
6283,1998-02-18
6284,2022-10-19
6285,1998-02-05
6286,1999-02-28
6287,2002-01-19
6288,2006-05-01
6289,2017-06-01
6290,1998-05-14
6291,2005-08-08
6292,2020-05-14
6293,2019-12-08
6294,2019-07-16
6295,1998-05-05
6296,2018-02-15
6297,2015-03-06
6298,1999-02-13
6299,2002-08-03
6300,1998-01-30
6301,1996-10-16
6302,2013-06-25
6303,2002-10-11
6304,2019-08-15
6305,1996-02-19
6306,2022-08-13
6307,2024-11-30
6308,1996-07-31
6309,2008-06-12
6310,2012-11-23
6311,2022-04-14
6312,2007-05-27
6313,2020-01-15
6314,2007-03-05
6315,2003-06-28
6316,2016-12-30
6317,2021-12-02
6318,1997-04-05
6319,2006-11-13
6320,2010-08-24
6321,2017-11-23
6322,2015-03-05
6323,2004-09-03
6324,2008-12-05
6325,2005-12-29
6326,2013-01-11
6327,2014-05-22
6328,2002-02-06
6329,2018-04-17
6330,2005-05-14
6331,2012-01-16
6332,2015-08-27
6333,2005-07-18
6334,2014-01-31
6335,2016-09-22
6336,2000-04-17
6337,2015-11-23
6338,2021-05-03
6339,1997-03-15
6340,1999-02-08
6341,2015-07-04
6342,2012-12-30
6343,2003-02-25
6344,2021-12-05
6345,2003-03-06
6346,2001-06-29
6347,2010-06-18
6348,2003-05-06
6349,2010-03-15
6350,2003-10-09
6351,2023-06-09
6352,2003-08-25
6353,2007-05-29
6354,2018-04-10
6355,2013-08-21
6356,2009-03-01
6357,2012-01-07
6358,1996-11-18
6359,2017-05-28
6360,2022-12-27
6361,2005-01-27
6362,2022-04-07
6363,2001-06-07
6364,2024-01-24
6365,1999-03-06
6366,2000-03-01
6367,2022-07-31
6368,2023-08-31
6369,2021-05-26
6370,2009-09-25
6371,2000-04-29
6372,2000-10-07
6373,1997-04-06
6374,1997-02-16
6375,2018-03-22
6376,2009-05-10
6377,2002-10-07
6378,2023-04-20
6379,2009-05-24
6380,2016-10-23
6381,2004-06-01
6382,1997-04-02
6383,2006-07-02
6384,2009-02-27
6385,2012-03-10
6386,2012-03-03
6387,2003-12-27
6388,2006-07-13
6389,2003-09-25
6390,2022-07-13
6391,2017-01-04
6392,1997-03-15
6393,2001-03-24
6394,2006-05-24
6395,2008-07-21
6396,2010-11-11
6397,2015-07-10
6398,2021-10-14
6399,2002-06-11
6400,2014-04-02
6401,2009-06-05
6402,2000-09-20
6403,2015-05-12
6404,2022-05-03
6405,2001-08-30
6406,2024-08-16
6407,2015-12-16
6408,1998-09-12
6409,2015-07-02
6410,1998-01-19
6411,2016-06-23
6412,2012-01-05
6413,2023-07-12
6414,2003-02-28
6415,2019-09-05
6416,1999-01-07
6417,2014-04-11
6418,2005-09-04
6419,2016-07-16
6420,2018-01-05
6421,2010-07-26
6422,2021-07-14
6423,2009-08-28
6424,2004-02-04
6425,2021-01-08
6426,2019-03-14
6427,2011-11-21
6428,2001-07-28
6429,2024-08-20
6430,2022-01-05
6431,2023-02-12
6432,2015-09-20
6433,2018-08-16
6434,2005-03-13
6435,2012-04-27
6436,1997-08-06
6437,1996-01-04
6438,2022-07-07
6439,2002-01-11
6440,2006-02-26
6441,2004-04-27
6442,2004-04-03
6443,2002-07-29
6444,2004-12-04
6445,2021-09-27
6446,2016-02-04
6447,2006-11-03
6448,2009-09-03
6449,2022-07-10
6450,1999-02-04
6451,2010-09-27
6452,2008-10-23
6453,2016-07-07
6454,2015-02-03
6455,2017-08-01
6456,2021-12-28
6457,2019-08-20
6458,2002-01-11
6459,2006-03-29
6460,2004-06-16
6461,2012-05-21
6462,2007-08-25
6463,2003-01-29
6464,2013-07-04
6465,2002-02-04
6466,1998-05-30
6467,2018-02-22
6468,1997-07-21
6469,2022-08-28
6470,2000-07-02
6471,2007-01-31
6472,2020-01-08
6473,2021-05-17
6474,2024-01-08
6475,2020-04-05
6476,2000-12-12
6477,1997-04-28
6478,2012-12-04
6479,2011-06-21
6480,2010-09-10
6481,2015-12-15
6482,2000-05-18
6483,1997-05-24
6484,2022-03-10
6485,1999-12-23
6486,2003-11-17
6487,2022-08-07
6488,2005-11-10
6489,2017-12-20
6490,2015-05-30
6491,2023-12-19
6492,1999-07-19
6493,1997-01-04
6494,2015-06-19
6495,2004-06-10
6496,2011-02-07
6497,2018-10-13
6498,1996-08-21
6499,2009-05-12
6500,2005-03-19
6501,2007-03-30
6502,2005-07-25
6503,2000-04-05
6504,2002-12-05
6505,2007-07-07
6506,2019-07-19
6507,2016-12-18
6508,1998-05-02
6509,2023-12-12
6510,2004-05-01
6511,1999-05-15
6512,2004-01-25
6513,2008-01-25
6514,1995-12-29
6515,2015-06-19
6516,2002-03-28
6517,2013-12-02
6518,2017-07-06
6519,2018-04-06
6520,2016-09-10
6521,2019-07-26
6522,2020-06-06
6523,2004-10-08
6524,2003-09-20
6525,2020-09-14
6526,2019-02-24
6527,2005-03-04
6528,2002-02-09
6529,2016-03-06
6530,2001-05-22
6531,1996-03-04
6532,2012-04-07
6533,2022-06-06
6534,2014-10-06
6535,2012-01-23
6536,2009-04-05
6537,2001-01-11
6538,2011-02-03
6539,1995-12-27
6540,2024-07-03
6541,2003-01-24
6542,2007-10-18
6543,2002-05-27
6544,2022-04-07
6545,2010-02-26
6546,1996-08-18
6547,2014-12-15
6548,1997-08-19
6549,2023-08-30
6550,2020-09-24
6551,2005-03-18
6552,2013-04-19
6553,2002-07-14
6554,2019-10-20
6555,2013-06-03
6556,2003-04-21
6557,2012-05-23
6558,2021-05-23
6559,2021-03-25
6560,2011-02-14
6561,1997-01-16
6562,2000-02-14
6563,2016-09-17
6564,2001-07-12
6565,1997-05-14
6566,2005-05-29
6567,1996-06-09
6568,2016-03-26
6569,2017-08-05
6570,2013-04-08
6571,2020-03-03
6572,2010-12-06
6573,2017-11-14
6574,2014-05-21
6575,2022-02-18
6576,2009-09-01
6577,2013-07-03
6578,2022-07-07
6579,2004-09-01
6580,2005-08-26
6581,2015-03-04
6582,2010-08-21
6583,2008-01-16
6584,2001-08-08
6585,2017-12-26
6586,1996-04-13
6587,2006-08-13
6588,2014-05-17
6589,2005-10-11
6590,2001-03-12
6591,2007-05-20
6592,2013-04-19
6593,2004-04-29
6594,2010-05-14
6595,2004-05-29
6596,2007-09-26
6597,1996-07-26
6598,2002-12-23
6599,2005-04-09
6600,1998-05-07
6601,2021-12-22
6602,1998-09-23
6603,2023-10-29
6604,2008-11-10
6605,2008-11-01
6606,2012-08-08
6607,2001-06-25
6608,2022-07-23
6609,2011-06-24
6610,2001-04-03
6611,2010-04-30
6612,2001-10-29
6613,1995-12-06
6614,2018-08-26
6615,2010-11-08
6616,2003-10-25
6617,2000-05-23
6618,2015-10-07
6619,1995-11-15
6620,2001-12-31
6621,2018-11-13
6622,2019-10-01
6623,2000-01-10
6624,2001-02-05
6625,2013-09-20
6626,2009-02-18
6627,2023-05-01
6628,2004-05-26
6629,2011-08-17
6630,2011-11-21
6631,2010-03-12
6632,2008-01-28
6633,2010-03-11
6634,1999-01-04
6635,2012-03-31
6636,2009-03-27
6637,2013-11-19
6638,2001-04-14
6639,1996-12-24
6640,2002-01-04
6641,2010-05-06
6642,2011-01-12
6643,2008-04-18
6644,2009-12-08
6645,2013-12-24
6646,2018-07-06
6647,2004-12-19
6648,2003-03-06
6649,2010-12-23
6650,2023-11-11
6651,2020-06-12
6652,1996-09-22
6653,2022-04-23
6654,2017-06-29
6655,2008-09-01
6656,2007-07-11
6657,2017-09-19
6658,2001-12-02
6659,2012-07-04
6660,2012-06-27
6661,2010-08-07
6662,2008-06-18
6663,2003-10-10
6664,2021-07-10
6665,2003-01-18
6666,2017-12-23
6667,2023-09-19
6668,2012-10-09
6669,2019-01-29
6670,2022-01-26
6671,2009-02-04
6672,1999-08-22
6673,2015-12-18
6674,2017-07-02
6675,2000-06-09
6676,1997-12-09
6677,1997-02-19
6678,2016-01-09
6679,2007-06-10
6680,2003-06-24
6681,2000-03-14
6682,1997-02-25
6683,2012-09-05
6684,2021-10-24
6685,2012-04-27
6686,2006-01-20
6687,1998-11-13
6688,2016-05-10
6689,2011-02-22
6690,1997-07-13
6691,2024-05-08
6692,2020-08-29
6693,2010-10-20
6694,2002-05-08
6695,2003-03-21
6696,1998-07-10
6697,2000-11-06
6698,1997-03-30
6699,2012-12-05
6700,1999-02-01
6701,2022-04-14
6702,1997-01-28
6703,2015-07-15
6704,2000-10-05
6705,2014-03-26
6706,1998-04-13
6707,2003-12-16
6708,1999-09-13
6709,2006-05-01
6710,1996-04-29
6711,2009-09-20
6712,2004-01-02
6713,2000-08-01
6714,2005-09-15
6715,2000-12-24
6716,2013-05-07
6717,1997-02-28
6718,1998-09-07
6719,2002-05-04
6720,2023-01-12
6721,1999-03-14
6722,1996-11-15
6723,2024-02-18
6724,2020-08-10
6725,2016-04-12
6726,2017-04-14
6727,2013-10-24
6728,2012-11-16
6729,2002-05-15
6730,2014-06-06
6731,2022-06-30
6732,2005-04-25
6733,2016-11-24
6734,1999-11-02
6735,2021-02-02
6736,2021-04-12
6737,2007-10-16
6738,2002-10-15
6739,2010-07-16
6740,2012-02-06
6741,2024-12-09
6742,2007-05-09
6743,2020-08-09
6744,2007-06-28
6745,2008-02-06
6746,2015-04-22
6747,2022-10-18
6748,1996-09-29
6749,2001-04-05
6750,1996-08-20
6751,2008-09-18
6752,2008-04-04
6753,2008-04-11
6754,1996-07-08
6755,1997-05-05
6756,2014-04-08
6757,2002-11-17
6758,2007-06-28
6759,2008-12-31
6760,2016-07-13
6761,2012-03-16
6762,2017-10-01
6763,2008-11-08
6764,2022-05-21
6765,2000-04-01
6766,2024-10-23
6767,2006-03-02
6768,1998-04-22
6769,1998-09-13
6770,2022-05-27
6771,2002-07-08
6772,2005-06-23
6773,2010-01-01
6774,2018-07-07
6775,2009-08-13
6776,2024-08-12
6777,2008-09-23
6778,2021-02-19
6779,2000-02-04
6780,2013-03-11
6781,2013-03-26
6782,2015-07-03
6783,2006-01-17
6784,2014-03-03
6785,2022-11-18
6786,2004-12-27
6787,2002-04-01
6788,1996-09-05
6789,2000-03-14
6790,2022-05-13
6791,2012-08-23
6792,2009-08-17
6793,2019-07-06
6794,2007-04-19
6795,2005-04-10
6796,2006-07-24
6797,2004-03-04
6798,2010-07-28
6799,2022-07-01
6800,2017-11-04
6801,2021-10-05
6802,2001-08-09
6803,2020-01-28
6804,2013-03-07
6805,2018-08-02
6806,2024-06-02
6807,2019-04-28
6808,2023-04-19
6809,2024-11-06
6810,2005-11-07
6811,2023-09-26
6812,2000-02-14
6813,1999-10-09
6814,2002-11-13
6815,2014-09-26
6816,2022-08-07
6817,2019-04-18
6818,2020-04-23
6819,1997-08-02
6820,2024-04-26
6821,2005-01-26
6822,2019-01-19
6823,2002-04-04
6824,2006-02-09
6825,2002-03-07
6826,2015-05-29
6827,2015-07-04
6828,2001-03-08
6829,1999-05-07
6830,1997-11-20
6831,2007-12-27
6832,2018-12-25
6833,2009-09-04
6834,2023-08-02
6835,2009-02-01
6836,1999-01-12
6837,1996-05-14
6838,2015-10-22
6839,2002-06-27
6840,2001-12-16
6841,2014-09-10
6842,2022-12-05
6843,1995-10-30
6844,2001-10-25
6845,2000-11-24
6846,1997-11-27
6847,2013-11-04
6848,1998-11-22
6849,2012-06-01
6850,2016-06-08
6851,2007-02-03
6852,2017-08-12
6853,2011-10-19
6854,2021-09-29
6855,2012-03-29
6856,1997-05-02
6857,2018-06-07
6858,2000-08-15
6859,2014-06-27
6860,2017-09-01
6861,1998-03-07
6862,2000-07-02
6863,1999-09-21
6864,2001-06-03
6865,1997-06-17
6866,2014-10-31
6867,2010-02-05
6868,2021-10-24
6869,2017-10-21
6870,2017-12-20
6871,2004-11-11
6872,2019-01-25
6873,2002-08-22
6874,2013-06-18
6875,2003-09-24
6876,2007-11-02
6877,2007-01-04
6878,2002-08-23
6879,1996-12-25
6880,1999-06-18
6881,2017-05-22
6882,2024-07-11
6883,2017-09-20
6884,2000-05-18
6885,2012-03-29
6886,2002-11-04
6887,1996-04-08
6888,2016-05-18
6889,2017-12-03
6890,2010-05-04
6891,2003-03-12
6892,2005-04-09
6893,2006-07-20
6894,2003-05-18
6895,1997-10-14
6896,2014-05-14
6897,1997-10-09
6898,2020-07-26
6899,2016-12-30
6900,2021-05-20
6901,2011-10-27
6902,2018-04-05
6903,1999-05-12
6904,2020-04-29
6905,2003-02-04
6906,2015-03-28
6907,2009-03-19
6908,2004-05-14
6909,2024-07-19
6910,2022-08-05
6911,2002-08-03
6912,2007-10-24
6913,2015-10-19
6914,2002-11-05
6915,2008-06-08
6916,1997-06-03
6917,2021-05-16
6918,2008-08-17
6919,2024-12-09
6920,2001-01-10
6921,2021-08-27
6922,2022-09-06
6923,2013-11-19
6924,1999-05-10
6925,2015-06-12
6926,2016-10-05
6927,2007-04-13
6928,1999-01-05
6929,2004-11-05
6930,2010-05-19
6931,1996-02-11
6932,2000-04-12
6933,2000-03-11
6934,1997-04-19
6935,2018-07-02
6936,2010-03-08
6937,2008-11-11
6938,2015-06-05
6939,1998-05-28
6940,2004-06-04
6941,2023-12-13
6942,1996-03-25
6943,2021-09-27
6944,2017-11-09
6945,2011-05-02
6946,2005-03-04
6947,2013-07-03
6948,2009-07-29
6949,2014-12-27
6950,2019-05-21
6951,2003-02-18
6952,2011-01-02
6953,1997-12-29
6954,2000-01-17
6955,1998-11-06
6956,2001-11-29
6957,2010-06-18
6958,2001-12-28
6959,2009-04-29
6960,2010-11-19
6961,2001-10-05
6962,1996-12-21
6963,2003-05-31
6964,2005-08-15
6965,2024-05-29
6966,2014-01-19
6967,2011-04-16
6968,2003-04-05
6969,1998-03-28
6970,1996-05-03
6971,2020-05-15
6972,2008-03-16
6973,2011-02-07
6974,2017-07-05
6975,2013-05-27
6976,2023-07-08
6977,2014-07-12
6978,2015-06-25
6979,2019-11-06
6980,2004-05-01
6981,2023-01-25
6982,2024-03-26
6983,2003-03-22
6984,2024-02-15
6985,2006-06-10
6986,1996-06-06
6987,2003-10-13
6988,2012-04-06
6989,2000-01-05
6990,2004-03-18
6991,2015-04-28
6992,2000-03-31
6993,2021-01-25
6994,2010-04-14
6995,2004-10-04
6996,2003-12-17
6997,2014-06-06
6998,1997-03-02
6999,2005-05-22
7000,2009-06-19
7001,2022-08-22
7002,2023-01-04
7003,2004-04-27
7004,2016-11-04
7005,2023-08-28
7006,2007-12-25
7007,1996-03-26
7008,2017-04-04
7009,2019-03-20
7010,2016-07-20
7011,2009-06-08
7012,2018-05-26
7013,2000-04-16
7014,2009-09-10
7015,2022-03-20
7016,2017-10-09
7017,2007-12-20
7018,2016-02-15
7019,1998-07-22
7020,2024-09-24
7021,2009-01-10
7022,2007-07-31
7023,2021-05-13
7024,2001-05-08
7025,2016-11-25
7026,2014-06-24
7027,2004-05-23
7028,2017-09-06
7029,2008-02-14
7030,2002-07-21
7031,2002-09-23
7032,2015-07-15
7033,2016-11-20
7034,1999-08-20
7035,2024-05-15
7036,2003-11-10
7037,2005-04-24
7038,2009-12-02
7039,2000-02-12
7040,2004-02-29
7041,2004-01-16
7042,2015-03-13
7043,2016-05-04
7044,2015-05-19
7045,2000-10-11
7046,2015-07-13
7047,2015-09-07
7048,2011-01-11
7049,2010-05-14
7050,2010-08-09
7051,2019-08-12
7052,2012-07-10
7053,1998-02-26
7054,2017-05-16
7055,2011-06-06
7056,2022-10-15
7057,1997-02-26
7058,2023-05-03
7059,2010-04-19
7060,2021-12-05
7061,2012-01-24
7062,2012-12-26
7063,2016-06-20
7064,2022-06-21
7065,2007-02-02
7066,2004-03-19
7067,2018-10-14
7068,2005-04-09
7069,2006-10-02
7070,2016-08-01
7071,2002-12-13
7072,2010-02-18
7073,2009-12-06
7074,1998-07-13
7075,2000-09-01
7076,2017-01-18
7077,2019-07-23
7078,2001-09-11
7079,2009-10-13
7080,2021-02-17
7081,2003-02-23
7082,2017-10-24
7083,2017-09-19
7084,1999-07-18
7085,2020-09-12
7086,2001-01-27
7087,2019-10-28
7088,2011-09-02
7089,1999-12-29
7090,2015-10-09
7091,2007-11-16
7092,2019-03-22
7093,2011-05-02
7094,2006-09-16
7095,2002-05-14
7096,2002-06-20
7097,2003-05-30
7098,2010-07-19
7099,2010-07-25
7100,2009-08-28
7101,2022-07-22
7102,2016-06-10
7103,2004-11-16
7104,2001-12-24
7105,2003-01-10
7106,2016-11-11
7107,2002-10-08
7108,2006-04-19
7109,2021-08-01
7110,2002-11-26
7111,2014-01-06
7112,2010-09-02
7113,2001-10-19
7114,2021-07-16
7115,1995-11-01
7116,2019-11-05
7117,2017-06-22
7118,2023-06-05
7119,1995-12-06
7120,1999-08-31
7121,2002-01-18
7122,2005-06-13
7123,2001-12-10
7124,2003-02-21
7125,2003-01-14
7126,2007-12-16
7127,2008-02-25
7128,2009-09-24
7129,2000-02-25
7130,2021-05-29
7131,2018-04-05
7132,2010-01-21
7133,2007-03-30
7134,2006-09-21
7135,2011-05-04
7136,2016-05-15
7137,2010-05-17
7138,2013-12-14
7139,2003-04-10
7140,2002-04-04
7141,2018-11-04
7142,2006-12-27
7143,2005-02-27
7144,2001-09-02
7145,2008-03-11
7146,2021-03-20
7147,2000-07-31
7148,2004-10-15
7149,2020-05-19
7150,2005-03-31
7151,1999-01-14
7152,1997-10-24
7153,2023-12-15
7154,2020-09-03
7155,1998-09-19
7156,2021-10-02
7157,2001-03-20
7158,2003-10-03
7159,1997-02-18
7160,2013-10-22
7161,1997-08-20
7162,2015-08-25
7163,2018-09-09
7164,2024-03-28
7165,2002-08-22
7166,2023-03-23
7167,2011-01-29
7168,2016-12-10
7169,2004-09-02
7170,1999-11-22
7171,1996-04-23
7172,1997-11-10
7173,2008-01-23
7174,2014-07-08
7175,2007-07-06
7176,2013-04-21
7177,1999-07-05
7178,2007-02-18
7179,2002-06-12
7180,2020-12-14
7181,2003-09-27
7182,2017-07-22
7183,2017-03-31
7184,2017-01-21
7185,2023-06-16
7186,2003-02-19
7187,2012-05-30
7188,2010-02-22
7189,2000-12-11
7190,2006-12-27
7191,2005-07-14
7192,2005-10-09
7193,2016-08-15
7194,1996-10-07
7195,2018-01-07
7196,2015-10-10
7197,2016-04-28
7198,2018-12-19
7199,2006-07-22
7200,2016-09-25
7201,2000-05-19
7202,2012-05-31
7203,2020-05-15
7204,2024-03-14
7205,2004-05-10
7206,2001-06-15
7207,2020-04-14
7208,2022-04-01
7209,2013-06-16
7210,2001-06-22
7211,1997-09-14
7212,2017-07-09
7213,2009-12-14
7214,2004-08-26
7215,2005-05-06
7216,1998-09-27
7217,2000-04-15
7218,2008-01-14
7219,2006-07-01
7220,2001-08-31
7221,2021-12-10
7222,2010-07-10
7223,1999-02-09
7224,2014-06-23
7225,1996-09-17
7226,2005-12-15
7227,2019-02-15
7228,2006-11-14
7229,2023-08-13
7230,1997-02-18
7231,2005-04-20
7232,2004-02-15
7233,2006-10-17
7234,2022-06-08
7235,2022-12-23
7236,2020-02-16
7237,2007-11-01
7238,2007-05-14
7239,2005-12-17
7240,2004-06-19
7241,1996-05-14
7242,1995-11-08
7243,2018-10-26
7244,2006-07-03
7245,2021-06-09
7246,2004-07-23
7247,2000-03-23
7248,2020-08-26
7249,2008-11-14
7250,1999-07-26
7251,2002-04-25
7252,2016-10-17
7253,2016-09-07
7254,2001-04-27
7255,1997-01-24
7256,1995-11-16
7257,2021-10-14
7258,2016-07-26
7259,2006-11-13
7260,2011-06-05
7261,2000-01-08
7262,1998-12-03
7263,2000-02-14
7264,2009-09-16
7265,2010-09-17
7266,2022-05-25
7267,2007-08-06
7268,2020-03-01
7269,1998-02-09
7270,1998-03-19
7271,1997-02-14
7272,2002-09-21
7273,1999-01-16
7274,2008-07-22
7275,2012-07-27
7276,1999-02-07
7277,2012-04-25
7278,1996-11-29
7279,2011-03-12
7280,2003-01-02
7281,1999-06-12
7282,2004-09-22
7283,2002-09-27
7284,2011-02-24
7285,2001-08-17
7286,2018-10-18
7287,2017-12-20
7288,2008-01-10
7289,2021-03-01
7290,2016-07-11
7291,1996-05-13
7292,2022-11-02
7293,2008-06-28
7294,2016-06-06
7295,1999-11-23
7296,2006-10-03
7297,2023-06-10
7298,2000-12-22
7299,2013-03-19
7300,2006-08-02
7301,2003-07-12
7302,2023-05-01
7303,2022-01-17
7304,1996-02-16
7305,2014-02-21
7306,2011-01-06
7307,2023-05-08
7308,1996-10-01
7309,2019-08-13
7310,2014-12-26
7311,1998-01-07
7312,1996-07-27
7313,2012-05-09
7314,1997-09-16
7315,1999-04-06
7316,2007-05-09
7317,2010-02-04
7318,2022-05-27
7319,2012-09-03
7320,2001-09-15
7321,1999-03-10
7322,2012-12-28
7323,2015-11-19
7324,2007-02-07
7325,2018-05-15
7326,2006-05-30
7327,2017-07-04
7328,2002-10-04
7329,2017-09-06
7330,2022-03-08
7331,2004-02-11
7332,2000-07-28
7333,1999-06-01
7334,2018-03-28
7335,2012-02-02
7336,2006-09-27
7337,2000-07-07
7338,2014-05-30
7339,2019-02-26
7340,2024-01-03
7341,2019-07-07
7342,2013-11-15
7343,2000-04-12
7344,2024-06-10
7345,2020-10-28
7346,2016-02-12
7347,2012-05-29
7348,1998-06-01
7349,1997-02-27
7350,1996-12-20
7351,2001-12-15
7352,2002-08-10
7353,2021-01-15
7354,2023-04-30
7355,2005-08-06
7356,2010-11-02
7357,2002-12-07
7358,2002-11-03
7359,2014-03-10
7360,1998-04-22
7361,2015-05-17
7362,2009-05-04
7363,1996-04-15
7364,2023-11-23
7365,2008-05-10
7366,2012-08-24
7367,2019-01-18
7368,2011-03-15
7369,2019-04-22
7370,2019-04-26
7371,2018-03-14
7372,2020-12-27
7373,2020-03-07
7374,2016-12-20
7375,2014-06-06
7376,2010-12-31
7377,1996-03-17
7378,2007-06-19
7379,2011-06-03
7380,1997-02-27
7381,2019-12-30
7382,2007-04-13
7383,2008-07-29
7384,2022-01-22
7385,2006-12-15
7386,2017-01-27
7387,2022-04-25
7388,2017-09-11
7389,2022-04-13
7390,2003-05-11
7391,2013-09-09
7392,2017-04-25
7393,2006-07-03
7394,1998-08-03
7395,2024-07-21
7396,2017-08-12
7397,2000-07-28
7398,1999-05-27
7399,2010-08-24
7400,2015-01-29
7401,2015-06-07
7402,2004-02-08
7403,2005-10-23
7404,2011-06-28
7405,2023-09-19
7406,2005-10-31
7407,2019-08-06
7408,2019-06-04
7409,1996-06-14
7410,2015-10-08
7411,1996-06-20
7412,2009-02-05
7413,2010-09-22
7414,2007-10-17
7415,2001-06-20
7416,1999-05-02
7417,1995-11-03
7418,2019-10-13
7419,2017-05-09
7420,2019-08-12
7421,2008-05-15
7422,2024-06-09
7423,2019-12-16
7424,2024-09-06
7425,2004-04-16
7426,2008-11-15
7427,2008-07-14
7428,2006-11-18
7429,2004-12-01
7430,2013-06-20
7431,2014-02-01
7432,1997-03-07
7433,2021-12-16
7434,2015-03-02
7435,2016-12-09
7436,2014-04-29
7437,2004-07-15
7438,2013-08-19
7439,2016-10-14
7440,2022-01-07
7441,2012-04-16
7442,2001-07-29
7443,1997-08-22
7444,2009-08-06
7445,2023-01-22
7446,2010-05-28
7447,2010-10-21
7448,2017-07-06
7449,1996-05-14
7450,2010-09-11
7451,2009-10-03
7452,2004-06-05
7453,2007-04-26
7454,2011-06-18
7455,2024-07-27
7456,1999-04-10
7457,2002-03-06
7458,2019-04-19
7459,1997-05-04
7460,2020-05-24
7461,2012-09-02
7462,2015-04-16
7463,2012-10-19
7464,2010-05-10
7465,1997-07-10
7466,2001-08-01
7467,2020-07-19
7468,2000-09-26
7469,2000-07-11
7470,2011-12-09
7471,2014-01-10
7472,2007-10-01
7473,2023-03-25
7474,2016-01-15
7475,1998-01-10
7476,2021-01-03
7477,2018-08-02
7478,1995-11-27
7479,1998-07-14
7480,2020-10-13
7481,2017-02-05
7482,2005-02-28
7483,2008-06-05
7484,2020-11-02
7485,2009-11-09
7486,1996-12-02
7487,2017-05-26
7488,2021-12-20
7489,2024-02-28
7490,2007-12-24
7491,2009-07-12
7492,1998-01-28
7493,1995-12-06
7494,2010-07-28
7495,2023-12-16
7496,2003-08-31
7497,2002-03-21
7498,2002-10-26
7499,1997-09-01
7500,1996-12-31
7501,2024-04-10
7502,2022-05-14
7503,2020-12-30
7504,2009-11-08
7505,2003-02-19
7506,2001-02-18
7507,2020-01-24
7508,2010-04-07
7509,2021-05-18
7510,2005-01-01
7511,2006-12-18
7512,2008-08-14
7513,2001-07-30
7514,2015-09-24
7515,2019-04-02
7516,2006-07-21
7517,2004-02-22
7518,2014-05-06
7519,2001-03-15
7520,1996-05-08
7521,1999-06-09
7522,2019-04-26
7523,2003-06-18
7524,2005-12-17
7525,2012-12-13
7526,2010-11-23
7527,1999-07-22
7528,1998-09-27
7529,2011-04-06
7530,2008-12-27
7531,2002-12-01
7532,2012-10-31
7533,2003-09-01
7534,2022-08-31
7535,2001-01-05
7536,2013-01-03
7537,2014-12-15
7538,1997-09-13
7539,2014-01-05
7540,2020-06-28
7541,1996-02-10
7542,2000-01-29
7543,2016-07-29
7544,1997-07-07
7545,2013-04-05
7546,2003-07-14
7547,2006-11-10
7548,2012-09-23
7549,2022-01-19
7550,2023-03-13
7551,2004-03-22
7552,2008-09-22
7553,1998-07-23
7554,2018-09-19
7555,2011-12-23
7556,2009-07-24
7557,2024-01-26
7558,2001-05-24
7559,1999-04-09
7560,2004-07-30
7561,2022-10-10
7562,2010-05-09
7563,2024-07-16
7564,2009-03-29
7565,2020-11-30
7566,2024-04-08
7567,2018-06-02
7568,2024-01-05
7569,2017-04-19
7570,2019-03-27
7571,2011-02-16
7572,2021-01-02
7573,2000-01-11
7574,1995-11-08
7575,2008-02-23
7576,2001-11-16
7577,2000-10-23
7578,2004-04-10
7579,1996-12-16
7580,2018-08-17
7581,2021-08-11
7582,2000-07-31
7583,2024-10-14
7584,2010-03-18
7585,2023-03-15
7586,2007-03-14
7587,2016-05-17
7588,2020-08-09
7589,1996-08-23
7590,2021-11-12
7591,2019-09-21
7592,2017-12-06
7593,2023-02-28
7594,1997-08-03
7595,2004-04-27
7596,2015-07-23
7597,2018-08-12
7598,2012-03-27
7599,2008-05-08
7600,2008-11-26
7601,2004-08-17
7602,2015-06-28
7603,1997-12-01
7604,2023-06-10
7605,2009-05-22
7606,2010-02-21
7607,2013-03-07
7608,2016-02-02
7609,1996-09-26
7610,2012-03-06
7611,2011-05-10
7612,2023-10-14
7613,2006-10-30
7614,2011-03-28
7615,2019-06-19
7616,1999-09-11
7617,1995-12-01
7618,2016-12-06
7619,2023-06-16
7620,2021-03-28
7621,2024-12-05
7622,2022-04-21
7623,2019-04-27
7624,2015-08-12
7625,2006-05-20
7626,2001-06-01
7627,2010-10-04
7628,2000-07-14
7629,2024-04-13
7630,2019-08-08
7631,2014-02-08
7632,1999-10-25
7633,2015-02-03
7634,2024-12-14
7635,1998-02-05
7636,2016-01-28
7637,2011-02-13
7638,2010-09-14
7639,2022-12-12
7640,2020-08-01
7641,2003-02-14
7642,2008-10-01
7643,1997-12-25
7644,2014-11-28
7645,1998-01-22
7646,2010-06-08
7647,2015-07-08
7648,2020-12-28
7649,2023-10-08
7650,2017-11-06
7651,2023-12-15
7652,2000-09-24
7653,2014-10-08
7654,2006-07-04
7655,2005-11-26
7656,1996-10-23
7657,2000-09-17
7658,1997-04-29
7659,1998-12-03
7660,2008-10-18
7661,2019-10-28
7662,2007-01-28
7663,2012-08-30
7664,1997-05-14
7665,2016-08-15
7666,2011-06-20
7667,2013-02-16
7668,2009-05-14
7669,2002-03-29
7670,2013-01-11
7671,2007-06-18
7672,2005-08-20
7673,2024-07-03
7674,2011-09-15
7675,1996-01-17
7676,2006-02-03
7677,2012-02-10
7678,2002-08-04
7679,2024-11-09
7680,2023-09-10
7681,2007-07-29
7682,2004-12-22
7683,2006-11-25
7684,1998-01-09
7685,2007-01-27
7686,1999-08-26
7687,2002-02-08
7688,2019-01-30
7689,1996-09-24
7690,1998-07-17
7691,2017-11-05
7692,2003-10-31
7693,2024-08-26
7694,2019-08-28
7695,2008-05-25
7696,2008-07-26
7697,1999-02-10
7698,2004-09-15
7699,2008-07-07
7700,2018-11-17
7701,2016-02-14
7702,2002-11-22
7703,1997-03-20
7704,2023-09-07
7705,2015-09-14
7706,1998-05-15
7707,2016-06-15
7708,1996-12-12
7709,2022-04-10
7710,2002-07-30
7711,1999-06-11
7712,2000-11-25
7713,2011-10-31
7714,2002-10-07
7715,2003-08-07
7716,2006-08-09
7717,2021-01-30
7718,2017-04-11
7719,2016-05-08
7720,2014-04-06
7721,2022-10-07
7722,2001-04-20
7723,2004-09-08
7724,2001-08-27
7725,2011-03-26
7726,1999-05-01
7727,2021-03-22
7728,2006-03-24
7729,2013-08-31
7730,2010-08-01
7731,2019-10-27
7732,1999-06-04
7733,2013-09-01
7734,2014-12-21
7735,2007-03-12
7736,2009-03-18
7737,1997-12-18
7738,2002-09-15
7739,2012-12-30
7740,2023-12-05
7741,2015-10-30
7742,2016-03-20
7743,2010-09-23
7744,2000-01-02
7745,2012-05-23
7746,2020-10-18
7747,2014-07-02
7748,2010-05-27
7749,2024-04-01
7750,2023-07-09
7751,2005-06-07
7752,2008-09-18
7753,2018-04-08
7754,2008-12-15
7755,2017-06-25
7756,2017-09-06
7757,2007-02-07
7758,1999-11-08
7759,2011-08-11
7760,2014-07-05
7761,1998-11-23
7762,1996-01-09
7763,2017-02-02
7764,2000-06-15
7765,2002-10-22
7766,2015-10-21
7767,2014-09-02
7768,2017-02-28
7769,1997-04-25
7770,2005-06-24
7771,2017-12-28
7772,2004-04-22
7773,2010-02-11
7774,2000-08-13
7775,2001-04-17
7776,2013-10-14
7777,2004-11-22
7778,2024-01-03
7779,2024-10-14
7780,1998-02-14
7781,2004-07-22
7782,2017-07-10
7783,2016-10-09
7784,2005-06-29
7785,2000-11-03
7786,2011-11-06
7787,2002-04-17
7788,1997-12-04
7789,2005-02-19
7790,1998-07-08
7791,2012-12-31
7792,2011-07-18
7793,2008-05-22
7794,2004-06-07
7795,2000-09-06
7796,2006-04-04
7797,2018-12-04
7798,2000-01-17
7799,1998-01-18
7800,1999-11-25
7801,2001-06-29
7802,2012-03-29
7803,2011-06-06
7804,2001-10-05
7805,2013-09-17
7806,2024-10-24
7807,2016-04-11
7808,2010-03-24
7809,2000-03-05
7810,2005-07-22
7811,2008-07-27
7812,2021-03-13
7813,2006-03-01
7814,2021-09-22
7815,2022-09-29
7816,2013-07-19
7817,2007-06-21
7818,2015-08-18
7819,2024-10-08
7820,1997-08-31
7821,2022-06-17
7822,2013-09-12
7823,2012-04-18
7824,2001-12-02
7825,2009-07-03
7826,2003-09-29
7827,2002-09-28
7828,1998-10-20
7829,1998-10-08
7830,2013-09-14
7831,2022-02-11
7832,2023-10-11
7833,2002-02-23
7834,1996-08-13
7835,2019-04-20
7836,2002-04-29
7837,2002-08-03
7838,2015-04-24
7839,2006-11-12
7840,2007-08-02
7841,2002-08-08
7842,2019-06-15
7843,2003-05-24
7844,2014-02-04
7845,2001-12-02
7846,2006-07-27
7847,2001-06-08
7848,2020-03-23
7849,2012-12-02
7850,2008-08-25
7851,2005-03-30
7852,2023-04-29
7853,2011-06-25
7854,2015-07-31
7855,2006-12-04
7856,2010-10-26
7857,2011-02-07
7858,2019-07-07
7859,2022-04-14
7860,2003-01-28
7861,1997-02-03
7862,2007-11-14
7863,2022-10-14
7864,2006-05-15
7865,2001-08-19
7866,2007-07-03
7867,1999-01-17
7868,2015-02-02
7869,2013-02-14
7870,2012-10-16
7871,1996-07-10
7872,2009-11-17
7873,2018-03-28
7874,2003-05-17
7875,2008-05-28
7876,2020-05-21
7877,2022-02-25
7878,2016-01-27
7879,2011-12-20
7880,2019-02-12
7881,2022-12-09
7882,2004-09-14
7883,2023-09-25
7884,1998-07-18
7885,1999-01-03
7886,2010-04-25
7887,2018-03-31
7888,1998-12-03
7889,2023-02-06
7890,2017-03-29
7891,2013-05-06
7892,2021-01-20
7893,2004-02-09
7894,2014-06-25
7895,1999-09-23
7896,2005-03-26
7897,2016-08-02
7898,2007-07-07
7899,2021-09-26
7900,2016-12-10
7901,1998-09-04
7902,2001-07-05
7903,1998-05-23
7904,2023-06-20
7905,2015-03-01
7906,2009-11-14
7907,2003-03-14
7908,1996-12-15
7909,2006-01-03
7910,2001-01-29
7911,2014-11-22
7912,2013-03-07
7913,2019-12-26
7914,2015-07-15
7915,2003-12-05
7916,2002-02-06
7917,2001-02-03
7918,2015-06-14
7919,2015-04-10
7920,2020-07-18
7921,1998-09-06
7922,2021-05-11
7923,2000-08-02
7924,2003-02-16
7925,2012-03-05
7926,2000-10-09
7927,1997-08-05
7928,2007-09-17
7929,2001-06-11
7930,2007-07-09
7931,2015-06-09
7932,2022-09-22
7933,2018-03-22
7934,2007-06-20
7935,2020-02-13
7936,1998-04-25
7937,2016-03-15
7938,1998-05-11
7939,2004-09-18
7940,1997-08-31
7941,2005-06-19
7942,2011-03-21
7943,1999-10-14
7944,2012-01-25
7945,2003-07-10
7946,2019-08-25
7947,2016-12-19
7948,1996-10-19
7949,2020-04-17
7950,2006-12-17
7951,2012-06-19
7952,2000-09-16
7953,1998-08-06
7954,2024-10-03
7955,1999-08-14
7956,2012-11-09
7957,2013-08-17
7958,2019-07-18
7959,2018-08-28
7960,2010-04-25
7961,2002-04-19
7962,2010-08-01
7963,2000-11-29
7964,2016-05-11
7965,2015-09-27
7966,2024-11-16
7967,2013-03-15
7968,2014-11-21
7969,2023-08-06
7970,2020-02-19
7971,1999-07-06
7972,2008-10-12
7973,2011-06-01
7974,2022-06-05
7975,2005-09-01
7976,2004-11-06
7977,2000-08-29
7978,2023-07-01
7979,2021-04-11
7980,2009-07-12
7981,1997-01-17
7982,2003-07-09
7983,1996-10-17
7984,2018-08-14
7985,1998-11-11
7986,1996-10-31
7987,2000-08-28
7988,2008-04-05
7989,2004-06-01
7990,2014-02-05
7991,2013-03-04
7992,2018-01-25
7993,2018-05-26
7994,2019-02-12
7995,2006-12-12
7996,2000-07-27
7997,2020-07-24
7998,2000-01-16
7999,2013-11-13
8000,2021-05-01
8001,2016-09-05
8002,2008-10-13
8003,2016-11-26
8004,2024-04-06
8005,2015-09-28
8006,2012-04-13
8007,2007-10-31
8008,2005-04-01
8009,2011-12-13
8010,2000-09-17
8011,2000-01-13
8012,2003-11-16
8013,2016-11-15
8014,2015-12-26
8015,2017-09-05
8016,2012-05-03
8017,1998-04-04
8018,2018-08-26
8019,2021-12-29
8020,2015-07-30
8021,2003-01-01
8022,1996-01-28
8023,2008-03-12
8024,1999-09-04
8025,2011-11-08
8026,2005-09-27
8027,2008-08-09
8028,2004-09-27
8029,2017-10-09
8030,2003-03-12
8031,2019-04-30
8032,2022-02-14
8033,2006-04-25
8034,2000-04-19
8035,2011-03-11
8036,2012-04-28
8037,2011-11-14
8038,2014-09-03
8039,2003-08-15
8040,1995-11-25
8041,2023-09-22
8042,1998-09-26
8043,2007-05-02
8044,2015-05-24
8045,2012-07-30
8046,2003-01-21
8047,2018-12-05
8048,2010-04-11
8049,2024-07-06
8050,2002-10-23
8051,2020-03-10
8052,1999-05-23
8053,2003-11-25
8054,2011-09-26
8055,2000-11-25
8056,2003-05-26
8057,2018-08-30
8058,2004-04-21
8059,2019-08-27
8060,1998-05-22
8061,2014-02-25
8062,2007-05-19
8063,2002-09-17
8064,2016-11-20
8065,2015-05-20
8066,2009-11-23
8067,2009-07-12
8068,2000-11-03
8069,2018-05-18
8070,1999-05-07
8071,2017-05-15
8072,2012-03-15
8073,2003-08-21
8074,2005-08-18
8075,2009-03-03
8076,2017-06-12
8077,2004-12-14
8078,2024-08-15
8079,2001-06-21
8080,2016-07-17
8081,2001-01-04
8082,2009-02-28
8083,2017-09-23
8084,2014-12-16
8085,2016-09-14
8086,2009-02-25
8087,2001-05-10
8088,2003-09-04
8089,2019-11-08
8090,2015-06-27
8091,2013-04-22
8092,2021-10-09
8093,2021-01-17
8094,2011-07-26
8095,2001-01-09
8096,2002-01-29
8097,1995-10-26
8098,2004-10-16
8099,2006-07-26
8100,2002-08-23
8101,2000-09-19
8102,2021-10-05
8103,2006-02-27
8104,2008-07-28
8105,2011-11-26
8106,2022-06-27
8107,2019-01-04
8108,2007-06-28
8109,2001-04-16
8110,2008-08-14
8111,2023-02-24
8112,2023-02-20
8113,1995-10-29
8114,2015-12-03
8115,2002-03-15
8116,2023-02-08
8117,2015-09-02
8118,1999-04-11
8119,2001-08-14
8120,2018-10-13
8121,2000-03-28
8122,1997-08-11
8123,2020-06-01
8124,1995-12-23
8125,2007-03-29
8126,2012-11-30
8127,2010-08-30
8128,2024-02-15
8129,2020-03-04
8130,2022-01-27
8131,2010-02-17
8132,1999-11-19
8133,2010-03-01
8134,2017-06-17
8135,2003-01-24
8136,2010-11-05
8137,2024-04-29
8138,2023-12-01
8139,2016-03-04
8140,2024-09-03
8141,2023-02-12
8142,2009-06-28
8143,2017-12-05
8144,2014-02-05
8145,2018-12-30
8146,1998-04-25
8147,1997-02-07
8148,2024-04-14
8149,2004-09-13
8150,2001-04-12
8151,2005-01-09
8152,1996-01-23
8153,2005-01-29
8154,2016-01-29
8155,2020-02-22
8156,2007-08-31
8157,2000-01-16
8158,2002-07-25
8159,2008-01-21
8160,1996-10-29
8161,2021-09-12
8162,2019-04-09
8163,2005-06-26
8164,2004-01-15
8165,2011-07-08
8166,2007-03-05
8167,2015-05-15
8168,2011-08-03
8169,2010-08-16
8170,2005-01-05
8171,2018-04-22
8172,2018-01-13
8173,2001-08-02
8174,2017-05-11
8175,2003-01-26
8176,2009-11-24
8177,1996-12-04
8178,1997-11-30
8179,2012-02-29
8180,2010-08-09
8181,2004-04-15
8182,2024-10-12
8183,2005-12-18
8184,2020-09-26
8185,2008-02-04
8186,2017-02-25
8187,2004-11-18
8188,2012-01-04
8189,2001-04-19
8190,2005-06-27
8191,2002-09-19
8192,2023-11-30
8193,2021-05-04
8194,2020-05-04
8195,2002-01-10
8196,2023-06-02
8197,2004-08-10
8198,2021-03-06
8199,1998-08-29
8200,2004-01-31
8201,2003-12-06
8202,2018-01-25
8203,2001-10-23
8204,2002-05-03
8205,2011-07-21
8206,2022-10-22
8207,2024-04-19
8208,2006-12-22
8209,1997-06-12
8210,2001-04-04
8211,2024-05-05
8212,2005-02-09
8213,2006-09-03
8214,2002-06-17
8215,2008-05-11
8216,2018-01-12
8217,2010-02-24
8218,2006-12-25
8219,2003-02-16
8220,1999-03-23
8221,2019-09-20
8222,2022-03-30
8223,2002-06-20
8224,1999-09-01
8225,2011-09-12
8226,2006-11-26
8227,2004-07-25
8228,2003-11-10
8229,2005-03-17
8230,1998-11-28
8231,2005-07-30
8232,2004-07-20
8233,2003-09-12
8234,2012-08-30
8235,2010-08-11
8236,2017-04-02
8237,2019-01-15
8238,2014-05-09
8239,2024-05-04
8240,2022-04-04
8241,2023-01-22
8242,2005-06-24
8243,2008-07-10
8244,2013-05-14
8245,2019-12-17
8246,2012-05-07
8247,2003-06-23
8248,2005-03-28
8249,1998-11-01
8250,2007-08-13
8251,2024-01-13
8252,2016-11-03
8253,2009-03-21
8254,2008-06-19
8255,2011-03-30
8256,2000-01-28
8257,2021-01-22
8258,2024-08-01
8259,2011-07-08
8260,2021-04-18
8261,2007-06-29
8262,1996-07-14
8263,2007-11-01
8264,2001-02-24
8265,2016-01-23
8266,2001-06-07
8267,2022-11-13
8268,1997-07-27
8269,2013-06-02
8270,2008-01-19
8271,2019-04-12
8272,2013-06-12
8273,1997-07-04
8274,2013-11-04
8275,2009-11-09
8276,2020-09-10
8277,1999-07-06
8278,2004-08-15
8279,2019-11-08
8280,2006-10-24
8281,2008-02-28
8282,1999-02-11
8283,2001-12-24
8284,1995-12-08
8285,2021-09-19
8286,1999-05-31
8287,2019-05-21
8288,2018-11-19
8289,2008-04-10
8290,2004-01-09
8291,1998-07-16
8292,2005-09-10
8293,2023-09-28
8294,2000-02-13
8295,2024-04-21
8296,2013-07-28
8297,2007-07-19
8298,2022-12-26
8299,2016-07-05
8300,2019-10-17
8301,2001-03-08
8302,1996-10-26
8303,2023-07-01
8304,2002-01-19
8305,2024-03-26
8306,1995-11-19
8307,2018-02-09
8308,2005-06-28
8309,1996-01-11
8310,2015-03-15
8311,2000-11-30
8312,2007-09-17
8313,2004-10-04
8314,2016-12-20
8315,2019-08-16
8316,2000-11-28
8317,2005-01-21
8318,2019-05-24
8319,2012-11-21
8320,2020-08-09
8321,2022-01-25
8322,2009-11-24
8323,2011-04-25
8324,1996-12-19
8325,2018-05-31
8326,2014-08-30
8327,2013-05-12
8328,2013-02-24
8329,2021-12-28
8330,2000-02-09
8331,2013-03-30
8332,2018-11-29
8333,2003-09-20
8334,2011-12-15
8335,1999-11-26
8336,2015-10-06
8337,2004-07-24
8338,2023-06-20
8339,2014-06-21
8340,1997-02-12
8341,2008-07-19
8342,2018-11-20
8343,1998-08-07
8344,2021-01-10
8345,2005-04-05
8346,2009-04-18
8347,2008-04-24
8348,2016-09-05
8349,2017-05-30
8350,2018-06-12
8351,2012-01-30
8352,2008-04-27
8353,2022-01-12
8354,2015-08-02
8355,2015-10-21
8356,2007-11-22
8357,2000-03-03
8358,2017-02-17
8359,2022-06-06
8360,2002-07-19
8361,2007-03-16
8362,2010-03-15
8363,2011-03-11
8364,2005-02-27
8365,2020-10-17
8366,2003-06-17
8367,2004-08-10
8368,2001-09-24
8369,2016-06-12
8370,1997-04-13
8371,2004-03-04
8372,2020-02-14
8373,1997-04-02
8374,1996-11-29
8375,2007-09-23
8376,2002-03-10
8377,2009-03-22
8378,2019-08-25
8379,1999-01-27
8380,2008-10-05
8381,2004-03-06
8382,2000-09-28
8383,2003-09-27
8384,2002-08-31
8385,1998-01-21
8386,2013-10-23
8387,2011-02-27
8388,1996-12-28
8389,2000-11-11
8390,2020-03-03
8391,1997-10-05
8392,2014-04-15
8393,2018-03-13
8394,1999-11-21
8395,1999-01-10
8396,2013-07-08
8397,1999-04-21
8398,2018-09-28
8399,2016-06-04
8400,2001-11-08
8401,2016-04-22
8402,1998-02-22
8403,2023-01-19
8404,1999-12-17
8405,2009-07-18
8406,2004-01-01
8407,2001-05-26
8408,1998-09-22
8409,2001-04-27
8410,2014-05-15
8411,2024-02-27
8412,2020-09-27
8413,1998-01-14
8414,2021-07-27
8415,2009-09-15
8416,2006-08-05
8417,1996-03-24
8418,2015-04-14
8419,2012-08-15
8420,2009-06-27
8421,2008-11-30
8422,2000-05-22
8423,2010-10-04
8424,2017-09-19
8425,2018-11-25
8426,2006-03-28
8427,1998-05-19
8428,2000-06-23
8429,2017-07-26
8430,2018-04-24
8431,2023-09-24
8432,2024-09-03
8433,2023-01-13
8434,2020-10-21
8435,2003-03-23
8436,2015-01-07
8437,1998-05-19
8438,2002-12-19
8439,2015-01-08
8440,2012-12-26
8441,2004-06-02
8442,2020-10-30
8443,2001-05-14
8444,2011-11-17
8445,2008-12-18
8446,2022-09-02
8447,2005-05-05
8448,2003-03-23
8449,2002-03-03
8450,2024-10-24
8451,2022-03-17
8452,1998-03-26
8453,2021-09-03
8454,2021-12-31
8455,1997-05-30
8456,2006-05-27
8457,2017-01-28
8458,2006-04-26
8459,2004-02-25
8460,2023-05-23
8461,1997-07-20
8462,2022-02-08
8463,2006-08-05
8464,2010-01-19
8465,2005-10-21
8466,2021-06-12
8467,2002-05-08
8468,2010-05-01
8469,2008-10-29
8470,1999-04-23
8471,1999-05-20
8472,2019-01-17
8473,1999-04-04
8474,2002-03-15
8475,2000-03-05
8476,2006-05-29
8477,2014-09-10
8478,2021-02-13
8479,2020-11-21
8480,2023-03-21
8481,2021-10-03
8482,2007-10-02
8483,2000-10-05
8484,2017-05-01
8485,1998-12-28
8486,2007-04-23
8487,2010-05-29
8488,2006-08-24
8489,2018-06-13
8490,2011-01-14
8491,1999-10-01
8492,2013-10-17
8493,1998-02-03
8494,2016-05-30
8495,2018-06-28
8496,2009-06-05
8497,2017-07-15
8498,2023-07-12
8499,2004-12-16
8500,2010-10-20
8501,2010-07-19
8502,2016-04-13
8503,2023-04-16
8504,2020-05-07
8505,1997-03-28
8506,2014-12-04
8507,1996-01-13
8508,1999-07-05
8509,2015-08-14
8510,1996-03-25
8511,1996-01-11
8512,1999-06-24
8513,2013-02-08
8514,2009-06-04
8515,2022-06-30
8516,2019-03-06
8517,2000-08-24
8518,2013-01-01
8519,2006-11-14
8520,2021-09-05
8521,2017-06-18
8522,2006-09-15
8523,1999-01-04
8524,2010-04-22
8525,2021-12-02
8526,2023-11-15
8527,2006-04-26
8528,2020-10-31
8529,2004-11-10
8530,2009-03-04
8531,2015-01-13
8532,1997-06-16
8533,2001-02-12
8534,2011-11-14
8535,2021-03-08
8536,2021-10-14
8537,2003-11-07
8538,2017-04-30
8539,2008-12-09
8540,1996-07-03
8541,2016-11-26
8542,2019-04-01
8543,2002-10-15
8544,2009-07-11
8545,1996-06-21
8546,2013-05-19
8547,2020-10-11
8548,2008-07-13
8549,2020-01-13
8550,2014-11-22
8551,2022-07-25
8552,2018-03-09
8553,2000-10-17
8554,2008-11-19
8555,2018-01-03
8556,2004-05-10
8557,2015-08-23
8558,2022-10-04
8559,2013-11-19
8560,2017-07-18
8561,2013-07-01
8562,2021-06-04
8563,2004-11-02
8564,2016-07-15
8565,2006-09-07
8566,2022-09-21
8567,2022-04-06
8568,2019-05-29
8569,2008-03-21
8570,2021-10-09
8571,2020-04-25
8572,2021-09-26
8573,2003-05-18
8574,2017-11-18
8575,2018-01-21
8576,2017-04-15
8577,2006-12-14
8578,2013-06-02
8579,2022-01-28
8580,2003-09-21
8581,2006-03-03
8582,2003-06-19
8583,2005-10-31
8584,2013-02-04
8585,1997-07-16
8586,2013-04-13
8587,2003-05-24
8588,2003-07-11
8589,2015-09-21
8590,1997-03-09
8591,2015-08-18
8592,2011-12-27
8593,2011-04-14
8594,2005-06-29
8595,2008-10-10
8596,1998-09-09
8597,2022-06-27
8598,2021-02-09
8599,2018-12-26
8600,2015-09-29
8601,2013-07-20
8602,2022-12-27
8603,1996-01-25
8604,2016-02-26
8605,2001-02-26
8606,2006-04-25
8607,2011-03-23
8608,1996-04-19
8609,2013-03-14
8610,2009-10-03
8611,2007-04-26
8612,1999-04-02
8613,2016-06-21
8614,2012-04-08
8615,2000-11-20
8616,1997-10-14
8617,2017-03-27
8618,2012-02-10
8619,2003-04-09
8620,2004-10-10
8621,2006-09-20
8622,2024-11-06
8623,2003-11-15
8624,2006-09-22
8625,2014-03-24
8626,2018-03-07
8627,1999-09-16
8628,2023-03-16
8629,2024-03-10
8630,2009-03-10
8631,2014-12-06
8632,2011-12-17
8633,2020-03-10
8634,2012-09-08
8635,2012-05-02
8636,2008-03-11
8637,2009-08-25
8638,2002-10-24
8639,2002-07-08
8640,2024-09-30
8641,2005-11-10
8642,2021-06-30
8643,2013-05-02
8644,2003-08-13
8645,2022-08-26
8646,2006-06-13
8647,2007-11-26
8648,2017-06-03
8649,2008-05-03
8650,1999-05-24
8651,2003-04-26
8652,2001-12-17
8653,2023-07-21
8654,2017-02-21
8655,2004-12-30
8656,2010-02-28
8657,2021-02-12
8658,2019-10-05
8659,2008-03-25
8660,2014-08-25
8661,2005-08-12
8662,2004-06-02
8663,2020-06-16
8664,2022-05-20
8665,2016-12-07
8666,2000-06-17
8667,2012-07-02
8668,2014-03-11
8669,2014-04-26
8670,2024-04-27
8671,2005-01-14
8672,2019-08-17
8673,2020-04-28
8674,2020-10-17
8675,2015-02-18
8676,2005-08-19
8677,2019-07-11
8678,2000-07-04
8679,2014-12-26
8680,2012-08-29
8681,2016-10-24
8682,2001-01-19
8683,2009-07-17
8684,1997-07-02
8685,1999-06-05
8686,1998-05-05
8687,2010-06-10
8688,2007-07-19
8689,2009-01-27
8690,2012-10-19
8691,2009-04-18
8692,2001-12-14
8693,2023-08-28
8694,2013-03-21
8695,2006-01-15
8696,1996-05-07
8697,2022-12-04
8698,2018-05-30
8699,2015-01-14
8700,2017-02-13
8701,2016-12-06
8702,2000-08-29
8703,2007-09-09
8704,2021-06-30
8705,2015-07-01
8706,2021-01-14
8707,2007-06-03
8708,2005-02-22
8709,2006-05-30
8710,2019-02-09
8711,2018-09-15
8712,2020-10-08
8713,1999-09-10
8714,1997-11-18
8715,2016-06-29
8716,2008-04-19
8717,2002-12-21
8718,2021-06-15
8719,1998-02-22
8720,2014-07-09
8721,2021-05-25
8722,2003-05-07
8723,1999-06-13
8724,1997-05-22
8725,2015-10-23
8726,2004-10-28
8727,1995-12-07
8728,2011-10-14
8729,1996-06-09
8730,2013-07-29
8731,2018-06-26
8732,2018-12-20
8733,1997-07-22
8734,2008-01-23
8735,2013-03-01
8736,2022-03-01
8737,2011-01-15
8738,2017-04-01
8739,2000-12-19
8740,2007-06-01
8741,2002-03-08
8742,2016-07-06
8743,2009-08-19
8744,2007-07-24
8745,2008-10-27
8746,2009-06-16
8747,1996-01-20
8748,2024-12-12
8749,2017-05-04
8750,2020-10-22
8751,2001-10-01
8752,2003-04-14
8753,2009-09-04
8754,2011-06-27
8755,2005-05-25
8756,2009-07-01
8757,2005-04-28
8758,2009-01-18
8759,2001-07-31
8760,2023-12-31
8761,2018-07-02
8762,1998-04-26
8763,2019-03-27
8764,2020-01-25
8765,2024-12-27
8766,2006-02-03
8767,2004-05-27
8768,2001-07-12
8769,2001-08-07
8770,2000-03-06
8771,2008-07-19
8772,2019-08-15
8773,2017-01-24
8774,1996-11-27
8775,2007-01-19
8776,2009-08-22
8777,2009-05-25
8778,2023-04-08
8779,2009-08-06
8780,2000-06-20
8781,2021-01-20
8782,2015-06-27
8783,2015-08-27
8784,2021-02-03
8785,2000-01-12
8786,2024-03-13
8787,2009-03-15
8788,2023-07-09
8789,2004-01-25
8790,2017-03-30
8791,1999-02-07
8792,2008-06-13
8793,2023-08-04
8794,2019-10-06
8795,2003-05-06
8796,2001-10-06
8797,2007-06-04
8798,2001-01-25
8799,2022-03-29
8800,2023-12-04
8801,2013-03-14
8802,2022-03-22
8803,2018-01-10
8804,2022-07-02
8805,2003-01-01
8806,2002-05-31
8807,2003-03-21
8808,2010-06-17
8809,1997-01-08
8810,2007-01-30
8811,2024-10-27
8812,2005-02-09
8813,2007-11-12
8814,2011-12-15
8815,2019-04-12
8816,2008-04-14
8817,2012-08-08
8818,2009-11-14
8819,2006-12-02
8820,2003-05-08
8821,2016-06-02
8822,2022-08-02
8823,2012-04-24
8824,2004-01-23
8825,2021-01-19
8826,2004-06-24
8827,2010-12-07
8828,2003-03-18
8829,2005-06-19
8830,1997-12-06
8831,2000-02-11
8832,2004-12-23
8833,1999-03-06
8834,2023-03-29
8835,1999-07-29
8836,2017-09-16
8837,2016-10-06
8838,2020-02-14
8839,2009-12-10
8840,2004-11-27
8841,2017-05-25
8842,2016-01-12
8843,2012-03-22
8844,2006-03-17
8845,2013-06-03
8846,2012-07-01
8847,2022-05-09
8848,2020-04-07
8849,2007-07-29
8850,2002-06-19
8851,2022-03-25
8852,2009-02-08
8853,2019-04-23
8854,2015-12-24
8855,2019-06-16
8856,2017-05-05
8857,2015-10-31
8858,2020-01-12
8859,2019-08-20
8860,2022-11-20
8861,2022-02-03
8862,2022-05-04
8863,2000-06-02
8864,1999-08-24
8865,2013-10-13
8866,2022-11-11
8867,1996-07-18
8868,1998-07-05
8869,2009-07-11
8870,2011-07-23
8871,2009-12-26
8872,2003-02-28
8873,2005-08-18
8874,2022-04-04
8875,2021-10-17
8876,2017-04-22
8877,2014-09-10
8878,2021-10-15
8879,1996-05-29
8880,2010-07-28
8881,2009-10-16
8882,2015-06-30
8883,2013-04-10
8884,1999-12-23
8885,2022-09-20
8886,2004-09-03
8887,2003-02-18
8888,2020-06-14
8889,2010-09-05
8890,1997-04-16
8891,2003-01-22
8892,2007-12-01
8893,2024-04-10
8894,1996-03-29
8895,2000-05-31
8896,1997-10-02
8897,2006-02-01
8898,2024-11-08
8899,2021-05-23
8900,2004-04-19
8901,2001-10-08
8902,2005-08-12
8903,1997-12-13
8904,2004-07-12
8905,2002-01-01
8906,1999-01-18
8907,1999-10-28
8908,2011-01-11
8909,1996-01-06
8910,2021-05-23
8911,2017-06-10
8912,2019-01-10
8913,2004-02-11
8914,2008-10-10
8915,2002-09-17
8916,1998-08-12
8917,2014-07-08
8918,2001-10-05
8919,1996-11-25
8920,2019-11-24
8921,2023-06-27
8922,2012-11-21
8923,2011-02-05
8924,2001-03-17
8925,2007-07-14
8926,2016-05-27
8927,2017-08-09
8928,2007-04-16
8929,2024-01-24
8930,2008-09-05
8931,1999-07-26
8932,2011-11-26
8933,2024-09-16
8934,2018-04-16
8935,2003-11-06
8936,2023-06-20
8937,2024-07-24
8938,2023-02-01
8939,1998-05-12
8940,2008-09-01
8941,2012-01-16
8942,2010-04-26
8943,2008-12-11
8944,2005-07-16
8945,2012-09-18
8946,2004-10-10
8947,2008-01-15
8948,2015-02-17
8949,2015-05-06
8950,2012-08-06
8951,1998-11-17
8952,1999-11-22
8953,2019-07-30
8954,2009-12-19
8955,2009-12-26
8956,2010-01-22
8957,2000-04-24
8958,2018-05-11
8959,2017-01-08
8960,2013-06-06
8961,2020-11-06
8962,2022-02-18
8963,2014-03-12
8964,2019-03-12
8965,2007-07-02
8966,2009-01-21
8967,1996-08-05
8968,2016-12-24
8969,2007-03-10
8970,2008-09-14
8971,2012-06-05
8972,2012-06-28
8973,2010-08-23
8974,2023-07-12
8975,2013-11-24
8976,2013-01-14
8977,2006-08-12
8978,2002-08-21
8979,2011-05-21
8980,2001-09-30
8981,2022-07-26
8982,1995-12-15
8983,1996-11-02
8984,2006-08-28
8985,2000-12-18
8986,2017-10-27
8987,1999-12-03
8988,2024-07-28
8989,2017-12-22
8990,2011-07-14
8991,2016-01-14
8992,2022-06-07
8993,1997-06-01
8994,2002-12-08
8995,2002-04-25
8996,2000-03-19
8997,2016-06-26
8998,2000-08-12
8999,2003-12-11
9000,2022-06-12
9001,2012-08-09
9002,2001-04-10
9003,2005-08-12
9004,2005-03-14
9005,2016-08-14
9006,1997-01-01
9007,2002-11-28
9008,1998-06-25
9009,2009-05-04
9010,2015-05-18
9011,2023-06-23
9012,2011-05-29
9013,2011-06-10
9014,2000-11-26
9015,2003-05-08
9016,2006-01-20
9017,2011-06-24
9018,2024-06-04
9019,2013-12-18
9020,2018-08-10
9021,2003-01-06
9022,2006-01-15
9023,2004-10-14
9024,2023-06-10
9025,2021-05-26
9026,2002-05-13
9027,2023-08-22
9028,2020-03-21
9029,2000-03-10
9030,2022-01-19
9031,2007-09-05
9032,2023-05-29
9033,2013-06-09
9034,2014-02-03
9035,2019-12-03
9036,2001-09-08
9037,2013-10-04
9038,2011-01-07
9039,2004-10-01
9040,2009-10-05
9041,2019-04-30
9042,2004-09-30
9043,2015-11-23
9044,2010-09-23
9045,2012-07-18
9046,1998-07-18
9047,2022-08-31
9048,2000-08-29
9049,2010-05-12
9050,2014-07-10
9051,2003-09-12
9052,2009-05-13
9053,2007-08-21
9054,2012-04-06
9055,1998-07-29
9056,2009-10-18
9057,2018-07-15
9058,1999-08-30
9059,2019-07-12
9060,2022-12-13
9061,2022-11-08
9062,2000-07-21
9063,2023-08-09
9064,2018-07-24
9065,2003-12-30
9066,2015-07-28
9067,2019-02-14
9068,2001-09-13
9069,2003-02-18
9070,2022-12-30
9071,2010-05-10
9072,2008-07-29
9073,2019-08-14
9074,2013-12-01
9075,1998-11-18
9076,2011-08-23
9077,1997-09-22
9078,2015-06-22
9079,2021-04-11
9080,2023-10-10
9081,2001-12-25
9082,2014-03-08
9083,2003-12-10
9084,2019-01-27
9085,1998-10-26
9086,2023-08-22
9087,2009-03-09
9088,2023-05-19
9089,2000-12-02
9090,1996-02-03
9091,2008-03-23
9092,2016-10-19
9093,2012-09-15
9094,2017-07-09
9095,2000-02-03
9096,2000-07-16
9097,1998-12-22
9098,2019-11-28
9099,2017-03-11
9100,2015-01-21
9101,2003-01-14
9102,2000-05-10
9103,2016-08-04
9104,2002-10-06
9105,1997-09-02
9106,2024-08-28
9107,2009-10-29
9108,2000-03-09
9109,2003-02-28
9110,1996-02-09
9111,2002-07-08
9112,2013-03-21
9113,2016-02-20
9114,2023-06-06
9115,2019-05-11
9116,2008-10-08
9117,2008-10-16
9118,2013-04-29
9119,2005-12-12
9120,2014-05-01
9121,2023-04-04
9122,2009-08-19
9123,2013-02-25
9124,2017-08-21
9125,2021-10-15
9126,2011-11-25
9127,2014-03-29
9128,2023-09-29
9129,2005-02-17
9130,2017-03-20
9131,2010-09-09
9132,2008-12-06
9133,2016-02-06
9134,2000-02-26
9135,2010-09-05
9136,1999-04-03
9137,2015-04-29
9138,2002-04-19
9139,1996-03-17
9140,2020-08-28
9141,2021-04-23
9142,2012-02-08
9143,2014-03-31
9144,1998-05-26
9145,2008-11-06
9146,2017-07-06
9147,1997-03-21
9148,2015-04-16
9149,1997-01-19
9150,2012-02-24
9151,2021-10-25
9152,2015-05-25
9153,2003-01-17
9154,2016-04-06
9155,2012-08-10
9156,2018-07-14
9157,2010-11-12
9158,2024-08-03
9159,1998-03-16
9160,2021-09-21
9161,2016-05-19
9162,2012-11-13
9163,2008-07-27
9164,2015-10-12
9165,2005-10-21
9166,1996-10-11
9167,2015-04-02
9168,2020-08-26
9169,2006-02-19
9170,2019-07-04
9171,2021-05-28
9172,2010-12-21
9173,2013-12-13
9174,2012-10-16
9175,2020-09-17
9176,2010-12-05
9177,1999-11-19
9178,2001-06-04
9179,2000-06-04
9180,2022-12-23
9181,2005-07-16
9182,2020-03-22
9183,1998-11-07
9184,2023-11-11
9185,2022-04-24
9186,1998-08-07
9187,2003-01-14
9188,2020-11-16
9189,1999-04-06
9190,2012-04-13
9191,2018-03-29
9192,1999-11-22
9193,1999-05-02
9194,2007-08-31
9195,2015-04-13
9196,1999-09-04
9197,2002-09-20
9198,2018-02-09
9199,1997-11-30
9200,2012-07-22
9201,2002-02-15
9202,2015-07-05
9203,2008-01-15
9204,2007-02-03
9205,2017-01-10
9206,2021-03-07
9207,2022-08-28
9208,2022-04-28
9209,2008-09-01
9210,2006-03-24
9211,2000-01-24
9212,2001-01-10
9213,2024-02-29
9214,2016-11-05
9215,2014-07-28
9216,2007-01-11
9217,2000-12-29
9218,1995-10-30
9219,2020-10-01
9220,2004-05-28
9221,2012-06-09
9222,2011-01-09
9223,2010-10-10
9224,2010-06-12
9225,2016-08-22
9226,2005-02-09
9227,2003-02-28
9228,2023-05-06
9229,2008-05-23
9230,2006-12-26
9231,2018-08-19
9232,1997-11-13
9233,2013-02-18
9234,2005-03-18
9235,2024-08-01
9236,2012-06-03
9237,2017-09-14
9238,2002-12-29
9239,2015-01-26
9240,2023-02-18
9241,2024-12-20
9242,2016-11-27
9243,2012-08-28
9244,2004-06-12
9245,2002-04-14
9246,2022-07-07
9247,2007-01-03
9248,2007-05-12
9249,2011-04-12
9250,2015-07-12
9251,2008-08-01
9252,2016-01-30
9253,2004-08-07
9254,2015-03-27
9255,2021-05-14
9256,1998-05-09
9257,1998-02-13
9258,2008-01-27
9259,2009-09-14
9260,1996-04-12
9261,1996-10-14
9262,2001-04-09
9263,2020-01-21
9264,2012-01-25
9265,2015-11-07
9266,1998-08-06
9267,2023-12-12
9268,2016-06-11
9269,2022-12-01
9270,2003-01-04
9271,2000-08-10
9272,1997-02-25
9273,2010-04-02
9274,2002-12-29
9275,2013-07-28
9276,2004-08-11
9277,2022-01-01
9278,2014-05-28
9279,2016-04-07
9280,2019-02-22
9281,2018-09-29
9282,2006-01-16
9283,2021-06-09
9284,2005-05-10
9285,2018-06-30
9286,1999-09-06
9287,2021-07-09
9288,2020-01-27
9289,2009-03-17
9290,2022-07-18
9291,2022-01-27
9292,2015-10-08
9293,2007-02-17
9294,2014-10-27
9295,2013-06-07
9296,1998-01-23
9297,1999-04-30
9298,2018-09-16
9299,2011-07-07
9300,2011-09-14
9301,2019-11-29
9302,2017-11-23
9303,2014-03-10
9304,2005-02-26
9305,2024-10-11
9306,2010-08-25
9307,2005-02-19
9308,2005-12-04
9309,2024-12-01
9310,2013-01-18
9311,2008-12-12
9312,2022-06-21
9313,2022-11-23
9314,2005-04-02
9315,2005-06-20
9316,2013-10-14
9317,2017-12-15
9318,2024-12-29
9319,2001-12-18
9320,2017-11-08
9321,2020-07-29
9322,2020-04-29
9323,1995-11-05
9324,2012-09-08
9325,2018-03-28
9326,2004-07-24
9327,2006-07-22
9328,1997-08-08
9329,2010-03-04
9330,2002-11-27
9331,2000-05-05
9332,2014-06-21
9333,2008-01-14
9334,2018-09-25
9335,2020-10-22
9336,2006-02-13
9337,1997-02-09
9338,2014-11-03
9339,2013-01-07
9340,2017-02-24
9341,2020-04-01
9342,2023-10-07
9343,2018-02-09
9344,2001-02-01
9345,2012-04-22
9346,1998-06-27
9347,2007-12-21
9348,2020-05-23
9349,2011-04-04
9350,1999-10-31
9351,2024-06-28
9352,2007-07-12
9353,2022-03-16
9354,2024-12-11
9355,2007-02-12
9356,2000-10-17
9357,2023-06-22
9358,2024-12-11
9359,2006-05-15
9360,2011-07-31
9361,1996-12-06
9362,2006-03-15
9363,2011-03-26
9364,2020-09-20
9365,2013-10-24
9366,2002-05-03
9367,2012-06-12
9368,2023-05-12
9369,2016-04-30
9370,2023-07-31
9371,2024-05-01
9372,2005-02-22
9373,2000-01-21
9374,2020-03-07
9375,2013-06-08
9376,2005-01-19
9377,2004-10-07
9378,2022-04-23
9379,1998-05-19
9380,2024-01-06
9381,2000-05-11
9382,2023-03-09
9383,2016-08-11
9384,2022-06-20
9385,1998-04-11
9386,1996-08-25
9387,1997-08-02
9388,2017-09-27
9389,2015-12-04
9390,2012-04-05
9391,2020-05-17
9392,2011-10-04
9393,2006-06-21
9394,2001-05-30
9395,2017-05-14
9396,2023-02-22
9397,2002-05-03
9398,2015-06-12
9399,2023-12-22
9400,2006-10-01
9401,2018-12-06
9402,1996-07-23
9403,2003-11-21
9404,2021-07-17
9405,2005-10-15
9406,2007-08-28
9407,2020-11-04
9408,2023-06-25
9409,2001-02-21
9410,2020-04-07
9411,1997-11-24
9412,2003-11-19
9413,1998-01-01
9414,2022-05-14
9415,2008-03-10
9416,2023-11-29
9417,2012-12-15
9418,2008-10-01
9419,2015-09-07
9420,2000-02-21
9421,2005-04-19
9422,2020-02-08
9423,2021-05-26
9424,2012-04-08
9425,1998-02-05
9426,2010-06-12
9427,2023-07-31
9428,2006-06-09
9429,2006-11-09
9430,2016-04-06
9431,2001-11-17
9432,2005-06-15
9433,2017-08-21
9434,2003-10-26
9435,2012-11-13
9436,2000-03-24
9437,1999-02-09
9438,2009-12-15
9439,2021-08-02
9440,1996-12-23
9441,2004-06-08
9442,2024-08-27
9443,2019-01-06
9444,1996-08-10
9445,2009-01-01
9446,2006-01-29
9447,2017-06-24
9448,2022-09-23
9449,2005-12-31
9450,2020-08-25
9451,2015-05-28
9452,2002-12-25
9453,2013-08-03
9454,2001-03-17
9455,2007-06-13
9456,2015-01-10
9457,2017-02-02
9458,2009-08-12
9459,1997-08-10
9460,2003-01-23
9461,2015-10-04
9462,2004-09-17
9463,1998-04-15
9464,2023-08-06
9465,2019-03-21
9466,2016-05-12
9467,1997-11-10
9468,2017-01-23
9469,2006-07-04
9470,2002-12-13
9471,2016-02-07
9472,1996-01-08
9473,2016-10-01
9474,2024-12-08
9475,2021-07-23
9476,1999-08-06
9477,2004-10-20
9478,2000-08-04
9479,2015-07-27
9480,2005-09-30
9481,2001-11-30
9482,2012-11-17
9483,2022-07-21
9484,2007-03-08
9485,2022-02-19
9486,1999-11-18
9487,2011-12-27
9488,2005-02-02
9489,2023-10-17
9490,2011-05-21
9491,2004-05-24
9492,2006-11-11
9493,2006-05-11
9494,2002-09-20
9495,2013-10-19
9496,2015-05-05
9497,2004-08-16
9498,2007-07-11
9499,2007-02-15
9500,1996-02-08
9501,1996-11-27
9502,1997-06-18
9503,2004-02-16
9504,2010-11-01
9505,2003-09-21
9506,2012-05-23
9507,2013-01-09
9508,2001-09-23
9509,2016-09-15
9510,2000-06-15
9511,2005-08-01
9512,2011-10-15
9513,2022-11-28
9514,2010-02-16
9515,2013-11-21
9516,2023-08-08
9517,2016-09-06
9518,2020-12-31
9519,2021-03-17
9520,2014-02-20
9521,2007-08-02
9522,2024-06-24
9523,1997-01-22
9524,2006-06-20
9525,2016-02-22
9526,2007-12-21
9527,2021-03-16
9528,1996-09-26
9529,1999-07-22
9530,1998-07-15
9531,2001-11-13
9532,2012-06-11
9533,2022-05-23
9534,2000-09-14
9535,2020-05-22
9536,2012-08-23
9537,2022-01-03
9538,1997-09-15
9539,2009-03-27
9540,2002-06-08
9541,2019-12-23
9542,2017-11-08
9543,2003-04-23
9544,1997-10-26
9545,2007-10-19
9546,2019-09-14
9547,2004-10-07
9548,1998-07-04
9549,2006-10-26
9550,1997-06-10
9551,1999-08-26
9552,2018-03-11
9553,2019-04-29
9554,2015-03-07
9555,2015-07-31
9556,1996-09-26
9557,2009-03-15
9558,2014-01-12
9559,1996-08-21
9560,1999-01-04
9561,2010-11-08
9562,2020-10-03
9563,2015-08-03
9564,2010-07-02
9565,2023-10-17
9566,2005-10-22
9567,2011-10-11
9568,1999-12-07
9569,2023-12-09
9570,2017-02-22
9571,2005-09-22
9572,2007-10-29
9573,2007-06-26
9574,2012-03-13
9575,1995-12-21
9576,2004-05-16
9577,2019-07-18
9578,2000-02-09
9579,2017-07-22
9580,2004-10-08
9581,1999-10-14
9582,2007-01-16
9583,2011-03-03
9584,2002-08-22
9585,2019-05-02
9586,2006-06-17
9587,2017-07-18
9588,2014-04-25
9589,2007-01-17
9590,2023-02-01
9591,2022-02-16
9592,2012-12-01
9593,2014-02-28
9594,2019-11-13
9595,2016-11-20
9596,2001-07-15
9597,1999-01-01
9598,2017-05-26
9599,2022-08-19
9600,2005-09-14
9601,2024-04-19
9602,2017-04-05
9603,2018-01-10
9604,2012-03-05
9605,2004-05-12
9606,1998-01-08
9607,2000-09-07
9608,2014-06-08
9609,2016-09-08
9610,2019-10-28
9611,2001-04-23
9612,2010-06-29
9613,2010-08-15
9614,2018-05-15
9615,2002-11-25
9616,2020-06-12
9617,2011-01-05
9618,2000-09-10
9619,2017-08-07
9620,2011-08-05
9621,2021-05-13
9622,2003-08-19
9623,2004-05-17
9624,2023-07-30
9625,2021-01-13
9626,2012-10-04
9627,2017-02-04
9628,1999-12-20
9629,2011-10-24
9630,2012-10-03
9631,2007-01-04
9632,2003-08-21
9633,2002-08-30
9634,2017-04-07
9635,1997-05-07
9636,2005-10-10
9637,2018-07-28
9638,1998-03-15
9639,2006-09-14
9640,2021-05-03
9641,2001-11-24
9642,1996-04-17
9643,2015-09-14
9644,1998-11-22
9645,2010-03-15
9646,2022-03-12
9647,2021-01-09
9648,2001-08-25
9649,2019-07-12
9650,2015-11-08
9651,2005-05-31
9652,2019-08-22
9653,1997-08-10
9654,2007-02-21
9655,2006-05-13
9656,2015-02-12
9657,2001-02-12
9658,2022-04-27
9659,2003-11-03
9660,2008-05-28
9661,2019-02-12
9662,2024-12-05
9663,1998-11-01
9664,2024-08-01
9665,2023-01-29
9666,2003-11-03
9667,1997-09-28
9668,2021-02-10
9669,2023-10-16
9670,2014-02-02
9671,2005-10-25
9672,2020-04-20
9673,2023-07-23
9674,2010-08-18
9675,2013-09-28
9676,2019-11-23
9677,2023-07-30
9678,1996-03-06
9679,2007-06-25
9680,2022-07-31
9681,2010-09-07
9682,2001-05-29
9683,1998-11-04
9684,2011-08-15
9685,2012-12-01
9686,2002-02-16
9687,2005-11-20
9688,2010-06-22
9689,2019-01-20
9690,2007-08-07
9691,2023-10-06
9692,2015-12-18
9693,2015-03-08
9694,2001-10-18
9695,2024-04-10
9696,1997-02-12
9697,2012-02-05
9698,2018-05-03
9699,2005-05-25
9700,2004-02-01
9701,2020-12-10
9702,2006-05-17
9703,2004-05-30
9704,2006-06-06
9705,2015-07-22
9706,2001-12-01
9707,2000-11-04
9708,2015-07-01
9709,2005-05-25
9710,2019-02-12
9711,2015-03-05
9712,2012-07-30
9713,2009-12-29
9714,2023-12-18
9715,2009-11-20
9716,2016-04-28
9717,2017-03-04
9718,2001-06-23
9719,2016-03-16
9720,2004-12-06
9721,1998-03-08
9722,2014-12-06
9723,2021-11-16
9724,2008-07-14
9725,2002-09-12
9726,2005-05-12
9727,2013-03-14
9728,2003-01-03
9729,2021-06-10
9730,2023-10-02
9731,1996-10-16
9732,2014-07-21
9733,2023-07-07
9734,2018-07-29
9735,2022-12-19
9736,2002-11-17
9737,2006-12-07
9738,2016-06-21
9739,2023-06-01
9740,2007-05-25
9741,2003-01-19
9742,2017-12-17
9743,1996-07-03
9744,2009-05-18
9745,2003-05-14
9746,2020-09-28
9747,2014-02-17
9748,1996-01-11
9749,2007-03-06
9750,2000-12-04
9751,2015-11-29
9752,2007-06-24
9753,2016-06-20
9754,1999-09-16
9755,2003-09-18
9756,2002-02-28
9757,2005-02-07
9758,1998-03-03
9759,2016-02-18
9760,2016-11-12
9761,1998-08-20
9762,2024-08-22
9763,2008-10-04
9764,2024-08-22
9765,2000-10-28
9766,2005-05-07
9767,2019-03-19
9768,2001-10-27
9769,2012-07-05
9770,2024-05-22
9771,2021-03-04
9772,1996-02-04
9773,2021-10-08
9774,2000-08-19
9775,2015-05-10
9776,2017-08-31
9777,1998-06-21
9778,2005-02-27
9779,2002-10-25
9780,2005-07-31
9781,2024-02-04
9782,2007-07-30
9783,2014-03-10
9784,2003-08-04
9785,2007-11-15
9786,2023-11-08
9787,2011-07-18
9788,2010-10-13
9789,2009-10-09
9790,2000-10-30
9791,2012-06-29
9792,2013-07-03
9793,2006-04-05
9794,2003-03-06
9795,2009-08-15
9796,2006-06-09
9797,2010-01-14
9798,1997-01-22
9799,1998-05-02
9800,2002-04-27
9801,2020-03-16
9802,2008-09-30
9803,2020-04-01
9804,2013-09-16
9805,2013-10-24
9806,2024-06-22
9807,2018-01-01
9808,2019-11-04
9809,2000-10-21
9810,2013-02-28
9811,1999-04-29
9812,2011-01-15
9813,2015-11-15
9814,2001-06-15
9815,2023-08-23
9816,2010-10-23
9817,2024-11-26
9818,2007-10-16
9819,2000-09-15
9820,2021-12-14
9821,2021-07-21
9822,2023-05-27
9823,2024-10-23
9824,2010-06-22
9825,2015-07-28
9826,2023-10-16
9827,2004-07-07
9828,2010-01-22
9829,2001-08-05
9830,2024-04-28
9831,2020-08-06
9832,2001-10-17
9833,2000-10-14
9834,2005-04-25
9835,2005-03-31
9836,2010-05-28
9837,1997-06-14
9838,2006-12-07
9839,2024-09-12
9840,2022-07-02
9841,1998-11-15
9842,2021-02-11
9843,2018-06-21
9844,2001-04-17
9845,2007-04-12
9846,2021-12-21
9847,2023-08-21
9848,2021-05-14
9849,2001-03-25
9850,2019-11-30
9851,2020-10-22
9852,2008-04-16
9853,2020-06-12
9854,2003-11-01
9855,2003-01-17
9856,2007-09-09
9857,2006-09-21
9858,2007-10-17
9859,1997-10-24
9860,2016-09-26
9861,2005-02-22
9862,2016-10-07
9863,2013-09-14
9864,2021-04-18
9865,2011-02-14
9866,2013-08-03
9867,2022-08-05
9868,1998-04-24
9869,2021-02-20
9870,1999-11-22
9871,2006-10-23
9872,2019-10-03
9873,2019-06-30
9874,2000-10-26
9875,2018-08-27
9876,2000-11-07
9877,2015-09-22
9878,2002-08-15
9879,2014-12-01
9880,2023-07-13
9881,2006-02-27
9882,2003-03-15
9883,2020-11-18
9884,2006-10-30
9885,1998-09-15
9886,2022-02-03
9887,2018-04-01
9888,2004-10-17
9889,2018-11-30
9890,2009-01-03
9891,2013-06-20
9892,2014-06-16
9893,2021-11-27
9894,2015-06-26
9895,2013-05-12
9896,2022-01-06
9897,2024-04-15
9898,2013-11-18
9899,2004-09-04
9900,2022-06-20
9901,2018-01-07
9902,2002-12-10
9903,2013-11-27
9904,1998-08-03
9905,2018-06-06
9906,2018-11-18
9907,2018-05-04
9908,2017-09-02
9909,2021-02-10
9910,2002-10-12
9911,2009-09-30
9912,2009-03-29
9913,2008-02-22
9914,2013-09-23
9915,2022-09-17
9916,2011-03-22
9917,2024-09-27
9918,2012-01-28
9919,2014-02-28
9920,2013-10-30
9921,2024-07-07
9922,2003-10-05
9923,2011-04-30
9924,2000-03-17
9925,2000-01-30
9926,2006-05-03
9927,2019-09-18
9928,2020-09-23
9929,2019-08-04
9930,2002-03-31
9931,2008-04-19
9932,2022-05-02
9933,2008-03-06
9934,2010-05-05
9935,2018-04-04
9936,2010-10-29
9937,2018-03-10
9938,2002-09-21
9939,1997-11-02
9940,2012-09-21
9941,2016-04-23
9942,2005-04-25
9943,2009-08-05
9944,2021-05-25
9945,2004-02-15
9946,2015-12-30
9947,2006-04-02
9948,2015-08-14
9949,2016-11-28
9950,2012-02-12
9951,2014-08-31
9952,2005-12-26
9953,1996-07-15
9954,2005-05-03
9955,2008-08-09
9956,2009-05-07
9957,1998-05-11
9958,2019-04-18
9959,1997-01-16
9960,2010-04-15
9961,2013-10-24
9962,2015-09-06
9963,2004-11-05
9964,2012-06-06
9965,2003-07-15
9966,1998-12-16
9967,2002-02-16
9968,2020-12-25
9969,2024-01-20
9970,2012-06-08
9971,2001-07-03
9972,1997-07-26
9973,2010-06-18
9974,2016-05-19
9975,2024-03-17
9976,1997-06-27
9977,2020-02-10
9978,2014-06-17
9979,2023-01-12
9980,2015-05-02
9981,2015-06-29
9982,2002-04-13
9983,2010-12-25
9984,2004-10-22
9985,2005-04-23
9986,2006-08-16
9987,2013-02-13
9988,2012-12-19
9989,2001-03-11
9990,2021-01-11
9991,2020-01-19
9992,2006-11-10
9993,2012-08-07
9994,1999-01-17
9995,2012-07-03
9996,1998-01-07
9997,2008-01-29
9998,1999-08-08
9999,2013-07-16
10000,2004-03-11
10001,2014-08-01
10002,2018-09-11
10003,2019-08-20
10004,2015-05-25
10005,2018-10-11
10006,2021-07-11
10007,1999-09-25
10008,2023-08-04
10009,2009-09-21
10010,2002-11-02
10011,2002-11-29
10012,2010-02-25
10013,2006-10-26
10014,2012-03-25
10015,2012-06-08
10016,2009-11-14
10017,2016-06-26
10018,2019-03-17
10019,2000-09-23
10020,2023-04-18
10021,2018-12-24
10022,2022-03-03
10023,2009-08-08
10024,2019-09-19
10025,2011-04-19
10026,2003-09-07
10027,2019-03-16
10028,1999-06-02
10029,2017-06-18
10030,2017-03-04
10031,2024-01-02
10032,2005-12-28
10033,2018-07-03
10034,2011-01-21
10035,2004-09-29
10036,2024-04-29
10037,2022-01-20
10038,2001-11-29
10039,2024-10-10
10040,1998-10-11
10041,2001-07-02
10042,2023-08-17
10043,1998-12-17
10044,2001-06-02
10045,2006-08-30
10046,2016-07-09
10047,2017-05-23
10048,2018-06-13
10049,2011-12-18
10050,2001-03-01
10051,2003-06-10
10052,2019-10-14
10053,2014-11-29
10054,2019-02-18
10055,2005-09-18
10056,2007-06-19
10057,1998-01-28
10058,1999-02-16
10059,2000-11-29
10060,2001-01-19
10061,2000-09-04
10062,2017-08-24
10063,1999-10-06
10064,2016-02-04
10065,2024-06-25
10066,2002-05-25
10067,2019-05-12
10068,2019-04-04
10069,2020-11-23
10070,2002-10-14
10071,2001-05-22
10072,2013-12-30
10073,2018-01-15
10074,2012-06-06
10075,2012-06-17
10076,2015-08-02
10077,1999-11-27
10078,2015-07-16
10079,2013-05-13
10080,2016-04-22
10081,2003-03-06
10082,2015-05-13
10083,2003-11-08
10084,2007-08-08
10085,2021-08-27
10086,1999-02-09
10087,1996-04-22
10088,2024-11-19
10089,2004-07-02
10090,2009-12-13
10091,2013-04-16
10092,1999-05-11
10093,1997-06-10
10094,2012-12-19
10095,2006-07-10
10096,2018-09-17
10097,2017-06-21
10098,2021-02-07
10099,2021-10-26
10100,2012-07-11
10101,2004-02-05
10102,2013-05-23
10103,1999-09-20
10104,2017-10-10
10105,2004-09-29
10106,2003-06-19
10107,2009-07-20
10108,2013-02-05
10109,2024-06-30
10110,2005-04-28
10111,2017-06-08
10112,2002-07-07
10113,1999-08-15
10114,1999-02-18
10115,2009-11-06
10116,2002-02-22
10117,2009-05-17
10118,2016-10-24
10119,2011-03-10
10120,2022-03-22
10121,2017-06-18
10122,2011-11-20
10123,2024-02-03
10124,2006-02-28
10125,2015-09-25
10126,2011-02-20
10127,2005-03-08
10128,2014-01-26
10129,2022-08-01
10130,2023-06-07
10131,2013-10-27
10132,2010-03-07
10133,2024-06-05
10134,2013-12-09
10135,2005-04-12
10136,2011-09-12
10137,2013-08-23
10138,2023-05-26
10139,2019-02-20
10140,2016-01-10
10141,2017-02-27
10142,2024-01-18
10143,2011-06-05
10144,2011-04-24
10145,2004-07-03
10146,2017-06-12
10147,2014-07-18
10148,2016-07-27
10149,2012-11-06
10150,2008-02-10
10151,1998-12-01
10152,2016-02-02
10153,1999-03-05
10154,2007-10-01
10155,1996-07-18
10156,2016-01-27
10157,2015-11-10
10158,2009-10-17
10159,2019-01-10
10160,2015-06-03
10161,1997-05-22
10162,2011-04-18
10163,2006-01-10
10164,2005-08-16
10165,1996-07-18
10166,1997-09-05
10167,2011-09-20
10168,2024-03-19
10169,2022-12-22
10170,2004-09-24
10171,2000-11-02
10172,2009-04-29
10173,2005-07-16
10174,2024-01-26
10175,2002-06-22
10176,2004-02-18
10177,1997-09-24
10178,2021-01-10
10179,2015-03-28
10180,2024-05-03
10181,2024-07-31
10182,2014-05-08
10183,2022-05-28
10184,2020-11-28
10185,1996-03-07
10186,2006-02-01
10187,2001-03-29
10188,2022-02-13
10189,2023-05-01
10190,2007-03-07
10191,2015-12-09
10192,2024-01-03
10193,2014-05-11
10194,2014-09-30
10195,2005-12-09
10196,1999-12-16
10197,2020-01-08
10198,1997-02-17
10199,2012-12-21
10200,2010-07-21
10201,2019-04-15
10202,2010-06-24
10203,2016-06-08
10204,2017-01-10
10205,1998-08-18
10206,2021-11-25
10207,1996-10-21
10208,2016-10-20
10209,2005-03-21
10210,2016-07-18
10211,2000-12-04
10212,1997-08-01
10213,1997-11-07
10214,1998-04-04
10215,2021-08-16
10216,2019-04-27
10217,2003-03-02
10218,2012-09-26
10219,2010-05-28
10220,2011-07-22
10221,2009-08-29
10222,2007-10-24
10223,2018-06-03
10224,1996-07-31
10225,2015-06-03
10226,2008-03-03
10227,2000-04-18
10228,2021-12-10
10229,2004-01-21
10230,2019-01-05
10231,2019-12-31
10232,2009-09-26
10233,2016-09-04
10234,2018-03-06
10235,2010-06-29
10236,2001-08-23
10237,2011-06-16
10238,2005-09-12
10239,2008-12-25
10240,2024-08-26
10241,2011-07-07
10242,2003-04-16
10243,1999-11-05
10244,1996-03-08
10245,1997-04-12
10246,2000-07-04
10247,1999-10-18
10248,2012-11-17
10249,2002-09-17
10250,2002-10-30
10251,2019-04-23
10252,2021-09-15
10253,2021-09-16
10254,1996-01-10
10255,2009-03-06
10256,2004-04-08
10257,2008-08-16
10258,2022-03-21
10259,2015-11-06
10260,2005-11-26
10261,1996-04-15
10262,2016-09-30
10263,2019-06-04
10264,2018-10-13
10265,2019-05-22
10266,1998-10-18
10267,1999-04-28
10268,2016-09-12
10269,2007-07-06
10270,2000-05-05
10271,2010-08-03
10272,2014-10-12
10273,2022-10-19
10274,2019-01-26
10275,2010-05-16
10276,2015-08-31
10277,2012-09-24
10278,2001-02-09
10279,1998-03-12
10280,2009-12-24
10281,2021-08-18
10282,2010-07-28
10283,2005-11-21
10284,2024-02-27
10285,2003-12-13
10286,2003-09-25
10287,2015-01-21
10288,2002-11-25
10289,1999-08-07
10290,2004-06-22
10291,2024-02-28
10292,2013-07-22
10293,2001-05-13
10294,2015-04-20
10295,2014-12-18
10296,2021-02-22
10297,2002-07-28
10298,1997-02-02
10299,2023-06-29
10300,2023-08-14
10301,2020-02-25
10302,2003-07-30
10303,2024-07-19
10304,2016-10-20
10305,2018-08-06
10306,2004-08-15
10307,1997-01-17
10308,2014-09-29
10309,2010-02-17
10310,2022-10-20
10311,2004-06-18
10312,2024-05-14
10313,2006-06-08
10314,2006-08-28
10315,2022-04-07
10316,2002-07-11
10317,2021-07-28
10318,2017-04-19
10319,2024-01-04
10320,2006-07-24
10321,2014-05-28
10322,1996-06-29
10323,1996-04-14
10324,1998-09-27
10325,2009-11-13
10326,2005-08-21
10327,2010-07-24
10328,2004-11-27
10329,1997-05-09
10330,2006-10-26
10331,1999-03-18
10332,1999-09-25
10333,2020-08-30
10334,2004-04-14
10335,2016-10-11
10336,2004-04-11
10337,2016-09-17
10338,1998-07-20
10339,2004-12-25
10340,2000-04-04
10341,2012-03-02
10342,2015-03-28
10343,2020-05-11
10344,2001-02-03
10345,2005-04-02
10346,2003-07-08
10347,2020-01-08
10348,1996-04-04
10349,2008-11-11
10350,1998-11-05
10351,2010-02-20
10352,2006-02-25
10353,2020-06-21
10354,2021-08-15
10355,1996-08-18
10356,2023-05-06
10357,2023-02-26
10358,2005-07-22
10359,2016-04-30
10360,2003-01-21
10361,1999-10-26
10362,2020-10-26
10363,2002-11-03
10364,2011-08-19
10365,2022-11-25
10366,2002-07-15
10367,1998-12-12
10368,2017-06-11
10369,2003-11-07
10370,2022-01-30
10371,2000-02-24
10372,2020-05-30
10373,2009-12-23
10374,2003-11-27
10375,2011-10-28
10376,2015-01-09
10377,1995-11-18
10378,2002-07-20
10379,1996-10-20
10380,2021-08-03
10381,2008-08-04
10382,2023-07-17
10383,2008-05-22
10384,2017-11-26
10385,2000-12-29
10386,2000-07-15
10387,2022-08-18
10388,2020-12-31
10389,1999-04-07
10390,2024-01-21
10391,2010-07-08
10392,1996-04-09
10393,1998-12-06
10394,2013-06-19
10395,2009-09-01
10396,2019-05-12
10397,2016-01-24
10398,2024-02-19
10399,2011-07-13
10400,2005-01-29
10401,1997-11-28
10402,1996-09-09
10403,2015-02-13
10404,2010-07-09
10405,1997-04-30
10406,2022-06-12
10407,2002-01-23
10408,2006-03-30
10409,2017-04-14
10410,2009-04-14
10411,2023-09-23
10412,2017-06-22
10413,1996-05-09
10414,2000-11-11
10415,2008-11-25
10416,2021-06-02
10417,2008-06-30
10418,2001-09-12
10419,2014-08-09
10420,2018-01-05
10421,2003-12-31
10422,2023-03-24
10423,2014-03-22
10424,2011-01-09
10425,2018-09-01
10426,1999-02-07
10427,2005-04-01
10428,2020-03-05
10429,2012-11-11
10430,2013-02-11
10431,2011-07-15
10432,2005-10-19
10433,2020-09-20
10434,2022-07-08
10435,1998-07-05
10436,2000-09-08
10437,2001-06-25
10438,2004-08-10
10439,2016-07-09
10440,2021-04-08
10441,2018-10-26
10442,2011-07-10
10443,2014-10-29
10444,2016-05-15
10445,2009-10-02
10446,2018-01-15
10447,2010-09-24
10448,2022-09-12
10449,2023-11-18
10450,2024-03-27
10451,2005-05-29
10452,1996-03-24
10453,1998-07-16
10454,1997-06-03
10455,2013-01-13
10456,1999-04-18
10457,2015-09-29
10458,2016-03-12
10459,2003-11-01
10460,2020-04-07
10461,2024-10-30
10462,2005-10-10
10463,2022-05-31
10464,2010-04-27
10465,2013-12-20
10466,2000-01-02
10467,2003-12-28
10468,2005-06-17
10469,2014-05-19
10470,2008-09-05
10471,2006-07-23
10472,2000-12-21
10473,1999-03-23
10474,1999-07-07
10475,1998-12-26
10476,2003-08-14
10477,2000-11-25
10478,1996-11-07
10479,2020-04-17
10480,1997-05-06
10481,2008-04-02
10482,2009-02-16
10483,2011-09-25
10484,1997-09-21
10485,2011-07-06
10486,2007-08-01
10487,2016-07-07
10488,2006-11-20
10489,2024-07-18
10490,2022-10-11
10491,2014-05-22
10492,2015-06-06
10493,2018-06-03
10494,2010-07-19
10495,2024-05-28
10496,2024-06-08
10497,2019-10-31
10498,2000-10-21
10499,2010-03-28
10500,2001-05-16
10501,1995-11-30
10502,1998-01-09
10503,2010-07-16
10504,2000-09-28
10505,2021-09-10
10506,1997-11-04
10507,2010-11-07
10508,1996-04-26
10509,2001-08-20
10510,2000-04-04
10511,2016-07-23
10512,2017-02-04
10513,2024-05-27
10514,1997-04-17
10515,2003-08-10
10516,2017-08-02
10517,2015-05-24
10518,1998-03-23
10519,2007-11-13
10520,2005-05-10
10521,2014-01-20
10522,1997-05-02
10523,2004-10-07
10524,2004-06-29
10525,2001-01-16
10526,2023-03-03
10527,2014-01-01
10528,1999-11-12
10529,2006-04-06
10530,1998-04-13
10531,2024-12-15
10532,2002-07-14
10533,2017-12-22
10534,2011-02-04
10535,2022-03-23
10536,2010-01-25
10537,2012-02-29
10538,2021-04-09
10539,1996-02-07
10540,2003-05-28
10541,1999-12-29
10542,2003-01-31
10543,2006-05-08
10544,2009-05-05
10545,2012-12-13
10546,2012-11-15
10547,2021-06-18
10548,2001-09-06
10549,2001-08-05
10550,1999-08-18
10551,2021-09-30
10552,2013-04-07
10553,2024-02-07
10554,2014-08-28
10555,2010-08-09
10556,2010-04-20
10557,2005-09-03
10558,2019-01-28
10559,2011-10-14
10560,2023-01-07
10561,2002-02-19
10562,2002-06-23
10563,2023-03-14
10564,2020-06-26
10565,2023-12-13
10566,2000-02-14
10567,1998-08-16
10568,2009-08-31
10569,2023-11-10
10570,1995-11-10
10571,2012-02-16
10572,2004-01-02
10573,2006-03-02
10574,1996-09-12
10575,2020-05-25
10576,1998-03-24
10577,2002-05-16
10578,2019-03-29
10579,1996-03-16
10580,2022-09-30
10581,2000-01-15
10582,2005-05-19
10583,2021-06-20
10584,2004-10-12
10585,2024-03-30
10586,2003-11-19
10587,2023-07-05
10588,1998-09-13
10589,2005-02-23
10590,2014-06-07
10591,2023-10-04
10592,2009-10-08
10593,2016-01-28
10594,1996-11-23
10595,2005-03-18
10596,2012-12-24
10597,2024-04-14
10598,2004-01-15
10599,2006-07-03
10600,2007-11-12
10601,2015-07-29
10602,2010-05-13
10603,2014-12-15
10604,1999-02-08
10605,2000-04-21
10606,2017-01-24
10607,2002-07-28
10608,2001-05-16
10609,2001-12-13
10610,2012-05-09
10611,2006-11-06
10612,2013-04-12
10613,2019-09-12
10614,2020-06-15
10615,2003-02-15
10616,2022-05-08
10617,2000-08-14
10618,2018-12-12
10619,2001-03-08
10620,2020-10-23
10621,2019-03-15
10622,1999-10-22
10623,2016-04-20
10624,2003-05-04
10625,2024-08-14
10626,2008-09-11
10627,1995-10-28
10628,2008-08-18
10629,2018-12-29
10630,2021-06-12
10631,2005-11-06
10632,2016-08-29
10633,2020-05-09
10634,2014-01-31
10635,2018-04-05
10636,2002-08-02
10637,2022-04-13
10638,1998-04-19
10639,2013-11-11
10640,2009-01-25
10641,2019-05-16
10642,2006-10-02
10643,2002-12-08
10644,2006-06-23
10645,2005-10-17
10646,1996-08-31
10647,2010-03-02
10648,2019-01-21
10649,2020-09-14
10650,2013-07-06
10651,2019-04-05
10652,2004-02-12
10653,2001-02-19
10654,2008-08-31
10655,1997-04-13
10656,2006-11-11
10657,2001-03-21
10658,2006-10-15
10659,2014-05-04
10660,2007-07-16
10661,2008-09-30
10662,2012-02-18
10663,2021-09-08
10664,2015-04-17
10665,2002-09-12
10666,2011-11-23
10667,2021-06-03
10668,2004-10-08
10669,2019-02-03
10670,2016-03-10
10671,2019-01-17
10672,2003-05-20
10673,2001-08-12
10674,2001-11-18
10675,2021-10-28
10676,2010-11-25
10677,2007-02-17
10678,2002-04-25
10679,2017-04-09
10680,2001-11-27
10681,2001-07-18
10682,2012-12-13
10683,1998-05-24
10684,2003-02-07
10685,2001-05-04
10686,2008-10-28
10687,2015-01-11
10688,2015-05-04
10689,2002-05-02
10690,2007-08-15
10691,2021-05-18
10692,1997-06-11
10693,2014-02-04
10694,1997-06-12
10695,2016-03-09
10696,2010-01-06
10697,2021-09-11
10698,2023-05-29
10699,2019-06-16
10700,1996-05-11
10701,2020-01-03
10702,2004-09-24
10703,2000-08-31
10704,2021-12-09
10705,2012-01-28
10706,1999-02-28
10707,2000-01-22
10708,2004-01-17
10709,2010-05-09
10710,2000-12-30
10711,2013-05-01
10712,2005-05-22
10713,2005-07-19
10714,2016-03-26
10715,2013-07-27
10716,2014-03-17
10717,2000-09-20
10718,2004-03-01
10719,2019-07-31
10720,2015-02-05
10721,2022-01-19
10722,1999-11-23
10723,1997-07-06
10724,1998-07-21
10725,2023-09-26
10726,2017-08-04
10727,2024-08-08
10728,2014-03-01
10729,2022-07-27
10730,2013-02-27
10731,2019-01-11
10732,2012-12-17
10733,2003-06-30
10734,2005-05-01
10735,2003-03-18
10736,2017-06-03
10737,2013-03-09
10738,2009-08-11
10739,2000-04-13
10740,2016-10-05
10741,2015-02-27
10742,2001-07-31
10743,2019-10-06
10744,2013-12-20
10745,2003-04-07
10746,1996-04-15
10747,2002-02-06
10748,2007-09-24
10749,2001-08-24
10750,2014-03-02
10751,2005-08-10
10752,1995-11-12
10753,2016-02-11
10754,2008-08-31
10755,1996-01-07
10756,2016-10-23
10757,2010-06-21
10758,2021-04-09
10759,2019-05-13
10760,2015-12-07
10761,2005-06-23
10762,2023-04-17
10763,2015-03-03
10764,1999-10-20
10765,2021-10-27
10766,2021-06-08
10767,2020-10-10
10768,1997-12-31
10769,2015-12-04
10770,1998-12-18
10771,2023-07-28
10772,2018-03-27
10773,2001-02-17
10774,2009-11-09
10775,2010-12-13
10776,2017-06-20
10777,2018-04-23
10778,1996-08-08
10779,2023-10-31
10780,2022-10-01
10781,2000-09-15
10782,2023-05-12
10783,2001-06-21
10784,2013-01-29
10785,2003-10-26
10786,2022-05-31
10787,2013-11-23
10788,1997-09-30
10789,2008-02-27
10790,1998-12-02
10791,1998-02-26
10792,2016-12-24
10793,2022-06-26
10794,2007-06-28
10795,1998-01-05
10796,1996-07-09
10797,2013-11-25
10798,2010-10-08
10799,2020-04-03
10800,2015-07-23
10801,2016-01-16
10802,2010-02-01
10803,2019-03-03
10804,2004-12-14
10805,1996-10-16
10806,2020-03-26
10807,2005-07-13
10808,2004-04-01
10809,2020-06-03
10810,2007-06-18
10811,2017-06-12
10812,2013-12-17
10813,2020-02-21
10814,2004-07-28
10815,2016-04-15
10816,2012-11-15
10817,2020-05-05
10818,2004-02-03
10819,1996-03-09
10820,2023-06-04
10821,2022-03-01
10822,2022-05-06
10823,1996-07-10
10824,2015-09-29
10825,2005-02-24
10826,1997-10-22
10827,2003-12-20
10828,2010-04-07
10829,2003-09-12
10830,2021-02-28
10831,1999-03-03
10832,2011-05-29
10833,2022-07-02
10834,2004-04-17
10835,2016-04-05
10836,2007-09-27
10837,2004-02-22
10838,1999-07-22
10839,2012-02-18
10840,2000-11-08
10841,2024-11-20
10842,2000-09-12
10843,2022-11-16
10844,2010-06-16
10845,2023-10-02
10846,1999-08-08
10847,2017-11-06
10848,2006-11-19
10849,1996-04-14
10850,2018-03-03
10851,2006-04-23
10852,1997-02-21
10853,2001-04-26
10854,2003-02-01
10855,1999-10-08
10856,2017-08-20
10857,2011-02-12
10858,1998-05-11
10859,1997-01-13
10860,2021-08-05
10861,1998-11-19
10862,2001-08-07
10863,1999-12-17
10864,2019-10-03
10865,2021-09-30
10866,2022-10-15
10867,2020-10-05
10868,2024-06-08
10869,1998-07-20
10870,2006-03-14
10871,2001-09-26
10872,1997-11-04
10873,1997-03-21
10874,2011-06-29
10875,2009-03-22
10876,2009-06-10
10877,2013-03-21
10878,2001-08-30
10879,2022-05-07
10880,2021-10-01
10881,2020-07-30
10882,2009-09-24
10883,2007-11-18
10884,2006-08-17
10885,2006-11-25
10886,2001-07-23
10887,2011-05-18
10888,2021-10-28
10889,1996-12-02
10890,2013-11-08
10891,2014-01-25
10892,2017-12-07
10893,2000-04-07
10894,2017-09-14
10895,1997-12-05
10896,1997-09-13
10897,2017-11-18
10898,2004-11-05
10899,2008-03-25
10900,2003-07-31
10901,2006-07-06
10902,2003-12-08
10903,2017-08-02
10904,2004-08-05
10905,2017-05-18
10906,2023-04-25
10907,2008-07-05
10908,2002-12-08
10909,2006-12-16
10910,2008-04-18
10911,2009-11-15
10912,2024-10-05
10913,2003-10-28
10914,2008-11-18
10915,2021-11-25
10916,2024-10-01
10917,2019-06-03
10918,2008-01-29
10919,2007-07-21
10920,1999-12-26
10921,2006-12-06
10922,1997-08-28
10923,1996-06-29
10924,2004-07-02
10925,2012-04-15
10926,2010-02-03
10927,2016-12-28
10928,2017-09-19
10929,2021-06-25
10930,1997-05-06
10931,2022-06-14
10932,2001-06-02
10933,2017-09-18
10934,2003-04-14
10935,2005-02-18
10936,2003-08-03
10937,2002-09-21
10938,1996-04-27
10939,2017-11-01
10940,2013-04-26
10941,2011-03-28
10942,1999-11-19
10943,2009-07-31
10944,2006-05-06
10945,2023-07-17
10946,2009-08-08
10947,1996-03-29
10948,2005-05-21
10949,2008-09-16
10950,2008-09-12
10951,2018-03-13
10952,2013-04-15
10953,2014-06-20
10954,2010-09-28
10955,2024-05-21
10956,2007-03-12
10957,2013-08-01
10958,2015-01-09
10959,1997-05-02
10960,2002-07-13
10961,2011-05-09
10962,2004-05-14
10963,2011-06-14
10964,2005-02-18
10965,2002-09-04
10966,2009-10-05
10967,2023-08-10
10968,2012-09-21
10969,1999-06-30
10970,2018-09-17
10971,2007-07-05
10972,2012-10-09
10973,2006-06-14
10974,2019-12-20
10975,2002-07-10
10976,2006-09-13
10977,2022-07-12
10978,2003-07-17
10979,1996-04-25
10980,2000-04-28
10981,2004-06-04
10982,2010-12-20
10983,2012-05-14
10984,2021-10-06
10985,2015-12-10
10986,2004-03-12
10987,2022-10-01
10988,1999-05-01
10989,2011-06-03
10990,1996-02-18
10991,2018-09-12
10992,2005-12-15
10993,2009-08-05
10994,2017-04-07
10995,2010-12-15
10996,2009-02-03
10997,2000-09-30
10998,2000-10-08
10999,2017-11-03
11000,1997-07-12
11001,2004-12-15
11002,2008-06-13
11003,2002-12-23
11004,2011-02-22
11005,2014-04-16
11006,2021-10-12
11007,2015-03-10
11008,2018-02-22
11009,2011-06-28
11010,2003-08-26
11011,2004-09-13
11012,2008-05-14
11013,2003-12-28
11014,2024-07-13
11015,2024-05-29
11016,1996-04-23
11017,2006-08-23
11018,2007-02-19
11019,1996-12-22
11020,2007-03-16
11021,1997-06-19
11022,2001-11-26
11023,2022-11-25
11024,2012-07-09
11025,2014-01-30
11026,2010-07-15
11027,2015-01-28
11028,2012-01-22
11029,2012-12-02
11030,2002-05-17
11031,2014-05-03
11032,2022-03-05
11033,2020-12-31
11034,1998-01-11
11035,2015-08-16
11036,2023-06-20
11037,1998-03-12
11038,2009-06-15
11039,2014-03-03
11040,2018-04-24
11041,2012-02-15
11042,2022-01-28
11043,2022-08-30
11044,2012-07-05
11045,2001-02-24
11046,2019-10-25
11047,2011-01-22
11048,2017-01-21
11049,2018-12-04
11050,2011-06-03
11051,2018-10-12
11052,1999-06-06
11053,2011-11-07
11054,2015-11-19
11055,2013-03-09
11056,2003-09-21
11057,2007-03-07
11058,2001-01-04
11059,2022-02-07
11060,2022-09-05
11061,1996-04-28
11062,2020-09-12
11063,2018-01-14
11064,2023-02-07
11065,2013-11-14
11066,2018-04-26
11067,2016-08-25
11068,2022-07-10
11069,2019-10-22
11070,2001-01-24
11071,2007-05-17
11072,2001-09-06
11073,2017-07-11
11074,2018-10-02
11075,2023-07-09
11076,2014-07-15
11077,2016-04-01
11078,2005-09-30
11079,2008-05-17
11080,2000-02-06
11081,1997-02-28
11082,2023-05-26
11083,2001-08-08
11084,2024-07-23
11085,2011-11-30
11086,2001-11-23
11087,2000-01-11
11088,2005-02-03
11089,2020-03-08
11090,2013-12-11
11091,2023-09-15
11092,2006-04-04
11093,2017-03-31
11094,2003-02-26
11095,2023-05-18
11096,2019-11-24
11097,1997-03-12
11098,2023-05-28
11099,2009-11-18
11100,1998-11-21
11101,2002-05-27
11102,2016-07-13
11103,2010-02-24
11104,2020-04-26
11105,2012-12-19
11106,2012-06-07
11107,2014-02-26
11108,1999-04-21
11109,2007-11-28
11110,2011-06-24
11111,2009-04-23
11112,2010-10-13
11113,1997-09-12
11114,2006-12-14
11115,1998-03-03
11116,2010-09-06
11117,2004-03-25
11118,2023-06-13
11119,2001-06-16
11120,2024-02-28
11121,1998-01-05
11122,2000-01-21
11123,2003-12-12
11124,2017-12-19
11125,2008-04-30
11126,1996-03-06
11127,2009-11-30
11128,2002-12-15
11129,2002-11-09
11130,2021-01-19
11131,2012-08-23
11132,2001-02-02
11133,2007-12-24
11134,1999-10-24
11135,2015-12-04
11136,2008-04-02
11137,2020-02-13
11138,2003-10-04
11139,2024-11-24
11140,1996-04-26
11141,2004-01-09
11142,1998-12-07
11143,1998-02-09
11144,2014-01-15
11145,2005-09-13
11146,2007-06-18
11147,2010-09-14
11148,2009-12-23
11149,2011-04-27
11150,2015-05-28
11151,2011-11-20
11152,2018-01-17
11153,2015-04-25
11154,2006-02-24
11155,2012-11-11
11156,2003-06-20
11157,1998-02-01
11158,2002-02-02
11159,2022-10-29
11160,2006-04-09
11161,2016-09-13
11162,2017-01-10
11163,2020-06-12
11164,2023-10-22
11165,2001-06-26
11166,2009-10-26
11167,2009-02-04
11168,2020-10-12
11169,2007-04-12
11170,2023-02-21
11171,2017-12-15
11172,2023-03-24
11173,2001-02-04
11174,1998-04-17
11175,2001-11-09
11176,1997-12-21
11177,2009-01-05
11178,2019-10-24
11179,2010-06-30
11180,2020-07-26
11181,1998-08-11
11182,2017-06-22
11183,2006-01-27
11184,2023-08-26
11185,2004-03-06
11186,1998-11-09
11187,2011-11-01
11188,2004-11-01
11189,2012-12-23
11190,1998-12-04
11191,2017-04-04
11192,2007-08-01
11193,2008-11-17
11194,2004-06-17
11195,2003-06-06
11196,2015-10-31
11197,1996-05-17
11198,2022-06-27
11199,2021-09-24
11200,1999-12-28
11201,2022-10-10
11202,1997-08-25
11203,2002-10-01
11204,2008-04-19
11205,2019-05-05
11206,2006-01-10
11207,2000-08-04
11208,2014-09-10
11209,1997-05-21
11210,2008-07-09
11211,2022-12-02
11212,2001-01-03
11213,2019-02-09
11214,1996-12-15
11215,2015-05-11
11216,2011-05-24
11217,2006-01-04
11218,2012-03-04
11219,2001-09-08
11220,2005-05-29
11221,1998-10-29
11222,2002-02-23
11223,2003-04-16
11224,2007-03-31
11225,2005-12-31
11226,2021-01-17
11227,2023-03-27
11228,2021-06-23
11229,2023-08-13
11230,2014-11-26
11231,2024-11-28
11232,2013-03-23
11233,1999-12-20
11234,2016-08-11
11235,2000-05-01
11236,2013-04-29
11237,2016-12-19
11238,2014-07-31
11239,2004-10-15
11240,2022-04-10
11241,2015-12-04
11242,2019-05-24
11243,2020-04-12
11244,2000-01-25
11245,2017-09-30
11246,1996-08-04
11247,2021-09-10
11248,2012-07-28
11249,1998-05-13
11250,2020-05-02
11251,2005-06-19
11252,1998-07-10
11253,2020-04-18
11254,1995-10-23
11255,2006-11-19
11256,2010-07-21
11257,2006-01-07
11258,2001-05-30
11259,1998-04-23
11260,2019-01-04
11261,2023-06-29
11262,2022-04-01
11263,1997-03-14
11264,2009-11-20
11265,2019-05-02
11266,2012-04-28
11267,2001-01-25
11268,2002-03-01
11269,2021-06-20
11270,1996-06-22
11271,2021-02-06
11272,2021-03-06
11273,2020-03-26
11274,2000-01-06
11275,2015-05-02
11276,2017-03-04
11277,2010-03-07
11278,2023-09-07
11279,2015-11-09
11280,2003-12-30
11281,2002-05-14
11282,1999-10-23
11283,2003-05-15
11284,2017-12-03
11285,2016-05-29
11286,1996-06-18
11287,2012-05-09
11288,2008-08-18
11289,2017-08-08
11290,2017-07-29
11291,2019-01-02
11292,2012-09-25
11293,2012-08-26
11294,2005-04-03
11295,2001-01-27
11296,2017-10-12
11297,2024-03-14
11298,2008-04-10
11299,2021-02-11
11300,2020-10-21
11301,2022-04-14
11302,2008-11-22
11303,2016-06-09
11304,2008-11-21
11305,2013-01-04
11306,2017-06-01
11307,2004-04-27
11308,1998-02-28
11309,1997-01-10
11310,2023-03-02
11311,2010-05-09
11312,2024-02-27
11313,2023-04-18
11314,2002-10-19
11315,2008-02-10
11316,2018-10-28
11317,2013-03-29
11318,2023-11-19
11319,2023-04-29
11320,1997-08-08
11321,2006-11-14
11322,1996-02-27
11323,2010-02-11
11324,2022-10-06
11325,2009-12-06
11326,2013-12-25
11327,2022-08-03
11328,2021-10-06
11329,2024-01-29
11330,2000-04-20
11331,2018-07-09
11332,2001-10-11
11333,2021-08-14
11334,2024-06-24
11335,1997-01-31
11336,2006-07-17
11337,2018-09-20
11338,2009-08-08
11339,2004-11-21
11340,2012-02-04
11341,1996-10-16
11342,2016-06-13
11343,2015-04-08
11344,2012-11-16
11345,2012-11-07
11346,2007-08-08
11347,1998-02-15
11348,2012-06-07
11349,2021-10-16
11350,2021-12-14
11351,2008-06-23
11352,2005-06-07
11353,2023-01-03
11354,2013-12-12
11355,2023-05-30
11356,2014-03-18
11357,1997-06-25
11358,2002-07-15
11359,2003-07-04
11360,2005-05-17
11361,1998-02-27
11362,2015-04-01
11363,2006-07-02
11364,1996-08-16
11365,2010-09-24
11366,2024-07-13
11367,2008-05-22
11368,2022-07-20
11369,2013-04-18
11370,2013-03-04
11371,1999-03-05
11372,2020-07-22
11373,2011-06-05
11374,2002-04-27
11375,2023-01-09
11376,2012-07-02
11377,2010-03-31
11378,2009-12-31
11379,2002-02-22
11380,2014-05-11
11381,2009-02-16
11382,2001-07-15
11383,2012-07-03
11384,2018-11-21
11385,2016-11-12
11386,2017-08-01
11387,2008-12-18
11388,2020-12-28
11389,2004-12-15
11390,2013-01-01
11391,2016-02-12
11392,2020-08-24
11393,2014-03-08
11394,2006-12-24
11395,2009-03-11
11396,2000-04-27
11397,2000-05-01
11398,2023-12-25
11399,2011-10-14
11400,2001-01-23
11401,2001-12-08
11402,2003-04-05
11403,2011-08-22
11404,2003-02-03
11405,1997-06-16
11406,2020-10-07
11407,2010-11-02
11408,1998-04-05
11409,2024-10-20
11410,2018-08-10
11411,2015-10-10
11412,2011-12-13
11413,2017-09-23
11414,2005-02-18
11415,2005-10-20
11416,1999-02-17
11417,2006-03-18
11418,2001-06-09
11419,1999-03-28
11420,2014-02-12
11421,2009-05-08
11422,2021-07-04
11423,2009-08-15
11424,2018-11-13
11425,2008-08-27
11426,1999-03-15
11427,2021-06-18
11428,2008-10-01
11429,2016-09-11
11430,2002-09-08
11431,2018-08-19
11432,2020-01-02
11433,2007-03-20
11434,2017-02-06
11435,1999-02-21
11436,2010-11-03
11437,2013-02-23
11438,2002-07-14
11439,2000-11-07
11440,1999-01-07
11441,2024-02-27
11442,2004-11-27
11443,1997-08-16
11444,2006-02-20
11445,2011-09-22
11446,2002-12-30
11447,2003-08-07
11448,2008-09-15
11449,1997-09-04
11450,2016-06-14
11451,2017-08-19
11452,2003-07-15
11453,2021-06-06
11454,2008-08-21
11455,2024-07-01
11456,2003-05-22
11457,2008-05-17
11458,1998-09-08
11459,1997-08-26
11460,2011-12-11
11461,1999-06-21
11462,2017-05-05
11463,2004-05-02
11464,2004-12-23
11465,2002-05-04
11466,2018-12-02
11467,2015-10-24
11468,2011-07-04
11469,2017-08-20
11470,2024-03-09
11471,2003-02-03
11472,2005-06-20
11473,2022-03-06
11474,2004-03-17
11475,2015-02-28
11476,2017-03-01
11477,2021-06-10
11478,1999-05-26
11479,2004-08-09
11480,2010-07-24
11481,1998-08-15
11482,2017-06-24
11483,1999-11-16
11484,2016-03-05
11485,2000-12-09
11486,2021-01-08
11487,2002-01-10
11488,2021-02-20
11489,2023-03-26
11490,2019-06-16
11491,2012-05-20
11492,2001-04-21
11493,2024-10-26
11494,2014-01-14
11495,2010-12-17
11496,2003-01-27
11497,1997-02-14
11498,2003-08-02
11499,2001-08-29
11500,2016-03-10
11501,2020-05-02
11502,1995-11-23
11503,2000-12-16
11504,2014-05-18
11505,2000-07-20
11506,2008-11-10
11507,2002-07-05
11508,2016-07-05
11509,2023-08-19
11510,2017-07-07
11511,2007-05-06
11512,2016-07-25
11513,1997-05-05
11514,1996-10-22
11515,1996-03-05
11516,2006-12-29
11517,2018-08-22
11518,2002-10-13
11519,2008-06-19
11520,2012-07-23
11521,2014-07-20
11522,2001-11-04
11523,2003-08-15
11524,2002-02-22
11525,2004-07-04
11526,2022-07-12
11527,2009-03-30
11528,2006-08-18
11529,2011-01-31
11530,2022-09-10
11531,2015-03-07
11532,2003-06-26
11533,2011-06-29
11534,1997-08-20
11535,2001-07-08
11536,2005-10-01
11537,2006-08-10
11538,2011-04-14
11539,2010-11-30
11540,2003-04-07
11541,2018-07-16
11542,2024-08-07
11543,2016-04-02
11544,2018-11-06
11545,2001-11-02
11546,2020-09-26
11547,2005-11-22
11548,2014-04-09
11549,1997-07-29
11550,2020-08-11
11551,2023-03-04
11552,2015-11-20
11553,1999-04-16
11554,2023-03-26
11555,2006-06-06
11556,1996-09-23
11557,2009-12-06
11558,2020-03-20
11559,2017-02-20
11560,2012-11-27
11561,1999-11-10
11562,2000-12-04
11563,2022-10-19
11564,2007-03-19
11565,1997-04-11
11566,2013-03-27
11567,2008-01-30
11568,2005-09-27
11569,2023-02-13
11570,2022-06-06
11571,2011-07-29
11572,2008-07-24
11573,2009-09-01
11574,2021-10-19
11575,1998-02-18
11576,2019-07-02
11577,2011-12-26
11578,2013-04-05
11579,2007-08-05
11580,2023-01-06
11581,1999-11-25
11582,1997-08-16
11583,2009-05-01
11584,2010-08-14
11585,2016-03-26
11586,2020-09-13
11587,2016-10-25
11588,2010-06-02
11589,2013-09-15
11590,2004-03-07
11591,2000-10-05
11592,2003-01-01
11593,2000-12-18
11594,1996-05-17
11595,2023-02-11
11596,2001-12-30
11597,2010-11-18
11598,2019-03-05
11599,2012-07-04
11600,2013-04-15
11601,2011-06-25
11602,2000-12-14
11603,1996-07-31
11604,1997-03-24
11605,2020-11-22
11606,2006-08-13
11607,1999-07-14
11608,2008-10-31
11609,2024-04-17
11610,2002-03-05
11611,2000-05-20
11612,2013-12-29
11613,2013-10-05
11614,2001-02-25
11615,2015-03-10
11616,2019-08-01
11617,2020-07-05
11618,2014-05-03
11619,2020-11-13
11620,2015-03-15
11621,2012-01-03
11622,2018-05-25
11623,2011-08-23
11624,2007-12-17
11625,2008-07-22
11626,1998-09-06
11627,2017-09-06
11628,2007-11-05
11629,1998-09-04
11630,1998-02-05
11631,2016-02-21
11632,2005-09-05
11633,2000-03-30
11634,2007-10-22
11635,2008-04-04
11636,1998-02-03
11637,1997-08-14
11638,1997-10-10
11639,1996-10-11
11640,2005-02-16
11641,2020-10-31
11642,2003-06-08
11643,2018-11-26
11644,2010-11-20
11645,2018-02-24
11646,1999-09-17
11647,2002-10-14
11648,2002-04-29
11649,2017-10-03
11650,2004-06-06
11651,2014-05-02
11652,1998-09-22
11653,1999-05-10
11654,1996-12-30
11655,2023-03-02
11656,2006-11-02
11657,2020-06-15
11658,1996-05-18
11659,2024-05-10
11660,2014-07-16
11661,2024-07-08
11662,1997-05-26
11663,2023-10-19
11664,2007-05-21
11665,2005-01-22
11666,2023-01-09
11667,2014-03-09
11668,2008-11-16
11669,2010-08-25
11670,1999-05-25
11671,2008-05-08
11672,2022-10-06
11673,2012-04-21
11674,2014-06-04
11675,2020-05-02
11676,2016-06-25
11677,2003-03-04
11678,2007-11-01
11679,2004-08-10
11680,2000-01-31
11681,2006-12-23
11682,2019-03-03
11683,2019-06-28
11684,2022-02-27
11685,2020-08-29
11686,1998-07-02
11687,2004-09-20
11688,1999-11-11
11689,2017-10-18
11690,2013-11-02
11691,2017-07-05
11692,2002-02-14
11693,2013-02-17
11694,2011-11-10
11695,2022-05-17
11696,2014-09-18
11697,2012-02-04
11698,2012-08-18
11699,2009-02-04
11700,2018-04-21
11701,2005-11-09
11702,2012-06-03
11703,2022-04-20
11704,2000-10-08
11705,2008-10-27
11706,2014-11-22
11707,2016-10-22
11708,2017-02-14
11709,2017-02-17
11710,2004-06-24
11711,2019-11-07
11712,2000-03-14
11713,2021-05-23
11714,2015-01-25
11715,2005-06-09
11716,1998-06-22
11717,2017-08-01
11718,2011-01-23
11719,2018-09-05
11720,2016-03-24
11721,2003-02-23
11722,2016-08-22
11723,2019-04-16
11724,1996-11-26
11725,2008-07-10
11726,2013-09-02
11727,2021-09-09
11728,2019-12-10
11729,2017-07-12
11730,2014-12-24
11731,2005-02-21
11732,2002-12-13
11733,1997-09-17
11734,2018-12-31
11735,2020-10-07
11736,2011-11-05
11737,2012-01-18
11738,2003-01-15
11739,1996-05-18
11740,2020-10-13
11741,2002-04-13
11742,2006-02-05
11743,2006-02-17
11744,2008-01-14
11745,2017-11-28
11746,2014-03-14
11747,2007-06-30
11748,2007-01-11
11749,2006-03-26
11750,2012-08-05
11751,2022-02-12
11752,2009-06-20
11753,2017-03-15
11754,2009-09-17
11755,2008-02-28
11756,2012-12-04
11757,2023-04-05
11758,2010-08-30
11759,2008-09-19
11760,2013-01-12
11761,1999-02-13
11762,2010-07-26
11763,2023-10-01
11764,2017-06-22
11765,2023-12-14
11766,2002-03-15
11767,1996-03-01
11768,2022-03-20
11769,2005-07-21
11770,2013-01-04
11771,2002-11-28
11772,2012-08-03
11773,2005-01-17
11774,2010-08-08
11775,2002-11-05
11776,2020-09-13
11777,2013-11-08
11778,2007-03-01
11779,2000-04-09
11780,2016-10-01
11781,2000-12-15
11782,2022-01-27
11783,2019-12-26
11784,2000-03-31
11785,2008-02-29
11786,2002-10-22
11787,1996-05-18
11788,2007-11-22
11789,2023-07-08
11790,2005-03-12
11791,2006-12-05
11792,1995-12-09
11793,1999-04-01
11794,2007-09-11
11795,2017-09-23
11796,2005-10-26
11797,2014-08-27
11798,2009-11-10
11799,2024-01-03
11800,1996-01-26
11801,2004-06-11
11802,2007-08-22
11803,2000-06-18
11804,2012-11-07
11805,2020-08-04
11806,2006-09-05
11807,2021-05-24
11808,1996-01-27
11809,2024-11-12
11810,2005-03-10
11811,2013-04-18
11812,2013-11-29
11813,1999-06-24
11814,2004-04-23
11815,2009-07-26
11816,2013-09-25
11817,2018-02-16
11818,1998-08-30
11819,2012-10-11
11820,2005-02-27
11821,1999-06-28
11822,2011-08-30
11823,2012-05-08
11824,2019-03-12
11825,2017-04-22
11826,2018-11-17
11827,2023-07-28
11828,2016-04-10
11829,1997-06-23
11830,2007-09-20
11831,2007-02-15
11832,2022-02-22
11833,2018-05-08
11834,2008-02-24
11835,2024-04-09
11836,2006-11-04
11837,2018-08-01
11838,2012-04-25
11839,2013-03-04
11840,2013-02-04
11841,2010-11-19
11842,2018-02-21
11843,2023-03-01
11844,2024-06-08
11845,2022-07-26
11846,1998-02-12
11847,2016-06-05
11848,2009-09-06
11849,2000-12-21
11850,2006-06-13
11851,2022-10-13
11852,2019-07-30
11853,2017-08-29
11854,2014-05-23
11855,2010-11-19
11856,2015-04-05
11857,2004-05-30
11858,2014-10-25
11859,2002-03-18
11860,2021-11-20
11861,2002-08-07
11862,2010-06-06
11863,2011-02-16
11864,2022-12-27
11865,2012-01-02
11866,1998-06-13
11867,1995-10-25
11868,2004-12-22
11869,2002-08-05
11870,2023-05-08
11871,2007-02-15
11872,2021-08-16
11873,2013-10-22
11874,2017-03-06
11875,2011-08-05
11876,2005-05-05
11877,2023-06-19
11878,2024-04-09
11879,2002-08-25
11880,2001-04-16
11881,2010-01-14
11882,2007-05-05
11883,2021-04-11
11884,2018-08-20
11885,2010-12-05
11886,2019-06-25
11887,2024-10-13
11888,2006-12-16
11889,2008-05-16
11890,2005-06-01
11891,2016-04-20
11892,2010-12-10
11893,2000-12-15
11894,2009-11-22
11895,2005-11-27
11896,2011-09-27
11897,1996-12-26
11898,2018-10-19
11899,2012-06-15
11900,2021-12-09
11901,2023-03-15
11902,2011-09-28
11903,2005-12-04
11904,2010-03-21
11905,2020-01-02
11906,2010-12-12
11907,2017-08-02
11908,2021-09-28
11909,1997-04-08
11910,2000-10-30
11911,1999-05-08
11912,2016-06-29
11913,2002-06-12
11914,2011-01-29
11915,2002-10-20
11916,2009-03-11
11917,2002-12-24
11918,2010-03-28
11919,2020-11-09
11920,2020-07-08
11921,2018-04-10
11922,2021-07-29
11923,2021-10-17
11924,2007-07-12
11925,2008-07-31
11926,2018-06-09
11927,1998-06-20
11928,2017-09-04
11929,2023-06-29
11930,2020-10-06
11931,2004-09-18
11932,2005-08-16
11933,2010-08-04
11934,1996-02-03
11935,2018-10-29
11936,2022-07-18
11937,2012-06-10
11938,1996-11-06
11939,2007-11-18
11940,2023-03-24
11941,2024-11-03
11942,1995-10-20
11943,1997-07-26
11944,2012-07-12
11945,2004-02-02
11946,2004-05-24
11947,2007-03-21
11948,2020-08-02
11949,2018-09-23
11950,2010-07-24
11951,2000-05-24
11952,2021-02-18
11953,2001-04-15
11954,2013-12-12
11955,2023-03-26
11956,2023-11-29
11957,2002-06-07
11958,1999-12-06
11959,2011-01-07
11960,2011-10-05
11961,1996-05-16
11962,2020-06-21
11963,2009-06-02
11964,2009-04-11
11965,1996-10-10
11966,2009-03-01
11967,2024-12-21
11968,2020-02-13
11969,2012-03-14
11970,2006-10-09
11971,2009-05-01
11972,2021-01-19
11973,2021-04-09
11974,2014-03-23
11975,2024-11-02
11976,1996-05-04
11977,2003-09-20
11978,2006-11-10
11979,2008-08-12
11980,2017-03-04
11981,2019-01-16
11982,1997-05-25
11983,2002-06-07
11984,2016-12-31
11985,2004-01-10
11986,2021-11-06
11987,2011-09-06
11988,2023-03-03
11989,2024-04-02
11990,2005-07-26
11991,1998-08-21
11992,2014-03-29
11993,2021-08-02
11994,2014-10-29
11995,2005-04-27
11996,2021-06-25
11997,2001-11-08
11998,2022-06-23
11999,1996-09-07
12000,2013-11-30
12001,2019-10-05
12002,1999-07-22
12003,2016-05-28
12004,2018-11-02
12005,2024-12-19
12006,2006-03-07
12007,2003-01-10
12008,2004-10-28
12009,1998-09-24
12010,2015-02-08
12011,2019-11-11
12012,2019-09-10
12013,1998-04-04
12014,2003-10-26
12015,1998-12-06
12016,2016-01-26
12017,1996-07-13
12018,2017-03-23
12019,2018-01-03
12020,2018-10-20
12021,1999-02-02
12022,2013-12-30
12023,2008-05-10
12024,2004-02-15
12025,2000-07-30
12026,2018-02-23
12027,2021-05-22
12028,2011-12-30
12029,2002-02-07
12030,2019-04-03
12031,2007-04-01
12032,2007-05-05
12033,1995-12-18
12034,1999-06-20
12035,1997-10-24
12036,2008-04-27
12037,2016-03-02
12038,2000-07-11
12039,2004-02-02
12040,2016-07-23
12041,2004-06-07
12042,2019-01-07
12043,2022-06-27
12044,2011-11-28
12045,2013-05-30
12046,2016-02-13
12047,2005-04-03
12048,2024-10-20
12049,1999-03-07
12050,2015-01-09
12051,2010-07-10
12052,2000-09-18
12053,2012-12-15
12054,1999-12-26
12055,2020-01-24
12056,1997-09-21
12057,2014-09-16
12058,2013-09-13
12059,2024-12-29
12060,2000-12-31
12061,1998-05-29
12062,2023-11-08
12063,2013-09-08
12064,2009-07-24
12065,2009-09-04
12066,2008-08-03
12067,2014-04-29
12068,1999-05-29
12069,2014-06-22
12070,2000-01-11
12071,2005-07-25
12072,2001-10-17
12073,2011-11-26
12074,2018-02-22
12075,2001-01-10
12076,2022-01-23
12077,1999-04-02
12078,1999-11-13
12079,2000-06-19
12080,2012-07-01
12081,2024-06-16
12082,2012-04-23
12083,2002-05-30
12084,2004-03-12
12085,2006-07-01
12086,2007-03-03
12087,1997-03-31
12088,2006-08-18
12089,2007-03-05
12090,2023-11-27
12091,2007-01-22
12092,2023-09-17
12093,2005-10-08
12094,2002-05-28
12095,2022-05-31
12096,1998-07-02
12097,2012-07-16
12098,2023-09-22
12099,2004-08-09
12100,2006-07-25
12101,2022-07-19
12102,1998-12-17
12103,2011-07-16
12104,2024-08-30
12105,2005-12-18
12106,2006-04-11
12107,2024-05-25
12108,2005-02-26
12109,2020-08-17
12110,2007-12-15
12111,2010-05-14
12112,2004-09-13
12113,2023-03-10
12114,1999-05-16
12115,2010-01-04
12116,2013-03-12
12117,2000-08-24
12118,2007-04-01
12119,2011-10-15
12120,1996-06-12
12121,2017-12-14
12122,2020-05-27
12123,2019-05-15
12124,2007-12-02
12125,2024-11-26
12126,2007-08-22
12127,2001-03-26
12128,2015-03-13
12129,2021-02-14
12130,2000-11-20
12131,2021-04-04
12132,2020-04-10
12133,2005-03-14
12134,2009-09-27
12135,2016-09-21
12136,1996-01-04
12137,2000-08-05
12138,2023-06-10
12139,1999-11-23
12140,1999-04-12
12141,1996-01-31
12142,2012-01-09
12143,2022-03-01
12144,2000-10-07
12145,2009-02-11
12146,1998-07-13
12147,2020-06-11
12148,2008-03-22
12149,2020-08-09
12150,2022-04-01
12151,2012-11-14
12152,2002-01-10
12153,1998-11-13
12154,1997-09-21
12155,2002-05-19
12156,2024-02-26
12157,2016-11-14
12158,2023-08-09
12159,2012-09-28
12160,2006-04-11
12161,1997-11-15
12162,2022-09-22
12163,2021-11-03
12164,2018-02-21
12165,2021-06-22
12166,2001-05-24
12167,2000-12-06
12168,2019-10-22
12169,2013-02-26
12170,2001-12-13
12171,2012-03-11
12172,2013-05-24
12173,2018-05-21
12174,2000-03-11
12175,2012-05-28
12176,2019-10-24
12177,2022-01-16
12178,2021-05-23
12179,2009-01-19
12180,2001-09-25
12181,2012-04-13
12182,2024-10-25
12183,1997-11-01
12184,2011-11-26
12185,2024-12-02
12186,2019-11-26
12187,1999-06-22
12188,2014-07-23
12189,1998-05-22
12190,2013-02-01
12191,2007-07-27
12192,2013-08-16
12193,2018-12-06
12194,1999-12-09
12195,2021-12-05
12196,2002-10-24
12197,2010-05-25
12198,2000-08-01
12199,2003-06-30
12200,1997-01-13
12201,2010-06-16
12202,1997-08-02
12203,2003-12-02
12204,2020-04-28
12205,1998-05-03
12206,2003-08-11
12207,2005-12-07
12208,2013-11-30
12209,2012-07-02
12210,2007-09-19
12211,2017-03-08
12212,2008-09-27
12213,2018-09-15
12214,2001-06-10
12215,2013-07-02
12216,2001-06-14
12217,2006-04-06
12218,2022-08-05
12219,2022-05-28
12220,2006-02-23
12221,1996-04-24
12222,2010-11-18
12223,2024-06-21
12224,2000-05-18
12225,2023-09-11
12226,2018-07-03
12227,1996-03-15
12228,2001-10-16
12229,2007-11-17
12230,2015-06-15
12231,2023-10-07
12232,2003-11-27
12233,2017-03-05
12234,2013-03-01
12235,1998-11-13
12236,2006-06-16
12237,1998-05-31
12238,2011-02-09
12239,2004-12-01
12240,2001-08-12
12241,2021-05-10
12242,2010-06-06
12243,1999-08-26
12244,2021-02-02
12245,2023-10-11
12246,1995-11-03
12247,2010-12-10
12248,1998-04-05
12249,2022-04-18
12250,1999-09-06
12251,2021-08-02
12252,2004-11-04
12253,2010-01-24
12254,2011-09-06
12255,2024-10-08
12256,2019-03-25
12257,2006-05-10
12258,2007-10-17
12259,2002-07-05
12260,2012-07-31
12261,2003-10-06
12262,2015-12-10
12263,2024-04-21
12264,2004-02-11
12265,1995-11-01
12266,2018-05-27
12267,1999-07-25
12268,2008-03-27
12269,2013-12-16
12270,2012-10-01
12271,1996-08-28
12272,2007-07-11
12273,2005-12-05
12274,2015-05-03
12275,2008-03-05
12276,1996-03-01
12277,2002-12-06
12278,2016-05-31
12279,2023-08-17
12280,2024-12-15
12281,2011-02-18
12282,2013-07-03
12283,2016-04-01
12284,1996-05-05
12285,2014-03-04
12286,2002-08-06
12287,2011-08-22
12288,2008-01-28
12289,2009-09-14
12290,2013-04-11
12291,1998-07-30
12292,2005-11-25
12293,2018-07-02
12294,2008-08-07
12295,2007-04-18
12296,2022-01-26
12297,2020-01-19
12298,2017-06-09
12299,2013-12-21
12300,2021-04-02
12301,2021-01-19
12302,2017-09-08
12303,2019-09-30
12304,2012-06-22
12305,2005-08-21
12306,2016-05-05
12307,2011-01-03
12308,2016-05-07
12309,2021-06-07
12310,2005-02-08
12311,2001-02-25
12312,2006-01-13
12313,1996-04-06
12314,2009-03-15
12315,2013-05-26
12316,1996-11-05
12317,1998-05-11
12318,2001-11-04
12319,1999-09-20
12320,2003-05-27
12321,2016-10-23
12322,2000-02-19
12323,2017-07-09
12324,2007-03-26
12325,2022-01-05
12326,2010-06-20
12327,2005-12-12
12328,2014-06-17
12329,2024-06-21
12330,2013-03-07
12331,2004-06-08
12332,2002-01-02
12333,2014-06-13
12334,2010-08-28
12335,2019-03-01
12336,1998-04-14
12337,2006-07-19
12338,2007-08-03
12339,2017-01-06
12340,2024-03-27
12341,2012-09-25
12342,2012-10-06
12343,2015-01-05
12344,2017-08-24
12345,2021-01-31
12346,2012-12-28
12347,2006-12-04
12348,2019-09-23
12349,2003-04-22
12350,2019-01-06
12351,2007-04-22
12352,2017-08-06
12353,2006-10-05
12354,2022-06-03
12355,2006-08-03
12356,2016-11-12
12357,2024-07-05
12358,2008-06-28
12359,2022-04-29
12360,2015-02-15
12361,2017-08-15
12362,2018-09-30
12363,2022-05-09
12364,2003-04-15
12365,2015-05-03
12366,2016-04-17
12367,2019-12-10
12368,2020-10-08
12369,2013-09-03
12370,2011-02-03
12371,2005-08-28
12372,2011-05-27
12373,2010-09-15
12374,2018-11-08
12375,2008-06-05
12376,2010-01-06
12377,1999-09-29
12378,2008-05-30
12379,2008-11-25
12380,2008-03-29
12381,2020-12-08
12382,2001-01-01
12383,2016-03-26
12384,2023-07-31
12385,1998-05-17
12386,2014-05-22
12387,2016-02-27
12388,2019-04-26
12389,2000-04-22
12390,2016-05-17
12391,2022-02-26
12392,2016-03-18
12393,2013-10-10
12394,1999-12-06
12395,2021-06-27
12396,1997-05-14
12397,1999-04-21
12398,2022-09-12
12399,2021-09-29
12400,2017-04-06
12401,2020-02-19
12402,2015-04-30
12403,2007-08-01
12404,2013-04-18
12405,1999-10-14
12406,2016-12-23
12407,2004-09-01
12408,2005-04-18
12409,2023-05-06
12410,2022-02-24
12411,2011-02-28
12412,2017-05-13
12413,2017-09-21
12414,2013-11-19
12415,1996-11-16
12416,2006-05-19
12417,2022-08-29
12418,2012-07-22
12419,2024-01-04
12420,2008-08-22
12421,2007-03-19
12422,2015-11-03
12423,2021-11-03
12424,2014-11-28
12425,2012-12-25
12426,2005-12-03
12427,2017-05-17
12428,2007-01-02
12429,2024-03-04
12430,2000-11-20
12431,2024-10-06
12432,2002-06-12
12433,2008-05-11
12434,2022-02-02
12435,1998-10-14
12436,2023-01-09
12437,2011-04-29
12438,2021-06-26
12439,2019-09-25
12440,2006-12-04
12441,2023-10-24
12442,2015-02-06
12443,2005-05-03
12444,2018-10-23
12445,2005-02-09
12446,2019-07-21
12447,2011-08-20
12448,1996-03-06
12449,2003-08-15
12450,2006-08-02
12451,1997-08-09
12452,2007-10-09
12453,2010-12-09
12454,1999-09-27
12455,2010-12-23
12456,1997-05-01
12457,1997-04-20
12458,2003-07-10
12459,2009-10-27
12460,2015-03-14
12461,2020-07-22
12462,1996-09-25
12463,1997-03-17
12464,2015-12-05
12465,2014-03-21
12466,2009-06-23
12467,2003-11-25
12468,2005-03-09
12469,2014-10-08
12470,2008-01-21
12471,2019-04-30
12472,2001-08-29
12473,1997-01-24
12474,2005-07-01
12475,2010-04-07
12476,2001-04-09
12477,2016-05-29
12478,2007-01-03
12479,2005-07-25
12480,1999-08-14
12481,1996-12-29
12482,2009-04-17
12483,2016-08-04
12484,2013-01-16
12485,2005-08-11
12486,2003-08-31
12487,2017-03-01
12488,2013-01-08
12489,2010-10-13
12490,2016-12-02
12491,2002-01-04
12492,2005-05-16
12493,2014-07-09
12494,2020-01-12
12495,1998-06-05
12496,2004-10-05
12497,2016-07-19
12498,2000-09-19
12499,2004-09-09
12500,2008-09-29
12501,2020-01-07
12502,2020-09-16
12503,2018-03-05
12504,2024-02-23
12505,2019-02-05
12506,2010-09-15
12507,2007-10-23
12508,2002-10-10
12509,2000-02-04
12510,2008-11-26
12511,2021-10-20
12512,1995-12-09
12513,2001-04-26
12514,1999-01-04
12515,2007-10-22
12516,1997-08-22
12517,2013-02-06
12518,2016-02-02
12519,2019-08-08
12520,1996-12-24
12521,1996-11-11
12522,2002-03-06
12523,2020-12-12
12524,1997-03-25
12525,1997-12-21
12526,2018-11-22
12527,2014-10-12
12528,2018-09-25
12529,2014-07-21
12530,1998-09-13
12531,2019-02-05
12532,2011-10-17
12533,2008-08-02
12534,2022-09-18
12535,2016-09-27
12536,1999-05-05
12537,2010-09-06
12538,2024-05-02
12539,2014-04-16
12540,2023-03-25
12541,2010-06-18
12542,2021-06-14
12543,2021-11-06
12544,2024-08-01
12545,2015-10-30
12546,2011-01-25
12547,2021-03-03
12548,2015-04-02
12549,2022-09-20
12550,2009-09-30
12551,2023-07-01
12552,2018-06-07
12553,2009-04-06
12554,2016-07-12
12555,2024-05-30
12556,2011-11-20
12557,1998-11-14
12558,2018-01-25
12559,2005-10-29
12560,2012-07-15
12561,2000-07-04
12562,2001-03-07
12563,2001-06-30
12564,2011-09-28
12565,2012-10-08
12566,2007-08-18
12567,2006-09-02
12568,2019-08-30
12569,2003-03-23
12570,2024-06-15
12571,2012-04-14
12572,2013-04-27
12573,1998-02-08
12574,2000-10-09
12575,2010-04-25
12576,2007-08-03
12577,2008-11-08
12578,2011-05-03
12579,2021-12-09
12580,2014-12-09
12581,2010-08-10
12582,2020-02-26
12583,2013-01-12
12584,2003-11-19
12585,2010-01-04
12586,1996-03-05
12587,2013-02-16
12588,2011-03-16
12589,2022-07-26
12590,2022-06-17
12591,2009-01-29
12592,2017-07-22
12593,2009-10-19
12594,2014-10-04
12595,2013-06-30
12596,1996-12-07
12597,2013-10-07
12598,2014-03-04
12599,2013-10-24
12600,2020-03-01
12601,2012-03-26
12602,2012-01-05
12603,2013-12-23
12604,2024-08-30
12605,2019-05-26
12606,2008-08-21
12607,2004-06-03
12608,2017-05-23
12609,2012-04-11
12610,2004-11-18
12611,2016-05-30
12612,2006-04-20
12613,2010-07-07
12614,2018-09-03
12615,2011-06-25
12616,2018-09-11
12617,2012-07-13
12618,2008-12-26
12619,2002-10-19
12620,2009-02-15
12621,2020-06-14
12622,2009-08-05
12623,2017-05-04
12624,2021-08-21
12625,2000-11-08
12626,1999-06-13
12627,2002-07-22
12628,2004-01-23
12629,1996-06-08
12630,1997-12-14
12631,2014-07-06
12632,1996-01-20
12633,2010-01-21
12634,2021-12-10
12635,2013-07-02
12636,2017-05-08
12637,1998-09-01
12638,2021-07-05
12639,2022-09-01
12640,2010-08-19
12641,2018-02-28
12642,2012-11-30
12643,2011-08-04
12644,2006-02-13
12645,2009-05-10
12646,2005-01-26
12647,2015-11-03
12648,1996-01-27
12649,2011-02-14
12650,2017-02-02
12651,2022-02-10
12652,2002-11-24
12653,2000-10-22
12654,2002-03-25
12655,2001-01-18
12656,2016-12-07
12657,2012-07-15
12658,2002-08-24
12659,1997-11-07
12660,2020-06-20
12661,2012-12-31
12662,1999-03-07
12663,1996-12-27
12664,2020-08-31
12665,1999-05-22
12666,2021-09-05
12667,2010-09-01
12668,2001-09-12
12669,2010-09-04
12670,2008-12-01
12671,2003-08-02
12672,1999-06-14
12673,2007-09-18
12674,2008-09-25
12675,2009-08-08
12676,2020-10-17
12677,1999-12-13
12678,2000-11-26
12679,1996-01-23
12680,2020-11-01
12681,2007-03-31
12682,2002-07-26
12683,2013-12-25
12684,2012-04-16
12685,2015-01-27
12686,2021-07-07
12687,2012-07-11
12688,2010-10-24
12689,2004-09-17
12690,2002-07-14
12691,2017-07-16
12692,1999-10-28
12693,2015-07-04
12694,2024-04-05
12695,2004-03-09
12696,2010-06-04
12697,2024-07-16
12698,2023-05-18
12699,2003-08-28
12700,2007-11-23
12701,1997-02-23
12702,1999-02-17
12703,2009-01-04
12704,2005-03-07
12705,2014-03-06
12706,2006-03-20
12707,2007-02-02
12708,2015-04-13
12709,2022-03-19
12710,2001-06-18
12711,2007-03-21
12712,2017-07-04
12713,2019-04-11
12714,2015-08-13
12715,2022-05-05
12716,2013-01-21
12717,2000-04-25
12718,2021-03-28
12719,2022-02-15
12720,2002-10-04
12721,2002-08-05
12722,2017-06-26
12723,2001-05-18
12724,2009-06-09
12725,2018-04-18
12726,1997-12-29
12727,2021-03-08
12728,2005-12-25
12729,2015-06-02
12730,2016-08-21
12731,2018-05-24
12732,2002-05-07
12733,2000-04-27
12734,2022-02-16
12735,2005-02-06
12736,2011-05-22
12737,2003-12-12
12738,1996-02-29
12739,2017-01-07
12740,2022-04-05
12741,2013-11-23
12742,2016-06-18
12743,2011-08-15
12744,2019-08-25
12745,2012-08-11
12746,2018-02-09
12747,2013-12-19
12748,1999-09-29
12749,2006-03-07
12750,2013-11-08
12751,2010-08-27
12752,2004-05-17
12753,2018-01-31
12754,2009-04-10
12755,2003-10-13
12756,2006-06-17
12757,2012-08-02
12758,2018-01-15
12759,2004-06-26
12760,2019-11-03
12761,2013-11-26
12762,2006-06-13
12763,2006-01-22
12764,2006-04-28
12765,2016-11-22
12766,2003-07-02
12767,1999-12-31
12768,2023-07-20
12769,1997-12-24
12770,2018-11-10
12771,1999-02-28
12772,2005-11-18
12773,2021-05-03
12774,2010-04-21
12775,2019-01-02
12776,2019-11-27
12777,2010-05-10
12778,2024-03-23
12779,1998-02-14
12780,2006-08-03
12781,2005-07-19
12782,2024-03-31
12783,2008-03-15
12784,2009-03-19
12785,2001-06-20
12786,2015-07-24
12787,2000-09-09
12788,2016-08-23
12789,2012-10-04
12790,2011-01-10
12791,2014-01-22
12792,2019-01-06
12793,2020-05-15
12794,2010-02-17
12795,1997-07-01
12796,2018-12-26
12797,2011-07-07
12798,2001-09-24
12799,2019-10-25
12800,1997-05-02
12801,2005-12-28
12802,1997-01-07
12803,1996-10-02
12804,1999-12-20
12805,2005-06-20
12806,2024-04-04
12807,1998-03-27
12808,2009-05-11
12809,2013-04-03
12810,2003-12-19
12811,2004-09-09
12812,2000-08-11
12813,2023-07-05
12814,2001-06-12
12815,1995-11-08
12816,2022-04-27
12817,2014-09-13
12818,1997-07-06
12819,2012-03-12
12820,2019-06-04
12821,1997-11-13
12822,2006-05-18
12823,2015-03-06
12824,2004-02-23
12825,1999-08-16
12826,2019-09-17
12827,2021-06-16
12828,2017-06-02
12829,1999-01-21
12830,2019-12-11
12831,2019-09-07
12832,2019-03-24
12833,2016-05-16
12834,2021-08-27
12835,2020-09-16
12836,2016-04-22
12837,2019-04-26
12838,2022-02-14
12839,2000-08-22
12840,2006-09-29
12841,2024-10-18
12842,2013-03-28
12843,1996-09-20
12844,2016-08-09
12845,1997-03-28
12846,2005-08-16
12847,2016-03-18
12848,2009-01-15
12849,2022-12-17
12850,1998-08-03
12851,2001-03-26
12852,2009-11-29
12853,2010-06-22
12854,2011-05-03
12855,2009-05-17
12856,2015-01-21
12857,2019-09-16
12858,2007-02-06
12859,2016-07-04
12860,2017-12-09
12861,2019-03-22
12862,2008-07-07
12863,1996-01-27
12864,2008-07-17
12865,2013-06-04
12866,2005-12-11
12867,2003-09-10
12868,2016-01-19
12869,2004-08-20
12870,2018-11-28
12871,2000-12-15
12872,2007-09-01
12873,2018-01-05
12874,2015-07-29
12875,2012-09-20
12876,2014-12-10
12877,2021-06-15
12878,1998-01-18
12879,2018-11-29
12880,2016-06-14
12881,2020-02-25
12882,1997-01-19
12883,2024-06-24
12884,2000-04-09
12885,2011-01-16
12886,2023-12-24
12887,1996-10-24
12888,2020-11-27
12889,2019-10-12
12890,2006-02-15
12891,1997-04-10
12892,1999-07-23
12893,2010-05-13
12894,1996-09-23
12895,2008-02-04
12896,2021-07-28
12897,2017-02-21
12898,2001-11-21
12899,2005-02-07
12900,2001-06-28
12901,2020-04-18
12902,2014-08-26
12903,2023-08-14
12904,2008-02-19
12905,1997-09-08
12906,1998-04-08
12907,2020-04-02
12908,2020-12-30
12909,2002-01-25
12910,2000-04-15
12911,2002-06-30
12912,2013-07-28
12913,2013-09-09
12914,2017-02-16
12915,2014-03-03
12916,2006-03-02
12917,2006-02-11
12918,2009-01-26
12919,2021-09-28
12920,2010-07-02
12921,2012-05-10
12922,2019-02-03
12923,2010-09-27
12924,1997-11-20
12925,2003-12-02
12926,2022-07-19
12927,2012-11-25
12928,2011-11-14
12929,1997-09-16
12930,1998-03-03
12931,2011-03-21
12932,2022-09-06
12933,2016-02-19
12934,1998-10-02
12935,2002-01-20
12936,2002-04-06
12937,2022-01-12
12938,2017-03-13
12939,2024-10-22
12940,2007-02-03
12941,2024-12-22
12942,2002-12-30
12943,1996-07-20
12944,2024-03-23
12945,2024-06-26
12946,2014-05-27
12947,2004-03-19
12948,1999-06-13
12949,2010-06-29
12950,2008-01-05
12951,2009-04-10
12952,2003-11-21
12953,2010-04-01
12954,2020-01-20
12955,2014-10-19
12956,2023-10-11
12957,2019-12-02
12958,2015-02-07
12959,2024-07-08
12960,2000-10-16
12961,2003-10-25
12962,2005-08-30
12963,2010-03-05
12964,2007-09-17
12965,2015-12-04
12966,2011-05-12
12967,2010-04-11
12968,2020-10-09
12969,2010-08-12
12970,2003-04-10
12971,2020-12-19
12972,2010-04-07
12973,2015-11-25
12974,2013-12-25
12975,2018-05-27
12976,2008-07-06
12977,1996-05-31
12978,2000-04-10
12979,2000-03-07
12980,2013-12-18
12981,1997-04-21
12982,2009-10-12
12983,2018-12-22
12984,2009-05-29
12985,2015-10-11
12986,1998-01-14
12987,2015-12-24
12988,2021-10-27
12989,2013-09-13
12990,2018-08-21
12991,2008-02-13
12992,2015-11-17
12993,2007-06-01
12994,2001-11-09
12995,1999-08-31
12996,1998-07-28
12997,2001-10-05
12998,2023-10-06
12999,2002-07-25
13000,2002-11-16
13001,2014-08-07
13002,1998-07-09
13003,2023-05-23
13004,2003-02-17
13005,2016-01-11
13006,2001-07-28
13007,2001-06-22
13008,2011-03-26
13009,2021-12-11
13010,1998-07-24
13011,2015-11-19
13012,2016-07-03
13013,2011-05-07
13014,2011-12-03
13015,2015-11-22
13016,2022-10-05
13017,2002-07-14
13018,2017-10-20
13019,2024-01-20
13020,2002-11-19
13021,2018-05-25
13022,2006-05-14
13023,2020-01-06
13024,2009-12-13
13025,2006-03-07
13026,2003-12-28
13027,2020-08-30
13028,2017-09-27
13029,2012-06-08
13030,2003-05-16
13031,2024-05-06
13032,1999-03-09
13033,2006-05-12
13034,2016-11-14
13035,2019-11-24
13036,2024-11-24
13037,2019-12-02
13038,2008-04-22
13039,2008-03-06
13040,1996-09-17
13041,2004-08-11
13042,1996-11-03
13043,2006-08-07
13044,2004-02-04
13045,1996-12-12
13046,2010-07-29
13047,2015-05-21
13048,2008-09-18
13049,2024-08-07
13050,1999-04-30
13051,2018-07-30
13052,1996-12-16
13053,2017-04-26
13054,1996-09-09
13055,2012-07-10
13056,2017-10-08
13057,2017-02-16
13058,2000-03-15
13059,2024-01-05
13060,2011-04-15
13061,2000-12-23
13062,2006-12-08
13063,2011-12-23
13064,2008-08-11
13065,2024-04-06
13066,2006-08-24
13067,2021-03-29
13068,2006-02-22
13069,2021-07-01
13070,2022-02-10
13071,2006-12-08
13072,1999-04-11
13073,2024-01-13
13074,2010-01-20
13075,2022-02-07
13076,2006-10-11
13077,2005-07-24
13078,2007-03-10
13079,2007-05-01
13080,1999-03-08
13081,2007-02-15
13082,2001-06-11
13083,2024-04-08
13084,2023-03-15
13085,2015-02-25
13086,2010-10-13
13087,2022-09-20
13088,2013-08-22
13089,2017-03-08
13090,2023-11-16
13091,2000-12-01
13092,2008-12-28
13093,2000-04-14
13094,2006-03-03
13095,2022-05-31
13096,2021-04-28
13097,1998-01-08
13098,2021-06-03
13099,2003-07-14
13100,2000-07-22
13101,2022-11-16
13102,2002-12-02
13103,2018-02-27
13104,2023-03-23
13105,2020-12-03
13106,2019-12-23
13107,2007-05-01
13108,1999-02-19
13109,2014-05-27
13110,2020-10-02
13111,2001-07-07
13112,2008-12-09
13113,1996-06-30
13114,2022-08-13
13115,2007-11-28
13116,2013-09-15
13117,1997-11-22
13118,2004-12-01
13119,2018-09-10
13120,2006-08-01
13121,2014-11-08
13122,2002-10-17
13123,2013-12-21
13124,2018-04-17
13125,2021-09-03
13126,2004-07-30
13127,2018-04-24
13128,2020-09-15
13129,2017-04-25
13130,2022-01-25
13131,2021-08-05
13132,1999-09-02
13133,1998-11-15
13134,2004-06-17
13135,1999-06-01
13136,1995-12-21
13137,2013-06-09
13138,2011-09-22
13139,2004-08-21
13140,2014-11-30
13141,2011-07-13
13142,2006-07-19
13143,2017-01-16
13144,2012-01-31
13145,2021-07-24
13146,2018-06-06
13147,2017-11-14
13148,1999-02-08
13149,2019-05-01
13150,2014-03-16
13151,2020-07-14
13152,1999-10-05
13153,2005-12-27
13154,2024-11-21
13155,2021-03-16
13156,1999-03-01
13157,2015-03-09
13158,1999-03-04
13159,2008-03-19
13160,2007-10-31
13161,2015-03-29
13162,2024-07-25
13163,2021-09-24
13164,2012-09-13
13165,2007-09-21
13166,2012-08-23
13167,2003-12-15
13168,2003-03-07
13169,1996-06-30
13170,2013-06-17
13171,2014-12-04
13172,2007-03-19
13173,2024-04-26
13174,2009-11-05
13175,2010-03-28
13176,2011-06-25
13177,2004-02-02
13178,2018-09-06
13179,2014-06-14
13180,2004-12-17
13181,2006-07-25
13182,2004-05-23
13183,2020-08-22
13184,2022-01-07
13185,2014-02-08
13186,2009-02-28
13187,1997-02-09
13188,2015-08-25
13189,2006-10-06
13190,2017-03-13
13191,2000-12-05
13192,2006-06-20
13193,2000-02-09
13194,1998-12-14
13195,2014-08-12
13196,2017-12-29
13197,2010-08-17
13198,2003-11-01
13199,2019-01-19
13200,2008-05-08
13201,2016-01-10
13202,2022-02-23
13203,2014-09-17
13204,2019-12-04
13205,2019-04-17
13206,1996-08-23
13207,2022-08-17
13208,2001-08-07
13209,2024-01-31
13210,2009-11-01
13211,1999-01-25
13212,2004-03-12
13213,2003-08-26
13214,2003-12-13
13215,2002-02-02
13216,2024-05-14
13217,2013-11-02
13218,2001-12-29
13219,2008-11-05
13220,2007-08-12
13221,2001-09-16
13222,2022-07-23
13223,2001-04-30
13224,1998-06-12
13225,2021-08-20
13226,2011-04-14
13227,2001-09-16
13228,2009-02-28
13229,1998-10-28
13230,2005-04-12
13231,2002-03-28
13232,2017-12-30
13233,1996-01-29
13234,2015-08-22
13235,2007-11-17
13236,2009-06-15
13237,2017-03-18
13238,2019-04-22
13239,2000-03-30
13240,2008-06-15
13241,2017-08-24
13242,2013-07-29
13243,2014-03-21
13244,2024-08-17
13245,2018-09-17
13246,2002-11-24
13247,2001-07-09
13248,2000-10-25
13249,2001-01-31
13250,2014-08-22
13251,1996-01-20
13252,2006-07-10
13253,2017-08-27
13254,2007-05-08
13255,2008-08-01
13256,2021-06-22
13257,2000-04-04
13258,2000-05-18
13259,2005-02-22
13260,2017-03-20
13261,2019-03-09
13262,2002-05-26
13263,2018-05-15
13264,2002-09-08
13265,2003-12-09
13266,2016-07-13
13267,2004-03-11
13268,2007-03-09
13269,2019-05-12
13270,2008-01-20
13271,2005-04-29
13272,2019-04-03
13273,2004-08-02
13274,2017-11-20
13275,2020-04-16
13276,2016-05-25
13277,2000-01-31
13278,2014-09-03
13279,1997-12-08
13280,1997-06-25
13281,2020-04-21
13282,2023-12-23
13283,2015-10-27
13284,2001-03-30
13285,2023-12-10
13286,1997-06-11
13287,2007-10-22
13288,2015-06-16
13289,1998-07-16
13290,2022-11-23
13291,2015-08-30
13292,2013-06-01
13293,2009-12-02
13294,2024-08-07
13295,2008-07-04
13296,1996-07-08
13297,2012-08-01
13298,2004-05-02
13299,2004-07-05
13300,2018-10-21
13301,2007-02-26
13302,2017-12-23
13303,1997-01-21
13304,2020-03-28
13305,2009-08-11
13306,1997-08-14
13307,2022-06-06
13308,2005-01-12
13309,2021-11-07
13310,2002-07-09
13311,2024-04-17
13312,1999-08-06
13313,2018-12-04
13314,2021-06-02
13315,2000-08-19
13316,1998-02-27
13317,2008-08-03
13318,2003-06-08
13319,2011-12-01
13320,1997-02-01
13321,2016-12-18
13322,2020-11-05
13323,2014-02-18
13324,2023-07-13
13325,2011-12-14
13326,2012-09-17
13327,2020-01-02
13328,2000-01-26
13329,2010-04-24
13330,2010-07-03
13331,2008-09-25
13332,2011-04-04
13333,2022-12-08
13334,1996-09-29
13335,2000-10-20
13336,2000-01-25
13337,2024-11-14
13338,2019-09-19
13339,1999-12-09
13340,2005-01-19
13341,2020-05-12
13342,2023-10-12
13343,2010-09-03
13344,2001-02-27
13345,2022-01-16
13346,2020-04-29
13347,2009-07-13
13348,2006-07-22
13349,1998-03-31
13350,2012-04-13
13351,2015-08-24
13352,2003-09-12
13353,2022-04-08
13354,2002-07-02
13355,2024-06-28
13356,2021-08-31
13357,2005-07-03
13358,2021-08-25
13359,2008-09-05
13360,2009-02-28
13361,2022-04-01
13362,2011-04-28
13363,2020-10-20
13364,2012-08-02
13365,2000-09-22
13366,2024-11-11
13367,2004-09-05
13368,2008-03-24
13369,2009-08-24
13370,2023-04-29
13371,2024-05-22
13372,2015-09-16
13373,2015-03-18
13374,1998-11-17
13375,1998-09-06
13376,2008-05-25
13377,1997-09-18
13378,2018-12-13
13379,2018-06-06
13380,2005-01-14
13381,2004-08-23
13382,1999-06-05
13383,2000-09-30
13384,2015-07-11
13385,2002-08-23
13386,2024-08-13
13387,1999-07-26
13388,2023-03-18
13389,2002-12-22
13390,2023-08-06
13391,1996-10-03
13392,2005-02-24
13393,2020-12-06
13394,2021-03-08
13395,2018-06-05
13396,2014-06-06
13397,2005-02-07
13398,2021-07-07
13399,2022-10-31
13400,2014-08-25
13401,2006-08-04
13402,2002-04-20
13403,2003-03-27
13404,2012-12-22
13405,1996-06-09
13406,2000-09-25
13407,2000-05-21
13408,2010-12-02
13409,2023-10-27
13410,2023-11-12
13411,2000-12-17
13412,2022-04-19
13413,2009-01-01
13414,2006-05-17
13415,2020-07-21
13416,2015-04-08
13417,2017-03-13
13418,2001-01-08
13419,1996-10-26
13420,1997-08-04
13421,2023-05-05
13422,2016-06-16
13423,2006-11-06
13424,2007-06-17
13425,1996-10-13
13426,2017-12-17
13427,2004-01-23
13428,2023-02-06
13429,1997-08-05
13430,2017-02-03
13431,2008-04-18
13432,2007-01-23
13433,1999-11-24
13434,1996-11-24
13435,2024-05-07
13436,2020-04-12
13437,1996-08-14
13438,2001-08-28
13439,2013-11-28
13440,2002-02-20
13441,2004-08-25
13442,2018-04-28
13443,2001-12-01
13444,2020-02-28
13445,2019-11-09
13446,2020-07-11
13447,2018-03-15
13448,2008-12-04
13449,2020-11-25
13450,2016-01-03
13451,2023-09-05
13452,2004-01-12
13453,2008-10-03
13454,2000-11-08
13455,1997-09-04
13456,2004-09-07
13457,2016-02-07
13458,2012-01-27
13459,2024-10-19
13460,2004-11-04
13461,2024-05-01
13462,2021-11-25
13463,1998-12-10
13464,2002-11-19
13465,2001-01-16
13466,2001-09-27
13467,2013-11-10
13468,2021-01-12
13469,1996-04-06
13470,2018-09-12
13471,2010-04-06
13472,2014-11-28
13473,2007-06-09
13474,2008-03-24
13475,2000-03-31
13476,2009-04-25
13477,2022-10-08
13478,2021-07-01
13479,2018-06-07
13480,2009-10-31
13481,2006-08-12
13482,1999-09-19
13483,2015-07-22
13484,2023-02-08
13485,2008-12-22
13486,1998-07-12
13487,2009-03-05
13488,2021-12-30
13489,2020-04-15
13490,2011-04-24
13491,1995-11-04
13492,1997-08-22
13493,2014-05-04
13494,2012-01-14
13495,2012-04-20
13496,2016-12-24
13497,2008-03-10
13498,1999-05-13
13499,2021-12-04
13500,2011-07-19
13501,2017-09-21
13502,2021-07-26
13503,2010-11-18
13504,2015-08-23
13505,2024-02-27
13506,2008-08-16
13507,2011-09-07
13508,2022-08-26
13509,2013-05-16
13510,2012-11-04
13511,2024-12-07
13512,2005-08-12
13513,2006-06-13
13514,2019-01-26
13515,2003-12-30
13516,1996-01-02
13517,1999-07-25
13518,2008-03-26
13519,2011-05-08
13520,1998-11-28
13521,2024-09-27
13522,1998-03-30
13523,2013-12-11
13524,2023-08-28
13525,1999-08-25
13526,2014-11-11
13527,2023-06-21
13528,1999-01-10
13529,2015-10-27
13530,2023-06-26
13531,2018-09-08
13532,2002-11-04
13533,2013-04-10
13534,2004-03-18
13535,2007-02-18
13536,2014-08-04
13537,1997-08-21
13538,2012-02-01
13539,2007-07-19
13540,1996-12-07
13541,2015-04-10
13542,2009-07-29
13543,2012-11-21
13544,2001-07-29
13545,2021-11-27
13546,2004-11-03
13547,1999-11-06
13548,2000-12-18
13549,2001-03-22
13550,2020-07-05
13551,2019-01-26
13552,2015-04-29
13553,2013-01-13
13554,2024-04-06
13555,2006-03-09
13556,2006-10-09
13557,2007-05-18
13558,2011-02-07
13559,2016-01-27
13560,2022-07-20
13561,2000-05-10
13562,2021-09-02
13563,2016-09-14
13564,2019-05-18
13565,2007-11-19
13566,2013-09-04
13567,2016-12-09
13568,2010-09-12
13569,2023-06-26
13570,2021-09-29
13571,2015-11-08
13572,1998-08-22
13573,2019-11-26
13574,2002-12-15
13575,1997-05-29
13576,2016-03-27
13577,2014-11-07
13578,1997-11-18
13579,1998-02-01
13580,1998-04-30
13581,2024-02-16
13582,2022-10-23
13583,1996-02-17
13584,2017-07-20
13585,2021-02-02
13586,2007-02-03
13587,2000-01-30
13588,1996-02-07
13589,1999-07-25
13590,2023-08-03
13591,2021-02-06
13592,2021-09-20
13593,2015-03-11
13594,2010-01-13
13595,2020-01-11
13596,2020-09-14
13597,2009-02-21
13598,1999-06-13
13599,2019-08-15
13600,2003-08-10
13601,2003-03-14
13602,2007-07-19
13603,2016-01-15
13604,1997-05-05
13605,2016-11-07
13606,2005-05-19
13607,2005-03-04
13608,2018-08-08
13609,2024-12-08
13610,2018-09-12
13611,2005-02-01
13612,2021-05-31
13613,2007-05-05
13614,2023-08-11
13615,2002-08-31
13616,2006-12-25
13617,2013-03-12
13618,2011-02-03
13619,1997-11-09
13620,2014-04-14
13621,2005-07-03
13622,2018-06-03
13623,1999-04-23
13624,2008-03-07
13625,2014-02-13
13626,2018-12-14
13627,2020-08-09
13628,2010-09-05
13629,2022-10-05
13630,2016-06-10
13631,1999-03-27
13632,2008-09-05
13633,2008-08-25
13634,2013-08-29
13635,2015-03-17
13636,2013-10-29
13637,2020-05-03
13638,2017-05-26
13639,2012-11-29
13640,2019-10-06
13641,2005-05-22
13642,2020-05-29
13643,2001-10-23
13644,2015-12-26
13645,2024-08-29
13646,1999-01-13
13647,2016-09-16
13648,1999-03-07
13649,2004-08-23
13650,2008-07-04
13651,2017-03-10
13652,2014-10-20
13653,2015-01-06
13654,2008-08-22
13655,2013-01-25
13656,2024-12-06
13657,2002-11-14
13658,2024-12-25
13659,1996-03-31
13660,2009-06-04
13661,2010-10-31
13662,2013-06-18
13663,1998-09-26
13664,2022-04-07
13665,2020-08-31
13666,1997-06-23
13667,2017-10-24
13668,1996-02-10
13669,1996-06-07
13670,2018-01-13
13671,1998-10-30
13672,2004-10-24
13673,2022-12-01
13674,2018-02-13
13675,2011-12-17
13676,2005-01-03
13677,2003-09-11
13678,1997-06-02
13679,2024-03-19
13680,1997-10-11
13681,1995-11-01
13682,2010-12-17
13683,2005-08-08
13684,2012-03-11
13685,2007-02-26
13686,1996-01-24
13687,2002-04-02
13688,2017-02-11
13689,1996-12-10
13690,2000-11-07
13691,2015-12-31
13692,2011-12-16
13693,2022-11-02
13694,2019-11-23
13695,2017-06-09
13696,2013-10-30
13697,2000-12-30
13698,1996-03-01
13699,2005-11-26
13700,2016-12-19
13701,2007-01-01
13702,2010-06-10
13703,1999-11-01
13704,2020-04-23
13705,1996-06-27
13706,2008-07-24
13707,2000-07-31
13708,2001-12-25
13709,2003-07-20
13710,2006-04-12
13711,2005-09-05
13712,2014-08-14
13713,2021-08-10
13714,2000-07-14
13715,2016-05-15
13716,1997-10-08
13717,2016-04-10
13718,2024-11-23
13719,2011-08-13
13720,2023-12-10
13721,2024-12-01
13722,2009-09-21
13723,2018-04-12
13724,2014-10-08
13725,2015-10-09
13726,2015-06-26
13727,2012-08-30
13728,2007-02-12
13729,1997-10-16
13730,2017-03-08
13731,2011-11-21
13732,1996-05-07
13733,2006-06-26
13734,2020-11-20
13735,2018-03-19
13736,2000-01-09
13737,2022-03-25
13738,2020-02-19
13739,2019-01-15
13740,2024-04-24
13741,2005-04-26
13742,2024-07-11
13743,2012-02-09
13744,2013-09-01
13745,2018-06-19
13746,2012-03-04
13747,2019-10-16
13748,1995-11-15
13749,2022-09-21
13750,2007-06-02
13751,2015-03-18
13752,2020-02-04
13753,2019-05-29
13754,2016-11-07
13755,2021-04-24
13756,1996-04-11
13757,2001-12-06
13758,2009-02-23
13759,2009-12-01
13760,2001-03-29
13761,2019-04-24
13762,2013-05-13
13763,2011-07-05
13764,1996-08-05
13765,2016-11-19
13766,2021-02-06
13767,2023-11-24
13768,2009-02-12
13769,1996-01-14
13770,2008-08-07
13771,1999-08-11
13772,2023-10-16
13773,2020-09-13
13774,2002-04-04
13775,2023-12-12
13776,2002-02-25
13777,2003-06-30
13778,2011-03-28
13779,2020-06-18
13780,2000-03-15
13781,1997-07-23
13782,1996-05-02
13783,2022-09-10
13784,2019-03-30
13785,2001-06-13
13786,2019-02-24
13787,2019-09-17
13788,1996-04-03
13789,2021-09-07
13790,2017-03-08
13791,2007-07-02
13792,2008-05-18
13793,2012-03-02
13794,2020-05-02
13795,2007-05-19
13796,2018-05-08
13797,2007-07-30
13798,1996-05-13
13799,2018-12-14
13800,2014-03-24
13801,2008-04-18
13802,2021-11-19
13803,2023-02-19
13804,2023-02-10
13805,2005-05-09
13806,2022-04-08
13807,2010-04-22
13808,2020-01-09
13809,2003-01-11
13810,2024-10-10
13811,2003-09-20
13812,2011-04-23
13813,1996-09-27
13814,2017-08-13
13815,2001-05-14
13816,2014-05-03
13817,2003-08-20
13818,2010-06-23
13819,2011-11-07
13820,2006-03-09
13821,2013-08-19
13822,2011-12-25
13823,2000-07-29
13824,2022-10-18
13825,2001-09-10
13826,2000-06-18
13827,2008-06-28
13828,2018-12-17
13829,2021-06-20
13830,2011-01-27
13831,2017-05-06
13832,1998-03-18
13833,2012-11-15
13834,2019-01-11
13835,2008-01-02
13836,2023-01-14
13837,2001-10-27
13838,2006-03-14
13839,2001-12-07
13840,2003-05-02
13841,2009-02-22
13842,1995-12-20
13843,2006-05-04
13844,2018-02-23
13845,2024-04-27
13846,2008-09-07
13847,2003-04-08
13848,2001-06-06
13849,2023-05-18
13850,2011-06-30
13851,1997-08-23
13852,2015-02-13
13853,2008-10-07
13854,2002-01-20
13855,2009-06-18
13856,2018-06-21
13857,2009-04-12
13858,2012-07-31
13859,2008-06-12
13860,2011-03-31
13861,2009-11-20
13862,2018-11-03
13863,2012-10-23
13864,2023-09-30
13865,1999-07-29
13866,2006-07-10
13867,2022-08-10
13868,1999-08-29
13869,2019-08-28
13870,2022-11-13
13871,2016-06-18
13872,1997-07-25
13873,2010-07-26
13874,1996-11-09
13875,2009-11-22
13876,2006-09-12
13877,1998-09-11
13878,2003-04-03
13879,2013-05-02
13880,2013-05-09
13881,2022-10-12
13882,2009-08-04
13883,2008-09-29
13884,2024-10-27
13885,2017-08-21
13886,2013-04-28
13887,1996-09-25
13888,2011-11-07
13889,2008-07-06
13890,2007-06-08
13891,2012-10-12
13892,2012-01-16
13893,2012-08-10
13894,2011-02-08
13895,2004-06-27
13896,2005-07-04
13897,2007-12-25
13898,2021-02-15
13899,2005-04-15
13900,2011-07-26
13901,2021-03-28
13902,2008-01-26
13903,2006-01-29
13904,1999-01-09
13905,2012-09-08
13906,2018-04-12
13907,2007-09-26
13908,2005-06-08
13909,2008-01-21
13910,2014-09-02
13911,2011-07-02
13912,1999-06-15
13913,2017-07-03
13914,1998-02-11
13915,2008-03-13
13916,2010-08-12
13917,2000-01-29
13918,1997-08-10
13919,1997-10-07
13920,2012-07-18
13921,2015-11-12
13922,2006-07-25
13923,2022-12-03
13924,2016-03-17
13925,1996-12-31
13926,2012-03-10
13927,2002-01-17
13928,2010-12-10
13929,2011-12-24
13930,2003-07-30
13931,2000-09-13
13932,1997-06-02
13933,2021-02-04
13934,2007-11-10
13935,1998-10-15
13936,2024-08-29
13937,2003-06-22
13938,2022-08-10
13939,1998-01-16
13940,1998-05-19
13941,2014-12-13
13942,2012-02-09
13943,1998-07-25
13944,2024-01-08
13945,1997-04-11
13946,2016-07-02
13947,2011-11-22
13948,2018-04-14
13949,1998-08-24
13950,2010-07-15
13951,2023-10-16
13952,2020-02-22
13953,2022-12-19
13954,2008-02-21
13955,2013-09-22
13956,2017-09-20
13957,2019-06-25
13958,2013-10-07
13959,2018-03-22
13960,2001-02-16
13961,2009-07-30
13962,2000-03-06
13963,2014-11-27
13964,1997-10-11
13965,2015-10-28
13966,2017-03-12
13967,2022-02-23
13968,2000-12-11
13969,2022-11-17
13970,2023-11-12
13971,2000-07-05
13972,2013-06-27
13973,2017-02-15
13974,1997-04-06
13975,1997-02-01
13976,2011-12-28
13977,2012-02-10
13978,1998-02-03
13979,2013-07-10
13980,2002-10-25
13981,2019-01-28
13982,2024-10-25
13983,2004-11-25
13984,2009-09-08
13985,2020-12-15
13986,1996-07-17
13987,2024-07-22
13988,2009-09-15
13989,1999-07-27
13990,2023-10-09
13991,2014-09-14
13992,2023-10-07
13993,1999-10-02
13994,2006-05-12
13995,2023-07-08
13996,2021-03-23
13997,2000-11-15
13998,1999-04-25
13999,1997-01-13
14000,2002-08-15
14001,2002-08-09
14002,1999-08-18
14003,2006-10-04
14004,2009-09-17
14005,2012-08-10
14006,2017-03-18
14007,2003-11-27
14008,1997-08-15
14009,2020-04-18
14010,2016-09-12
14011,2020-01-08
14012,2012-02-11
14013,2018-01-15
14014,2001-08-14
14015,2002-10-18
14016,1997-04-13
14017,2024-04-01
14018,2009-05-04
14019,2024-05-28
14020,2013-01-14
14021,2021-09-15
14022,2014-11-06
14023,2015-04-06
14024,2002-12-17
14025,2000-03-24
14026,2004-12-31
14027,1998-08-14
14028,2015-10-01
14029,1999-05-27
14030,2017-05-08
14031,2022-09-04
14032,2001-04-14
14033,2009-11-12
14034,1998-07-24
14035,2008-12-24
14036,2012-05-18
14037,2020-08-01
14038,1996-08-13
14039,2007-05-13
14040,2003-05-23
14041,2017-11-03
14042,2008-11-14
14043,2010-11-02
14044,1998-03-09
14045,2023-04-04
14046,2015-11-15
14047,1997-12-20
14048,1996-03-26
14049,2001-02-21
14050,2012-11-11
14051,2012-06-15
14052,2007-01-25
14053,2007-06-18
14054,2013-09-06
14055,1997-11-28
14056,2017-02-22
14057,2021-08-03
14058,2018-06-22
14059,2016-11-02
14060,2001-10-07
14061,2003-02-23
14062,2020-04-24
14063,2016-12-17
14064,2023-01-12
14065,2002-09-30
14066,2006-07-13
14067,2000-01-25
14068,2020-07-18
14069,2015-09-10
14070,2010-08-28
14071,2015-04-19
14072,2008-02-08
14073,2012-07-10
14074,2019-09-09
14075,2019-02-23
14076,2011-10-13
14077,2007-05-26
14078,2022-04-02
14079,2011-05-29
14080,1996-12-21
14081,2001-10-30
14082,2018-04-03
14083,2015-04-05
14084,2001-04-19
14085,2022-02-09
14086,2004-07-11
14087,2016-04-17
14088,2014-10-04
14089,2008-10-18
14090,2001-11-11
14091,2009-06-28
14092,2024-02-02
14093,1999-08-31
14094,2011-05-14
14095,2015-08-29
14096,2007-04-13
14097,2018-01-04
14098,2007-04-13
14099,2001-11-21
14100,2016-08-05
14101,2010-06-01
14102,2002-04-06
14103,2010-09-16
14104,2003-11-08
14105,2007-01-15
14106,2010-07-03
14107,1999-01-08
14108,2010-07-23
14109,2023-11-17
14110,2012-09-25
14111,2013-01-01
14112,2003-04-30
14113,1997-08-10
14114,2022-03-20
14115,1996-10-12
14116,2000-08-02
14117,2015-01-23
14118,2023-11-10
14119,2005-11-11
14120,2007-10-12
14121,2011-06-17
14122,2001-08-27
14123,1998-08-07
14124,2016-02-02
14125,2002-12-14
14126,2007-06-22
14127,2000-10-02
14128,2007-06-20
14129,2021-10-02
14130,2015-10-12
14131,2022-09-19
14132,1999-09-26
14133,2021-12-12
14134,2016-08-01
14135,1999-03-24
14136,2017-08-19
14137,2010-12-27
14138,2017-06-23
14139,2003-07-26
14140,1995-11-17
14141,2002-12-03
14142,2014-04-03
14143,2004-02-10
14144,2006-05-13
14145,2008-01-18
14146,2014-01-19
14147,2006-10-03
14148,2009-04-22
14149,2000-11-02
14150,2004-06-10
14151,2016-04-22
14152,2006-12-12
14153,2013-07-03
14154,1998-02-14
14155,2006-12-06
14156,1996-02-15
14157,2020-08-07
14158,1999-01-10
14159,2023-04-15
14160,2019-09-25
14161,2002-11-23
14162,1996-04-25
14163,2004-04-06
14164,2009-11-19
14165,2010-08-15
14166,1998-07-21
14167,2023-11-09
14168,2009-01-11
14169,1996-11-02
14170,2012-11-10
14171,2013-05-23
14172,2005-11-09
14173,2023-08-18
14174,1999-09-06
14175,2002-01-16
14176,1998-06-10
14177,2009-06-25
14178,2017-07-24
14179,2011-04-14
14180,2000-03-09
14181,2004-04-04
14182,2001-09-13
14183,2006-09-30
14184,2008-11-30
14185,2000-06-08
14186,2022-05-29
14187,2022-06-05
14188,1998-12-29
14189,2004-02-20
14190,2003-11-18
14191,1997-12-06
14192,2001-03-02
14193,2000-05-31
14194,1999-10-09
14195,2006-03-22
14196,2009-11-23
14197,2002-02-02
14198,2014-05-07
14199,2005-09-25
14200,2004-11-28
14201,2017-05-29
14202,2019-09-18
14203,2021-03-20
14204,2020-03-11
14205,2017-07-02
14206,1998-06-16
14207,2022-11-06
14208,2020-12-18
14209,2011-01-07
14210,2023-01-14
14211,2021-03-10
14212,2016-02-19
14213,2021-06-18
14214,2011-08-14
14215,2024-12-10
14216,2015-04-06
14217,2004-03-07
14218,2001-10-13
14219,2020-10-09
14220,1998-09-28
14221,2001-08-25
14222,2021-12-13
14223,2010-08-11
14224,1998-12-31
14225,2007-02-01
14226,2018-02-10
14227,1999-07-20
14228,2020-12-04
14229,2017-04-13
14230,2019-02-08
14231,2000-01-05
14232,2010-04-10
14233,2015-06-07
14234,2012-08-24
14235,2024-08-17
14236,2024-02-16
14237,2021-07-14
14238,2018-10-19
14239,2011-10-31
14240,2020-01-28
14241,2012-12-15
14242,1996-10-06
14243,2023-05-01
14244,2014-05-07
14245,1999-02-25
14246,2000-08-07
14247,2021-04-07
14248,2010-09-16
14249,2013-12-20
14250,2021-08-06
14251,2006-08-01
14252,2017-10-17
14253,1998-08-24
14254,2001-09-12
14255,2019-10-20
14256,2024-10-08
14257,2000-12-25
14258,1996-11-22
14259,2023-11-25
14260,1996-07-15
14261,2008-04-09
14262,2007-07-14
14263,2023-03-29
14264,2016-07-24
14265,2024-03-22
14266,1997-10-13
14267,2022-07-27
14268,2000-12-01
14269,2002-01-05
14270,2020-12-17
14271,2013-02-02
14272,2018-10-23
14273,2018-06-04
14274,2003-10-31
14275,2011-08-27
14276,2012-10-12
14277,2012-02-08
14278,2013-12-04
14279,2020-01-12
14280,2005-06-27
14281,2005-04-28
14282,2008-07-03
14283,2001-02-13
14284,2007-12-21
14285,1999-01-04
14286,2012-10-24
14287,2022-02-24
14288,2020-06-16
14289,2014-06-08
14290,2018-08-04
14291,2019-02-23
14292,1999-05-31
14293,2009-06-19
14294,2012-07-27
14295,2021-04-24
14296,2020-05-12
14297,2004-01-07
14298,1998-04-22
14299,2015-02-18
14300,2019-04-14
14301,1997-02-17
14302,2008-06-15
14303,2016-01-29
14304,1997-09-04
14305,1996-03-22
14306,2020-01-22
14307,2007-03-11
14308,2017-06-09
14309,2013-01-21
14310,2013-05-18
14311,2008-04-01
14312,2011-10-24
14313,1996-12-20
14314,1997-10-21
14315,2024-05-01
14316,2014-07-22
14317,2013-04-18
14318,2013-12-14
14319,2018-08-30
14320,2010-04-25
14321,2004-08-15
14322,2024-12-28
14323,1997-06-28
14324,1998-08-09
14325,1996-04-18
14326,2011-04-10
14327,1996-04-04
14328,2022-08-25
14329,2023-09-21
14330,2012-07-02
14331,2023-01-26
14332,2008-11-07
14333,2004-11-16
14334,2014-12-07
14335,2023-09-17
14336,2013-05-12
14337,2021-10-17
14338,2009-10-19
14339,2006-09-04
14340,2014-03-06
14341,1997-12-14
14342,2015-12-15
14343,2009-10-14
14344,2005-06-21
14345,2018-03-08
14346,2005-04-16
14347,2001-10-02
14348,2009-09-05
14349,2008-09-11
14350,2006-11-06
14351,1997-12-28
14352,2004-11-26
14353,2010-05-24
14354,2013-07-13
14355,2020-07-15
14356,2013-02-02
14357,1996-06-28
14358,2015-10-30
14359,2010-04-02
14360,2023-09-20
14361,2015-03-21
14362,2016-05-05
14363,2004-03-26
14364,2024-05-11
14365,1999-04-16
14366,2002-11-26
14367,2012-01-12
14368,2022-04-06
14369,2008-01-28
14370,2020-07-18
14371,2001-05-04
14372,2014-05-01
14373,1996-12-23
14374,2016-07-02
14375,2008-02-07
14376,1995-12-29
14377,2016-04-14
14378,2008-01-06
14379,2020-09-09
14380,2001-06-11
14381,2003-03-30
14382,1999-01-08
14383,2009-03-05
14384,1995-12-28
14385,2000-09-25
14386,2018-03-03
14387,2020-07-14
14388,1997-08-12
14389,2018-01-08
14390,2018-05-11
14391,2021-02-05
14392,2002-07-09
14393,1997-06-20
14394,2008-10-11
14395,2001-12-15
14396,1995-11-13
14397,1996-07-28
14398,1997-02-20
14399,2018-03-03
14400,2021-11-30
14401,2018-09-07
14402,2023-08-23
14403,2020-04-26
14404,2024-01-21
14405,2020-02-07
14406,1998-09-18
14407,2005-05-05
14408,2014-08-29
14409,2015-05-08
14410,2007-01-31
14411,2023-07-21
14412,2019-09-09
14413,2013-04-02
14414,2001-01-27
14415,2005-12-31
14416,2001-05-29
14417,2010-07-03
14418,2002-03-02
14419,1996-11-15
14420,2019-10-31
14421,2015-11-14
14422,2005-09-03
14423,1996-04-24
14424,1998-09-11
14425,2006-01-31
14426,2002-03-27
14427,2012-01-16
14428,2011-11-13
14429,2002-11-09
14430,1997-11-03
14431,2017-07-01
14432,2009-10-29
14433,2018-06-29
14434,2023-08-10
14435,2003-04-13
14436,2000-03-22
14437,2005-03-16
14438,2020-12-19
14439,2005-09-08
14440,2006-01-07
14441,2005-01-23
14442,1999-10-25
14443,1998-12-26
14444,2007-07-13
14445,2017-08-13
14446,2012-09-22
14447,2008-11-10
14448,1997-11-12
14449,2023-11-07
14450,2002-05-14
14451,1996-11-26
14452,2016-11-08
14453,2014-03-19
14454,1998-04-10
14455,2012-12-13
14456,2024-10-21
14457,2015-07-28
14458,2001-01-27
14459,2006-06-15
14460,2018-04-02
14461,2022-02-13
14462,2011-06-11
14463,2007-12-20
14464,2005-09-12
14465,2003-01-24
14466,2000-11-26
14467,2010-12-07
14468,2005-06-16
14469,2009-04-04
14470,2010-08-30
14471,2004-05-09
14472,2019-06-06
14473,1996-01-14
14474,2002-02-04
14475,2003-11-29
14476,1997-09-12
14477,2001-04-22
14478,2022-02-08
14479,2002-11-29
14480,2008-12-23
14481,1999-01-21
14482,1998-01-01
14483,2009-01-27
14484,2008-01-01
14485,1999-02-03
14486,2024-03-20
14487,1996-11-13
14488,2024-07-25
14489,2020-02-12
14490,2023-03-12
14491,2015-01-19
14492,2007-04-25
14493,2024-06-28
14494,2004-07-31
14495,2021-04-18
14496,2024-04-15
14497,2013-12-13
14498,1996-02-04
14499,2022-01-03
14500,2003-09-12
14501,2001-06-21
14502,2019-05-30
14503,2005-06-16
14504,2000-03-22
14505,2008-07-05
14506,2021-09-17
14507,1998-04-13
14508,2000-07-01
14509,2014-11-11
14510,1998-09-25
14511,2018-05-11
14512,2005-02-21
14513,2005-07-12
14514,2016-02-03
14515,2009-10-02
14516,2009-12-18
14517,2015-11-06
14518,2024-03-11
14519,2003-01-27
14520,2018-08-12
14521,2012-06-01
14522,2022-05-04
14523,2000-08-10
14524,1996-08-01
14525,2017-02-14
14526,2021-05-04
14527,2022-05-01
14528,2005-03-27
14529,2014-07-06
14530,2012-10-25
14531,2004-06-18
14532,2003-12-07
14533,2017-11-13
14534,2007-01-12
14535,2014-07-05
14536,2012-06-07
14537,2016-04-06
14538,2004-03-08
14539,2001-10-24
14540,2015-10-21
14541,2009-02-26
14542,2013-07-15
14543,2000-12-30
14544,2020-01-07
14545,2004-03-20
14546,2009-07-05
14547,2003-09-08
14548,2007-11-26
14549,2023-03-26
14550,1996-05-03
14551,2000-11-06
14552,2017-12-03
14553,2021-04-02
14554,1999-09-04
14555,2020-05-17
14556,2016-10-08
14557,1997-04-05
14558,2019-07-10
14559,2020-01-25
14560,2005-03-09
14561,2014-10-14
14562,2016-02-29
14563,2020-01-08
14564,2015-05-20
14565,2013-07-30
14566,1997-04-20
14567,2002-02-18
14568,2006-10-02
14569,2001-07-25
14570,2013-02-14
14571,2018-08-04
14572,2013-03-22
14573,2011-04-03
14574,2009-09-20
14575,2009-12-18
14576,2009-03-30
14577,2014-11-09
14578,1996-04-11
14579,2001-12-02
14580,2012-11-17
14581,2016-10-21
14582,2016-11-10
14583,1998-12-27
14584,2017-09-02
14585,1997-12-30
14586,2014-09-25
14587,1996-10-10
14588,2019-10-08
14589,1997-11-22
14590,2017-02-09
14591,2015-11-15
14592,2021-04-09
14593,2020-09-25
14594,2003-11-30
14595,2024-02-20
14596,2020-04-14
14597,2001-05-25
14598,2011-02-25
14599,2003-06-02
14600,2013-04-15
14601,2013-07-13
14602,2014-04-12
14603,2014-10-30
14604,1998-10-14
14605,2008-11-23
14606,2008-03-16
14607,2020-06-02
14608,1999-11-03
14609,2004-11-02
14610,2022-12-17
14611,2005-03-05
14612,2013-10-14
14613,2023-06-17
14614,2021-09-16
14615,2006-03-07
14616,2013-04-19
14617,2018-07-03
14618,2008-09-20
14619,2011-11-20
14620,2020-03-14
14621,1998-09-09
14622,1998-06-17
14623,2009-08-03
14624,2013-02-26
14625,2023-05-11
14626,2008-12-23
14627,2011-03-10
14628,2022-08-24
14629,2010-11-09
14630,1997-06-30
14631,2006-07-07
14632,2012-06-04
14633,1996-02-12
14634,2019-02-24
14635,1996-01-24
14636,2000-10-08
14637,2010-09-05
14638,1997-03-23
14639,1998-09-29
14640,2012-02-05
14641,2004-01-11
14642,2022-12-17
14643,2022-12-08
14644,2006-12-10
14645,1996-07-08
14646,2008-05-22
14647,2009-09-11
14648,2010-09-03
14649,2013-07-15
14650,2011-12-02
14651,1999-09-24
14652,2000-01-10
14653,1999-05-26
14654,1999-03-10
14655,2016-10-15
14656,2002-11-19
14657,2018-03-01
14658,2024-02-19
14659,1999-04-17
14660,2008-11-10
14661,2014-12-09
14662,2006-07-13
14663,2018-03-26
14664,2020-10-19
14665,2024-12-20
14666,2010-10-08
14667,2015-12-18
14668,2002-05-22
14669,2018-12-03
14670,2023-12-26
14671,2022-04-27
14672,2023-05-30
14673,2014-08-29
14674,2000-03-08
14675,2004-04-20
14676,1998-04-06
14677,2009-07-23
14678,2019-04-26
14679,2002-09-17
14680,2016-10-18
14681,2019-07-15
14682,2011-04-21
14683,2022-12-30
14684,2011-06-18
14685,1995-12-05
14686,2004-07-24
14687,2020-05-26
14688,2005-10-07
14689,1998-08-06
14690,2001-05-16
14691,2008-03-13
14692,1997-10-11
14693,2008-03-05
14694,2017-05-17
14695,1999-05-16
14696,2004-04-05
14697,2015-04-28
14698,1997-12-17
14699,2015-09-21
14700,2007-11-15
14701,2000-03-30
14702,1995-11-15
14703,2020-01-17
14704,2013-03-09
14705,2002-04-13
14706,2003-06-01
14707,2023-09-13
14708,2022-04-28
14709,2015-09-25
14710,2019-01-13
14711,2012-08-13
14712,2006-12-28
14713,2017-07-26
14714,1997-05-01
14715,1996-03-27
14716,2004-12-12
14717,2024-03-29
14718,2021-10-30
14719,1998-12-11
14720,2014-12-03
14721,2021-01-31
14722,2011-10-22
14723,2004-11-10
14724,2008-10-17
14725,1999-04-12
14726,2001-02-21
14727,2019-12-05
14728,1996-08-07
14729,2011-06-14
14730,2021-01-14
14731,2016-02-19
14732,2006-12-03
14733,2015-10-17
14734,2001-06-04
14735,2019-02-21
14736,2005-05-01
14737,1997-04-27
14738,2023-07-31
14739,2010-03-14
14740,2009-05-06
14741,2006-03-15
14742,2015-02-20
14743,2020-11-22
14744,2011-03-15
14745,1998-11-18
14746,2011-02-07
14747,2005-11-05
14748,2023-03-02
14749,2004-08-04
14750,2023-12-17
14751,2018-03-19
14752,2002-02-21
14753,1998-03-20
14754,2011-06-25
14755,2012-10-09
14756,1996-02-28
14757,2023-09-29
14758,2011-09-10
14759,2001-05-06
14760,2020-07-10
14761,1999-05-11
14762,2004-07-02
14763,2010-10-10
14764,2000-03-01
14765,1997-09-17
14766,2006-05-19
14767,2016-10-25
14768,2003-04-17
14769,2006-10-27
14770,1999-08-07
14771,2000-03-08
14772,2021-04-24
14773,2005-03-30
14774,2007-10-28
14775,2003-09-06
14776,1998-03-31
14777,2007-09-01
14778,2005-09-26
14779,2017-08-03
14780,2006-06-07
14781,2018-10-09
14782,1998-10-29
14783,2001-11-10
14784,2010-03-18
14785,2011-09-20
14786,1996-03-17
14787,2017-12-15
14788,2012-08-11
14789,2006-12-26
14790,2004-10-28
14791,2019-02-13
14792,2011-11-11
14793,2005-06-09
14794,2013-10-06
14795,2002-09-26
14796,2022-05-23
14797,2024-03-12
14798,1998-03-29
14799,2014-12-08
14800,1999-02-19
14801,2021-05-03
14802,2002-02-05
14803,1996-10-09
14804,2011-07-25
14805,1997-11-17
14806,2017-02-01
14807,2021-12-17
14808,1998-02-22
14809,2020-07-07
14810,2008-10-26
14811,2014-04-28
14812,2012-08-14
14813,2003-10-09
14814,2001-09-27
14815,2018-05-22
14816,1997-06-01
14817,1999-08-13
14818,2018-09-25
14819,2017-05-29
14820,2019-06-28
14821,2011-07-26
14822,2004-05-04
14823,2013-03-03
14824,2000-12-13
14825,2019-03-15
14826,2019-08-10
14827,2003-11-16
14828,2004-08-09
14829,2003-04-02
14830,2018-09-19
14831,2002-11-24
14832,2015-12-21
14833,2014-07-31
14834,2018-12-07
14835,2017-01-10
14836,2014-05-12
14837,2019-07-28
14838,2000-02-17
14839,1996-07-23
14840,2024-03-24
14841,2016-04-12
14842,2022-08-08
14843,2009-07-23
14844,2012-09-19
14845,2019-10-29
14846,2019-05-04
14847,2022-04-17
14848,2016-10-30
14849,2023-04-22
14850,1999-03-11
14851,2014-09-17
14852,2002-01-30
14853,2005-11-09
14854,1998-01-16
14855,2017-04-25
14856,2022-02-23
14857,2003-04-04
14858,2010-09-09
14859,1997-06-25
14860,2001-05-24
14861,2020-03-19
14862,2013-01-06
14863,2013-06-23
14864,1999-01-08
14865,1998-05-13
14866,2001-06-17
14867,2022-12-07
14868,2004-03-27
14869,2017-07-06
14870,2001-09-28
14871,1999-01-07
14872,2004-09-06
14873,2021-03-14
14874,2003-05-13
14875,2003-08-13
14876,2002-12-08
14877,2001-10-02
14878,2009-04-20
14879,2002-04-15
14880,2008-06-16
14881,2002-05-24
14882,2018-11-18
14883,2011-03-25
14884,2012-05-11
14885,2020-01-18
14886,1995-11-20
14887,2002-11-25
14888,2024-07-19
14889,2016-05-29
14890,2023-03-20
14891,2022-08-13
14892,2011-03-09
14893,2017-12-07
14894,2010-09-03
14895,2019-07-24
14896,1999-10-27
14897,2007-01-03
14898,2009-12-19
14899,2001-06-03
14900,2005-05-15
14901,2007-02-23
14902,2019-06-07
14903,2006-03-15
14904,2023-09-02
14905,2005-08-17
14906,2004-06-24
14907,1998-01-04
14908,2020-01-23
14909,2022-12-17
14910,2012-10-19
14911,1999-02-02
14912,2023-03-11
14913,2010-10-24
14914,1999-12-26
14915,2008-12-12
14916,1999-05-03
14917,1996-10-10
14918,2019-05-24
14919,2000-12-12
14920,2017-08-05
14921,2007-10-07
14922,2024-04-25
14923,2003-08-07
14924,2005-08-18
14925,2001-09-20
14926,1999-10-01
14927,2003-04-17
14928,2015-01-06
14929,2011-08-27
14930,2024-08-24
14931,2003-07-16
14932,2006-10-25
14933,1996-11-29
14934,2014-07-08
14935,2024-01-30
14936,2000-12-05
14937,2005-03-10
14938,2011-08-28
14939,2009-01-26
14940,2001-03-14
14941,2004-07-04
14942,2016-05-22
14943,2018-04-12
14944,2019-12-14
14945,2021-01-28
14946,2002-10-12
14947,2015-06-29
14948,2005-06-12
14949,2022-08-29
14950,2021-04-27
14951,2003-08-25
14952,2022-09-13
14953,1999-01-25
14954,2011-12-29
14955,2013-01-27
14956,2009-05-16
14957,2002-09-21
14958,1996-02-29
14959,2009-09-13
14960,2010-07-12
14961,2018-10-27
14962,2023-10-13
14963,2018-09-01
14964,2020-03-25
14965,2018-11-22
14966,2013-03-31
14967,2022-07-30
14968,2012-10-13
14969,2004-05-09
14970,2017-02-04
14971,1998-05-23
14972,2017-08-06
14973,2001-11-26
14974,2021-07-10
14975,2010-05-04
14976,2007-01-26
14977,2021-03-24
14978,2000-03-04
14979,2022-02-25
14980,1996-02-23
14981,2006-06-22
14982,2002-04-29
14983,2000-06-02
14984,2019-10-11
14985,2020-08-25
14986,2014-02-10
14987,2018-06-28
14988,2003-12-22
14989,2024-10-28
14990,2021-07-10
14991,2010-02-07
14992,2001-05-20
14993,2009-07-28
14994,2013-04-10
14995,2009-07-27
14996,2021-12-22
14997,2020-12-09
14998,1999-10-29
14999,2019-01-21
15000,2021-10-01
15001,2024-08-03
15002,2021-01-25
15003,2010-10-22
15004,2010-06-13
15005,2012-02-18
15006,2005-08-15
15007,2008-06-25
15008,1995-10-26
15009,2011-06-13
15010,2000-09-05
15011,1998-05-01
15012,2016-11-15
15013,2008-10-09
15014,2008-10-14
15015,2020-12-19
15016,2013-03-29
15017,2010-12-02
15018,2011-10-09
15019,1999-08-08
15020,2013-12-10
15021,1997-12-04
15022,2000-06-14
15023,2011-07-26
15024,2006-11-23
15025,2017-09-20
15026,2011-07-02
15027,1996-08-09
15028,2020-03-23
15029,1997-06-16
15030,1999-12-21
15031,2016-11-30
15032,2021-12-29
15033,2012-05-07
15034,2011-12-14
15035,2004-11-27
15036,2016-12-17
15037,1998-06-04
15038,2001-01-25
15039,2010-10-04
15040,2021-06-01
15041,2006-12-06
15042,2015-03-07
15043,2006-09-15
15044,2002-06-25
15045,2022-08-08
15046,1999-03-25
15047,2022-10-27
15048,1996-03-21
15049,1998-03-22
15050,2016-07-08
15051,2000-12-13
15052,2009-07-14
15053,2022-06-18
15054,2024-10-07
15055,2002-10-08
15056,1996-02-06
15057,2012-11-23
15058,2020-12-16
15059,2000-12-23
15060,2020-02-24
15061,2023-01-31
15062,2024-09-08
15063,2016-05-16
15064,1998-11-26
15065,2006-06-09
15066,2019-07-27
15067,1995-10-29
15068,2007-01-19
15069,2016-07-15
15070,2003-07-27
15071,2024-07-23
15072,2004-04-19
15073,2012-01-29
15074,2003-04-14
15075,1997-03-15
15076,2003-02-19
15077,2006-11-17
15078,1999-01-12
15079,2019-01-07
15080,2013-09-04
15081,2004-04-28
15082,2014-02-22
15083,2009-05-29
15084,2002-01-26
15085,2023-07-21
15086,2007-04-07
15087,2020-12-25
15088,2011-11-11
15089,2007-04-14
15090,1997-05-15
15091,2006-03-08
15092,2009-06-14
15093,2003-08-22
15094,2008-03-21
15095,2018-02-28
15096,2002-08-29
15097,2017-09-02
15098,1999-12-31
15099,2001-10-23
15100,2009-08-21
15101,2013-10-17
15102,1999-10-28
15103,2010-12-02
15104,2021-08-21
15105,2010-04-29
15106,2012-01-13
15107,2000-10-10
15108,1995-12-07
15109,2009-03-09
15110,2018-05-19
15111,2021-10-17
15112,2014-03-30
15113,2022-03-10
15114,2003-01-21
15115,2010-09-24
15116,2014-04-02
15117,1997-04-15
15118,2014-04-14
15119,1997-09-29
15120,2017-04-08
15121,2003-02-23
15122,1998-09-03
15123,1998-04-27
15124,2023-10-11
15125,2004-11-02
15126,1998-02-01
15127,2012-08-17
15128,2014-04-19
15129,2008-01-03
15130,2002-02-26
15131,2022-04-11
15132,2021-10-14
15133,1997-12-13
15134,2023-12-11
15135,1996-07-13
15136,1999-07-09
15137,2011-07-22
15138,2008-04-16
15139,1997-02-11
15140,2007-11-02
15141,2004-06-29
15142,2009-09-26
15143,2008-12-10
15144,2009-10-29
15145,2004-04-29
15146,2020-12-30
15147,2020-05-04
15148,2005-07-28
15149,2016-05-30
15150,2003-11-15
15151,1996-05-17
15152,2023-05-15
15153,2016-05-24
15154,2005-06-10
15155,2022-01-29
15156,2015-11-26
15157,2014-03-31
15158,2004-05-18
15159,2002-08-12
15160,2002-11-24
15161,2018-02-24
15162,2024-11-12
15163,2017-02-05
15164,2023-08-01
15165,2006-01-07
15166,2022-02-28
15167,1999-10-24
15168,2002-07-24
15169,1999-05-02
15170,2006-05-06
15171,2017-02-14
15172,2021-11-05
15173,2022-03-12
15174,1996-07-22
15175,2024-04-04
15176,2018-06-02
15177,2018-06-11
15178,1997-02-09
15179,1996-07-19
15180,2022-06-28
15181,2024-06-18
15182,2007-12-26
15183,1996-02-14
15184,2018-09-10
15185,2020-05-24
15186,2009-04-21
15187,2016-07-30
15188,2003-06-20
15189,2007-06-14
15190,2018-01-27
15191,1999-09-25
15192,2003-02-02
15193,2021-05-05
15194,2023-03-08
15195,2008-01-05
15196,2019-01-26
15197,2004-02-14
15198,2016-06-11
15199,2015-07-11
15200,2020-12-12
15201,2011-08-02
15202,2000-01-13
15203,2018-05-15
15204,2007-12-21
15205,2008-04-27
15206,2024-02-07
15207,2023-04-14
15208,2014-08-10
15209,2004-02-14
15210,2022-01-28
15211,2024-08-10
15212,2008-08-08
15213,2004-02-13
15214,1999-04-24
15215,2023-06-10
15216,2013-06-22
15217,2018-04-19
15218,2014-03-25
15219,2020-03-01
15220,2004-10-24
15221,2004-10-08
15222,1997-11-07
15223,1998-07-11
15224,2005-10-15
15225,2023-11-29
15226,2017-04-11
15227,2004-08-03
15228,1999-03-27
15229,2014-01-31
15230,1996-04-28
15231,2022-10-06
15232,2010-09-17
15233,2022-08-03
15234,2010-09-30
15235,2017-04-14
15236,2017-12-05
15237,2013-11-30
15238,2011-06-23
15239,2008-06-16
15240,2022-06-17
15241,1996-06-19
15242,2011-02-13
15243,2017-07-18
15244,2001-08-24
15245,2022-10-12
15246,2016-08-28
15247,2019-06-28
15248,2013-12-31
15249,2005-04-01
15250,2014-11-19
15251,1999-12-19
15252,2010-08-11
15253,2008-02-15
15254,2022-11-01
15255,2001-06-20
15256,2000-06-04
15257,2021-01-11
15258,2019-09-09
15259,2008-05-15
15260,2017-08-10
15261,2002-04-28
15262,2019-03-16
15263,2001-11-13
15264,2007-06-10
15265,1995-12-19
15266,1999-02-18
15267,2016-11-27
15268,2008-09-16
15269,2016-04-12
15270,2004-03-18
15271,2006-03-31
15272,2022-08-08
15273,2006-06-10
15274,2023-03-05
15275,1997-03-03
15276,1997-08-29
15277,2017-12-19
15278,2008-05-19
15279,2006-01-05
15280,2009-05-27
15281,2014-04-06
15282,2001-11-16
15283,2003-06-17
15284,2021-04-21
15285,2004-10-08
15286,2023-10-11
15287,2008-12-28
15288,2016-01-24
15289,2003-11-20
15290,2000-04-21
15291,2022-08-30
15292,2018-08-27
15293,2013-05-22
15294,2018-12-24
15295,1998-05-20
15296,2000-10-14
15297,2014-12-17
15298,2004-08-28
15299,2019-08-10
15300,2023-01-31
15301,2024-09-12
15302,2007-10-18
15303,1999-12-18
15304,2006-10-29
15305,2024-05-24
15306,2018-06-12
15307,2004-08-18
15308,1995-11-13
15309,2002-11-25
15310,2012-01-20
15311,1998-01-20
15312,2001-01-16
15313,2003-08-19
15314,2001-05-24
15315,2005-02-09
15316,2022-08-06
15317,2002-02-14
15318,2022-03-05
15319,2020-08-23
15320,1996-02-26
15321,2024-12-06
15322,2012-02-22
15323,1997-01-15
15324,2021-10-06
15325,2013-12-22
15326,1998-10-05
15327,2007-05-20
15328,1996-05-19
15329,2003-09-06
15330,2017-04-18
15331,2011-03-18
15332,2009-01-20
15333,2023-08-24
15334,2024-10-02
15335,1999-06-18
15336,2011-11-20
15337,2020-03-05
15338,2015-04-13
15339,2003-01-30
15340,2019-05-13
15341,2005-01-25
15342,2015-02-21
15343,2006-01-14
15344,2011-01-25
15345,2001-12-12
15346,2001-02-03
15347,1996-12-29
15348,2005-06-19
15349,2000-12-02
15350,1997-04-26
15351,2024-03-26
15352,2021-05-23
15353,2002-10-04
15354,2004-12-22
15355,2012-10-11
15356,2014-06-19
15357,2022-08-30
15358,1997-02-05
15359,2015-08-31
15360,2020-05-21
15361,2005-03-10
15362,2024-08-03
15363,2013-08-16
15364,2009-08-31
15365,2001-09-18
15366,2013-09-06
15367,2012-11-17
15368,1999-07-05
15369,2022-09-18
15370,2007-12-19
15371,2019-10-24
15372,2011-09-04
15373,2010-10-15
15374,2009-12-28
15375,2016-06-14
15376,2017-04-26
15377,2009-10-20
15378,1996-01-11
15379,1999-06-08
15380,2003-09-23
15381,2011-08-13
15382,2021-04-24
15383,2008-08-09
15384,2022-08-06
15385,2002-04-23
15386,2014-11-12
15387,2023-12-10
15388,1999-05-30
15389,1997-03-04
15390,2020-12-21
15391,1996-06-05
15392,2017-08-02
15393,1995-12-31
15394,2021-12-28
15395,1997-01-10
15396,2001-10-27
15397,2024-01-30
15398,2010-05-23
15399,2014-11-30
15400,2012-12-20
15401,2018-06-24
15402,2018-07-16
15403,2022-06-24
15404,1996-05-22
15405,2015-09-21
15406,2018-02-24
15407,2019-04-14
15408,2002-11-08
15409,2024-07-31
15410,2008-12-27
15411,2000-04-26
15412,2015-01-11
15413,2016-08-18
15414,2012-06-24
15415,2015-06-27
15416,1996-11-12
15417,2000-03-15
15418,2018-12-19
15419,2012-03-10
15420,2010-03-06
15421,1998-05-13
15422,2000-03-29
15423,2003-05-17
15424,2006-02-26
15425,2001-05-04
15426,2012-01-04
15427,2024-10-18
15428,2024-04-13
15429,2011-11-27
15430,2000-11-21
15431,2012-06-30
15432,2013-03-23
15433,2004-02-25
15434,2017-11-20
15435,2012-02-09
15436,2019-09-07
15437,2021-10-31
15438,2016-10-11
15439,1999-07-23
15440,1999-05-13
15441,2018-09-04
15442,2022-01-05
15443,2017-09-26
15444,2018-03-17
15445,2022-03-22
15446,2007-05-16
15447,2004-07-04
15448,1997-08-10
15449,2013-04-24
15450,2020-03-26
15451,2024-04-13
15452,1997-06-20
15453,1996-03-11
15454,2021-05-23
15455,2006-02-23
15456,2011-07-12
15457,2004-02-10
15458,2016-03-16
15459,2012-01-25
15460,2014-12-26
15461,2022-01-26
15462,2013-05-20
15463,2016-12-11
15464,2013-06-22
15465,2014-04-28
15466,2000-04-17
15467,2020-06-22
15468,2003-11-15
15469,1998-08-18
15470,1999-02-17
15471,2014-07-08
15472,2014-09-10
15473,1997-03-19
15474,2007-10-28
15475,2023-06-19
15476,2006-05-23
15477,2022-08-19
15478,2012-08-05
15479,2015-01-25
15480,2006-05-21
15481,1996-03-03
15482,2021-10-21
15483,2024-11-03
15484,2009-08-27
15485,1997-08-10
15486,2002-02-28
15487,2001-04-29
15488,2018-10-19
15489,1998-10-26
15490,2007-06-29
15491,2012-02-09
15492,2000-03-13
15493,1997-05-06
15494,2023-04-03
15495,2001-02-14
15496,2007-05-01
15497,2006-05-29
15498,2002-06-20
15499,1997-12-04
15500,2003-08-04
15501,1997-01-16
15502,1999-10-29
15503,2001-08-06
15504,2005-07-09
15505,2000-07-19
15506,2006-03-27
15507,2016-08-03
15508,2020-05-17
15509,2019-06-26
15510,2023-07-21
15511,2007-05-17
15512,2005-06-25
15513,1999-01-12
15514,2019-08-05
15515,2015-08-04
15516,2022-01-01
15517,2015-09-02
15518,2008-08-26
15519,2023-06-20
15520,2021-05-23
15521,2016-02-24
15522,2020-09-03
15523,2018-02-01
15524,2004-08-16
15525,2021-05-28
15526,1996-05-28
15527,2004-07-09
15528,2012-12-20
15529,2007-04-12
15530,1998-08-18
15531,2019-08-08
15532,2019-04-16
15533,1997-09-28
15534,2008-09-28
15535,1997-06-13
15536,2015-02-19
15537,2017-08-17
15538,2002-08-17
15539,2006-12-26
15540,2018-12-09
15541,2024-01-18
15542,2024-06-02
15543,2014-07-23
15544,1999-06-03
15545,2020-11-29
15546,2000-03-23
15547,2015-05-21
15548,2023-05-06
15549,2014-11-12
15550,2000-12-20
15551,2021-03-09
15552,2009-02-21
15553,2020-05-18
15554,2010-12-15
15555,2002-03-31
15556,2016-02-26
15557,2003-09-19
15558,1999-12-24
15559,2019-06-28
15560,2007-05-30
15561,2004-11-29
15562,2024-09-22
15563,2017-04-15
15564,2005-03-11
15565,2020-02-19
15566,2015-02-23
15567,2004-11-18
15568,2021-01-06
15569,2016-06-04
15570,2008-12-16
15571,2022-05-01
15572,2015-03-23
15573,1999-11-21
15574,2019-06-01
15575,2009-09-12
15576,1996-01-13
15577,2017-08-22
15578,1997-06-02
15579,1998-06-14
15580,2007-10-04
15581,2002-10-14
15582,2010-10-27
15583,2011-05-11
15584,1999-07-25
15585,2002-04-27
15586,2003-02-17
15587,2014-04-24
15588,2024-03-14
15589,2016-01-13
15590,2020-12-18
15591,2024-01-03
15592,2008-04-09
15593,2004-10-25
15594,1999-05-16
15595,1996-09-24
15596,2009-03-13
15597,2003-05-23
15598,2018-10-21
15599,2005-04-03
15600,2005-05-27
15601,2017-09-24
15602,1997-05-15
15603,2001-08-31
15604,2018-02-04
15605,2013-09-19
15606,2004-02-24
15607,2020-10-13
15608,2021-08-17
15609,2022-06-18
15610,1997-05-30
15611,2016-02-19
15612,1996-11-16
15613,2016-12-09
15614,2014-03-21
15615,2022-02-07
15616,2002-11-04
15617,2014-05-05
15618,2023-06-01
15619,2004-02-23
15620,2023-05-01
15621,2018-07-08
15622,2000-08-24
15623,2024-02-14
15624,2017-02-19
15625,2001-10-02
15626,2010-01-26
15627,2009-06-30
15628,1996-06-06
15629,2005-08-05
15630,2012-06-19
15631,2010-11-17
15632,2001-01-17
15633,2009-10-09
15634,2012-08-13
15635,2004-11-29
15636,2017-03-19
15637,2022-11-15
15638,2002-11-29
15639,2018-03-23
15640,2005-02-04
15641,2011-01-13
15642,2022-05-02
15643,2008-03-23
15644,2015-05-07
15645,2001-01-08
15646,2023-07-26
15647,1996-09-02
15648,2008-09-21
15649,2010-10-19
15650,2017-12-18
15651,2001-08-20
15652,2020-04-11
15653,2017-09-17
15654,2000-09-07
15655,1995-12-18
15656,2020-09-18
15657,2004-05-22
15658,2000-03-22
15659,2016-08-12
15660,2017-01-06
15661,1996-03-08
15662,2008-09-03
15663,2009-10-16
15664,1998-09-19
15665,2012-02-06
15666,2001-07-21
15667,2020-04-12
15668,2018-08-12
15669,2022-10-31
15670,2006-12-10
15671,2016-09-12
15672,2000-07-18
15673,1999-05-12
15674,2007-06-15
15675,2014-08-31
15676,2020-04-04
15677,2014-01-22
15678,1996-05-22
15679,2020-02-02
15680,2008-03-18
15681,2021-07-19
15682,2013-06-09
15683,2007-05-15
15684,2023-12-10
15685,1999-02-12
15686,2009-09-18
15687,2000-08-20
15688,2012-05-11
15689,2016-02-23
15690,2007-12-05
15691,1995-12-23
15692,2004-07-27
15693,2009-09-28
15694,1999-09-05
15695,2015-12-09
15696,2002-08-09
15697,2022-12-03
15698,2000-03-16
15699,2021-08-13
15700,2022-02-05
15701,2014-10-13
15702,2013-12-15
15703,2018-11-02
15704,2017-10-03
15705,1997-02-27
15706,1996-11-02
15707,2022-07-12
15708,2017-04-20
15709,2016-09-27
15710,2021-06-13
15711,1996-05-02
15712,2005-11-22
15713,2005-09-21
15714,1996-10-22
15715,1997-08-27
15716,2021-01-30
15717,2021-09-22
15718,2023-01-18
15719,1998-11-18
15720,2018-11-23
15721,2012-04-16
15722,2021-09-07
15723,1996-08-27
15724,2007-09-21
15725,2014-10-03
15726,2000-10-26
15727,2000-12-08
15728,2000-11-14
15729,2003-07-23
15730,2019-08-23
15731,2019-07-26
15732,2000-08-10
15733,2011-11-16
15734,2006-03-13
15735,2000-11-18
15736,2007-01-31
15737,2001-05-10
15738,2000-11-01
15739,1998-06-02
15740,1999-04-30
15741,2021-03-04
15742,2015-06-27
15743,1996-01-15
15744,2021-09-18
15745,2004-03-30
15746,2011-03-25
15747,2006-08-04
15748,2013-05-04
15749,2023-10-06
15750,2018-07-29
15751,1996-01-23
15752,2021-01-24
15753,2019-10-14
15754,1998-07-28
15755,2014-09-03
15756,1998-07-16
15757,2014-05-08
15758,2020-05-19
15759,2005-09-02
15760,2003-04-26
15761,2001-07-21
15762,2003-07-27
15763,2006-12-15
15764,2007-07-07
15765,1996-04-30
15766,2006-05-27
15767,2002-06-05
15768,2012-05-17
15769,2004-03-17
15770,2013-12-15
15771,2006-04-28
15772,2024-01-07
15773,2009-12-01
15774,2002-11-10
15775,2001-01-12
15776,2012-05-05
15777,1996-02-16
15778,1999-11-25
15779,2008-07-12
15780,2005-09-28
15781,2020-09-03
15782,2008-04-26
15783,2000-08-31
15784,2000-02-26
15785,2001-09-16
15786,2001-07-02
15787,2024-07-14
15788,2009-01-03
15789,2020-05-09
15790,2020-07-27
15791,1998-07-30
15792,1996-08-20
15793,2007-07-23
15794,1999-03-07
15795,2008-07-12
15796,2022-10-22
15797,2017-02-15
15798,2014-07-21
15799,2004-08-30
15800,2020-05-21
15801,2008-12-02
15802,2019-02-06
15803,2016-04-20
15804,2000-01-04
15805,2007-03-21
15806,2003-07-10
15807,2006-08-23
15808,2005-04-23
15809,2014-02-22
15810,2018-11-24
15811,2016-09-19
15812,2003-07-21
15813,2000-02-24
15814,2018-11-11
15815,2017-11-22
15816,1996-08-31
15817,2020-10-09
15818,2012-05-06
15819,2022-12-31
15820,2023-10-23
15821,2020-02-13
15822,2022-10-17
15823,2002-10-15
15824,2005-04-08
15825,2000-11-30
15826,2006-10-25
15827,2008-12-07
15828,2006-12-18
15829,1998-10-13
15830,2021-11-20
15831,2003-05-06
15832,1996-12-26
15833,2005-10-29
15834,2001-05-18
15835,2015-02-27
15836,1997-07-28
15837,2007-01-15
15838,2008-08-13
15839,2011-06-22
15840,2008-10-11
15841,2006-01-09
15842,2012-03-02
15843,2015-02-19
15844,2006-04-20
15845,2002-11-11
15846,1996-11-07
15847,1998-02-12
15848,2004-11-25
15849,2002-06-17
15850,2007-09-15
15851,2011-01-22
15852,2000-12-22
15853,2007-08-07
15854,2016-12-02
15855,2017-10-06
15856,2021-01-16
15857,2021-08-25
15858,2012-11-02
15859,2006-04-28
15860,2024-10-22
15861,2006-01-07
15862,2013-03-01
15863,2022-10-14
15864,2019-03-15
15865,2000-11-21
15866,2021-10-31
15867,2024-06-17
15868,1997-02-22
15869,2019-07-05
15870,2012-12-16
15871,2004-09-13
15872,2023-02-25
15873,2001-04-29
15874,1998-01-25
15875,2005-06-26
15876,2002-01-06
15877,2009-01-05
15878,1998-08-11
15879,2024-04-17
15880,2009-01-17
15881,2012-08-28
15882,2003-12-09
15883,2022-10-11
15884,1999-09-05
15885,1996-04-19
15886,2015-03-20
15887,2001-07-07
15888,2024-04-06
15889,2020-07-04
15890,2006-04-20
15891,2015-10-02
15892,2009-08-26
15893,2003-04-26
15894,2017-09-07
15895,2003-02-06
15896,1996-04-13
15897,2009-12-09
15898,2024-05-15
15899,2010-03-16
15900,2007-09-08
15901,2014-08-01
15902,2015-02-19
15903,2011-03-26
15904,2021-03-07
15905,2010-01-16
15906,2004-07-30
15907,2006-10-30
15908,2017-07-07
15909,1999-04-15
15910,2013-05-29
15911,2019-05-06
15912,2008-03-13
15913,2006-05-31
15914,2008-12-29
15915,2009-02-25
15916,2016-09-26
15917,1999-03-17
15918,2000-11-27
15919,2018-06-05
15920,2001-11-03
15921,2004-10-03
15922,2015-01-02
15923,2012-09-10
15924,2007-02-27
15925,1998-09-07
15926,2014-07-23
15927,1999-10-10
15928,2004-05-02
15929,2003-12-20
15930,2022-10-25
15931,2019-07-29
15932,2007-07-29
15933,2002-02-21
15934,2019-11-08
15935,2002-03-26
15936,2002-09-08
15937,2010-02-05
15938,2012-10-02
15939,2002-07-02
15940,2007-11-12
15941,2006-05-04
15942,2022-04-27
15943,2004-03-24
15944,2020-06-07
15945,2022-01-09
15946,2003-02-01
15947,2010-07-30
15948,2022-02-09
15949,2006-01-04
15950,2011-11-09
15951,1997-07-16
15952,2005-06-29
15953,2002-12-26
15954,2005-12-31
15955,1998-01-20
15956,1997-05-04
15957,2020-07-22
15958,2001-08-07
15959,2013-02-20
15960,2005-04-26
15961,2006-05-20
15962,2016-02-18
15963,2009-02-28
15964,2007-01-25
15965,2020-11-24
15966,1997-10-04
15967,2007-04-07
15968,2011-10-28
15969,1999-02-06
15970,2004-11-18
15971,2002-08-27
15972,1996-06-22
15973,2005-06-05
15974,2024-10-14
15975,1999-04-13
15976,2017-07-17
15977,2005-11-03
15978,2006-08-09
15979,2006-06-09
15980,2002-06-18
15981,2000-11-23
15982,2001-07-21
15983,1996-03-27
15984,2021-10-13
15985,2006-12-03
15986,2021-07-02
15987,2002-11-27
15988,2021-10-08
15989,2005-01-24
15990,2014-01-28
15991,2012-01-27
15992,2006-03-31
15993,2019-08-17
15994,2008-09-20
15995,2012-02-27
15996,2019-12-27
15997,2020-09-15
15998,2009-04-07
15999,2024-01-27
16000,2020-01-25
16001,2014-08-11
16002,2018-03-15
16003,2001-09-07
16004,2011-05-21
16005,2019-07-05
16006,2008-12-26
16007,2008-02-10
16008,1998-02-18
16009,1995-12-13
16010,2001-07-23
16011,2001-11-20
16012,2024-07-31
16013,2022-12-24
16014,2017-06-10
16015,2020-03-05
16016,2023-10-16
16017,2001-11-17
16018,2009-05-07
16019,2008-12-14
16020,2004-07-12
16021,1998-03-06
16022,2018-12-03
16023,2011-06-21
16024,2015-07-22
16025,2015-11-11
16026,2001-06-16
16027,2020-07-15
16028,2016-04-30
16029,2019-08-22
16030,2002-10-26
16031,2018-04-28
16032,2020-01-24
16033,2012-06-04
16034,2009-12-05
16035,2020-02-27
16036,2020-02-10
16037,2009-07-21
16038,2000-12-17
16039,2019-05-08
16040,2023-11-17
16041,2022-08-17
16042,2021-05-12
16043,1996-12-13
16044,2018-02-27
16045,2018-10-30
16046,1999-01-29
16047,2007-08-31
16048,2024-08-10
16049,2016-10-12
16050,2018-07-16
16051,2004-12-16
16052,2006-03-26
16053,2002-08-19
16054,1998-01-08
16055,2012-08-12
16056,1998-05-20
16057,2001-03-18
16058,2006-06-10
16059,2019-03-05
16060,2016-05-28
16061,2002-06-27
16062,2020-11-16
16063,2012-08-31
16064,2019-05-31
16065,2009-06-13
16066,2004-12-21
16067,2014-10-13
16068,1997-05-06
16069,1997-06-23
16070,2001-08-12
16071,2022-03-24
16072,2004-09-27
16073,2015-12-22
16074,2001-02-27
16075,2011-06-04
16076,2006-12-16
16077,2021-12-04
16078,2008-06-15
16079,1995-12-13
16080,2020-03-22
16081,2022-01-01
16082,2015-04-17
16083,2006-06-29
16084,2009-07-25
16085,2023-02-20
16086,1999-05-31
16087,2020-07-27
16088,2023-06-24
16089,2013-04-14
16090,1999-09-15
16091,2016-12-29
16092,2023-03-11
16093,2012-06-19
16094,2016-09-06
16095,2007-08-03
16096,1998-01-02
16097,2023-01-30
16098,2005-06-25
16099,2011-02-12
16100,2005-09-17
16101,2023-08-17
16102,2003-10-01
16103,2001-01-20
16104,2010-03-03
16105,2010-10-05
16106,2014-02-13
16107,1999-08-18
16108,2003-02-20
16109,2024-11-25
16110,2022-06-10
16111,2002-07-27
16112,2016-05-19
16113,2023-07-12
16114,2011-06-11
16115,2021-07-28
16116,1997-04-02
16117,2001-12-08
16118,2005-10-26
16119,2018-02-09
16120,2018-09-11
16121,2009-11-27
16122,2023-06-14
16123,2017-07-18
16124,2015-04-01
16125,1997-08-26
16126,2015-05-14
16127,2021-03-25
16128,2006-03-15
16129,2006-05-24
16130,2010-04-29
16131,2013-11-01
16132,1999-11-05
16133,2004-07-24
16134,2007-08-15
16135,2004-05-28
16136,1996-10-15
16137,2019-03-05
16138,2013-12-14
16139,2006-05-25
16140,1998-08-14
16141,2014-08-07
16142,2016-04-19
16143,2014-08-09
16144,1998-12-03
16145,2015-07-04
16146,2018-04-28
16147,2007-01-05
16148,2006-03-13
16149,2022-05-06
16150,2004-12-27
16151,2015-04-23
16152,2006-09-08
16153,2000-05-25
16154,2001-11-29
16155,2005-03-29
16156,2011-09-17
16157,2019-03-20
16158,2009-10-21
16159,2007-10-11
16160,2010-07-07
16161,2003-01-20
16162,2009-05-05
16163,2002-08-25
16164,2008-09-11
16165,2014-05-18
16166,2016-06-27
16167,2023-10-11
16168,2018-04-20
16169,2011-08-13
16170,1996-03-05
16171,2009-04-16
16172,2009-12-08
16173,2021-04-10
16174,2021-03-18
16175,2001-02-15
16176,2024-05-09
16177,2006-12-26
16178,2019-10-27
16179,2021-12-24
16180,2000-10-21
16181,2020-05-29
16182,1995-12-27
16183,2018-09-30
16184,2005-12-26
16185,2020-01-22
16186,2022-08-16
16187,2016-01-01
16188,2020-07-11
16189,2000-07-22
16190,2021-12-11
16191,2013-10-16
16192,2017-01-26
16193,1997-11-16
16194,2024-03-22
16195,1998-06-08
16196,2024-04-12
16197,2019-01-20
16198,2023-09-05
16199,2013-01-06
16200,2016-08-19
16201,2003-01-10
16202,2013-08-02
16203,2019-03-23
16204,2010-05-23
16205,2002-09-29
16206,1996-06-15
16207,2004-09-27
16208,2014-07-23
16209,2002-04-08
16210,1996-06-27
16211,2010-08-07
16212,1998-12-02
16213,2017-09-09
16214,2015-11-08
16215,2024-10-03
16216,2021-02-07
16217,2023-10-14
16218,2012-07-13
16219,2015-09-30
16220,2012-03-23
16221,1999-04-27
16222,2013-11-13
16223,2018-04-06
16224,2006-05-24
16225,2023-09-12
16226,2022-11-21
16227,2016-08-27
16228,2022-12-30
16229,1997-11-04
16230,2002-01-10
16231,1997-11-21
16232,2001-08-24
16233,2002-04-06
16234,2006-02-22
16235,2001-01-03
16236,2001-03-03
16237,2002-07-07
16238,2017-03-08
16239,1999-05-07
16240,2004-02-17
16241,2002-11-06
16242,2015-04-03
16243,2014-09-25
16244,2021-02-11
16245,2006-03-27
16246,2006-02-05
16247,2014-07-08
16248,2019-09-10
16249,2019-02-16
16250,2021-03-17
16251,2021-04-17
16252,2014-04-18
16253,2006-07-08
16254,2018-04-06
16255,2000-05-25
16256,2006-04-28
16257,2020-03-05
16258,2015-05-13
16259,2005-12-04
16260,1998-07-20
16261,1996-08-23
16262,2008-12-11
16263,2007-08-12
16264,2009-02-19
16265,2005-08-09
16266,2017-03-25
16267,2014-09-28
16268,2016-05-12
16269,2022-07-15
16270,2002-05-27
16271,2004-11-07
16272,2021-02-03
16273,1999-08-29
16274,2000-11-23
16275,2016-01-02
16276,2021-05-12
16277,2001-07-22
16278,2005-12-31
16279,2022-10-25
16280,1998-03-19
16281,2024-08-29
16282,2014-04-28
16283,2004-04-16
16284,2018-10-28
16285,2022-03-03
16286,2022-09-05
16287,2017-04-09
16288,2023-11-13
16289,2013-12-07
16290,2010-04-09
16291,2013-08-01
16292,2014-09-04
16293,2001-06-07
16294,2012-02-21
16295,1997-11-08
16296,2012-07-26
16297,1997-01-08
16298,2003-04-17
16299,2004-10-22
16300,2002-02-16
16301,2014-10-14
16302,2017-06-13
16303,2002-06-24
16304,2015-08-15
16305,2009-01-03
16306,2009-01-12
16307,2000-11-08
16308,2020-11-01
16309,1997-06-13
16310,1996-04-03
16311,2014-10-27
16312,2016-03-16
16313,2017-10-23
16314,2009-04-16
16315,2022-01-21
16316,2019-01-01
16317,2006-03-16
16318,2015-08-14
16319,2015-09-25
16320,2013-06-02
16321,2000-04-20
16322,1996-09-14
16323,2006-02-09
16324,2007-09-16
16325,2002-02-16
16326,2008-06-24
16327,2013-10-17
16328,2011-01-04
16329,2003-03-29
16330,2007-08-27
16331,2012-08-26
16332,2024-01-31
16333,2021-08-25
16334,2017-01-14
16335,2007-11-11
16336,2020-10-01
16337,2003-12-26
16338,2014-06-04
16339,2001-12-04
16340,2000-05-26
16341,2016-09-17
16342,2000-01-01
16343,1997-01-09
16344,2024-03-24
16345,1996-10-03
16346,2004-03-05
16347,2017-11-04
16348,2019-10-07
16349,2014-09-04
16350,1997-05-27
16351,2011-09-20
16352,2019-06-28
16353,2002-06-25
16354,1999-12-27
16355,2017-11-09
16356,2001-08-17
16357,2021-12-24
16358,2001-04-11
16359,1996-11-12
16360,2022-07-25
16361,2011-08-09
16362,2001-07-21
16363,2007-08-30
16364,2001-01-08
16365,2000-07-17
16366,2020-04-20
16367,2001-05-19
16368,2021-10-23
16369,1999-03-25
16370,2016-10-12
16371,2023-01-31
16372,2011-04-16
16373,2009-08-22
16374,1999-09-01
16375,2002-05-02
16376,2020-06-18
16377,2018-08-19
16378,2005-11-03
16379,2000-11-06
16380,1998-08-02
16381,2012-06-05
16382,2024-07-17
16383,2006-07-22
16384,2024-10-23
16385,1999-10-25
16386,1996-08-26
16387,2021-06-21
16388,2009-11-18
16389,2018-07-27
16390,2012-10-10
16391,2006-11-25
16392,2020-06-13
16393,2009-11-18
16394,2001-05-06
16395,2019-01-10
16396,2015-12-28
16397,2008-10-16
16398,2008-06-14
16399,2014-08-13
16400,2020-09-19
16401,1996-04-22
16402,2009-02-12
16403,2014-02-18
16404,2000-03-02
16405,1999-08-28
16406,1997-04-21
16407,2002-03-23
16408,2018-06-11
16409,2015-06-25
16410,2023-07-30
16411,2012-06-02
16412,1996-09-24
16413,2017-06-15
16414,2003-01-01
16415,2002-08-25
16416,2006-10-04
16417,2016-08-31
16418,1998-07-27
16419,2002-11-30
16420,1996-09-03
16421,2015-11-08
16422,2019-08-10
16423,2003-12-31
16424,1996-07-30
16425,2024-07-21
16426,2002-05-09
16427,2006-04-09
16428,2008-08-17
16429,2010-11-03
16430,2023-08-09
16431,2011-03-26
16432,2013-04-16
16433,1996-02-12
16434,2012-05-27
16435,2019-05-02
16436,2010-06-01
16437,1999-06-13
16438,2002-12-23
16439,2010-11-09
16440,2001-02-07
16441,1997-05-23
16442,2021-07-01
16443,1997-12-05
16444,2005-05-05
16445,2005-05-27
16446,2005-01-30
16447,2014-10-06
16448,2014-07-12
16449,2002-05-08
16450,2010-04-04
16451,2012-05-25
16452,2002-08-25
16453,2006-11-04
16454,2013-11-04
16455,1998-06-07
16456,2019-04-04
16457,2004-05-03
16458,1996-03-07
16459,2023-01-14
16460,2013-07-15
16461,2017-05-16
16462,1998-04-21
16463,2007-08-29
16464,2018-05-24
16465,2002-03-04
16466,1997-08-15
16467,2019-09-16
16468,1999-08-27
16469,2003-06-20
16470,2011-02-25
16471,2003-03-17
16472,2002-04-29
16473,2023-03-04
16474,2005-08-02
16475,2023-05-07
16476,2011-05-23
16477,2007-03-16
16478,1997-06-12
16479,2017-08-08
16480,2003-03-03
16481,2001-10-08
16482,2002-04-27
16483,2017-06-03
16484,2003-11-03
16485,2007-06-28
16486,2002-04-24
16487,2010-03-31
16488,2022-05-01
16489,2001-09-20
16490,1997-09-12
16491,1999-06-19
16492,2003-10-02
16493,2019-08-17
16494,1998-10-08
16495,2001-01-20
16496,2008-07-27
16497,2016-10-11
16498,2013-08-23
16499,2011-08-17
16500,2000-02-20
16501,1996-06-02
16502,2017-05-20
16503,2004-10-14
16504,2014-10-18
16505,2016-07-07
16506,1998-09-24
16507,2003-03-31
16508,2015-03-07
16509,1996-06-20
16510,2024-07-23
16511,2014-03-09
16512,2008-01-31
16513,2009-05-30
16514,2014-12-18
16515,2024-08-02
16516,1998-07-17
16517,2011-10-04
16518,2021-05-17
16519,1998-11-08
16520,1998-09-20
16521,2004-07-12
16522,2024-12-19
16523,2024-02-29
16524,2006-11-26
16525,1996-11-19
16526,2000-08-30
16527,1999-06-07
16528,2004-08-20
16529,2022-09-30
16530,2003-11-11
16531,1995-11-18
16532,2014-06-05
16533,2019-10-15
16534,2015-04-19
16535,2004-12-04
16536,2011-05-06
16537,2005-06-13
16538,2008-11-07
16539,2015-02-18
16540,2011-08-18
16541,2018-03-30
16542,2001-09-22
16543,2017-10-08
16544,2012-06-26
16545,1999-02-27
16546,1998-06-01
16547,2024-10-24
16548,2021-01-06
16549,1996-01-03
16550,2023-04-06
16551,2014-03-06
16552,2004-09-11
16553,2020-03-07
16554,2006-11-14
16555,2008-12-19
16556,2019-07-19
16557,2010-08-16
16558,2000-01-10
16559,2018-09-22
16560,2012-04-28
16561,2010-12-18
16562,2012-02-03
16563,2021-06-22
16564,2009-09-10
16565,2019-01-01
16566,2000-10-03
16567,2009-06-08
16568,2012-02-23
16569,2003-02-11
16570,2024-06-01
16571,2002-11-12
16572,2023-05-23
16573,2022-09-07
16574,2004-05-27
16575,2009-02-20
16576,2021-12-10
16577,2017-03-14
16578,2000-10-17
16579,2002-05-31
16580,2008-08-06
16581,2011-05-15
16582,2002-04-13
16583,2009-07-13
16584,2004-11-04
16585,2013-04-03
16586,2016-03-22
16587,2023-04-18
16588,2000-01-16
16589,2011-03-10
16590,2011-06-09
16591,2011-05-16
16592,2004-10-10
16593,2024-10-31
16594,2004-10-18
16595,2009-06-09
16596,2020-04-12
16597,2003-03-24
16598,1997-11-08
16599,1996-05-26
16600,2006-01-20
16601,2008-06-16
16602,2017-07-25
16603,2014-02-23
16604,2014-10-12
16605,2001-01-08
16606,2008-01-15
16607,2000-12-02
16608,2000-02-25
16609,2021-05-23
16610,2024-02-25
16611,2000-04-16
16612,1996-01-07
16613,2006-02-06
16614,1998-04-23
16615,2018-03-18
16616,2021-12-15
16617,2020-08-02
16618,2016-10-31
16619,2012-07-16
16620,2008-02-10
16621,2005-09-07
16622,2019-09-24
16623,2019-07-17
16624,2001-01-16
16625,2002-07-30
16626,2019-03-13
16627,1999-02-13
16628,1998-04-26
16629,2011-01-27
16630,2004-07-14
16631,1996-12-13
16632,2002-09-25
16633,2010-10-02
16634,1997-06-04
16635,2011-06-20
16636,1996-05-25
16637,2024-06-05
16638,2004-10-07
16639,2018-02-05
16640,2023-11-27
16641,2017-03-07
16642,2004-05-03
16643,2000-08-08
16644,2021-01-13
16645,1999-11-30
16646,2007-12-23
16647,2015-05-07
16648,2021-11-09
16649,1999-01-04
16650,1997-10-17
16651,2000-09-26
16652,2024-10-23
16653,2016-06-21
16654,2008-05-11
16655,2004-03-02
16656,2008-09-08
16657,2005-06-13
16658,2003-01-27
16659,2006-12-26
16660,2012-02-06
16661,2003-05-29
16662,1997-10-26
16663,2016-11-23
16664,2005-08-17
16665,2004-12-17
16666,2019-06-02
16667,2002-05-25
16668,2006-01-30
16669,2002-12-29
16670,2017-11-05
16671,2017-05-11
16672,2006-10-06
16673,2020-12-11
16674,2018-01-11
16675,2011-04-17
16676,1997-08-24
16677,2005-06-30
16678,2019-12-15
16679,2008-09-04
16680,1998-05-25
16681,2018-04-30
16682,1999-10-29
16683,2013-11-16
16684,1998-12-25
16685,2022-12-08
16686,2022-01-31
16687,2003-08-08
16688,2004-10-26
16689,2014-10-21
16690,2008-08-08
16691,2015-11-21
16692,2009-08-11
16693,2023-03-02
16694,2003-09-27
16695,2011-01-02
16696,2017-12-10
16697,2010-08-04
16698,2021-08-16
16699,2021-04-14
16700,2019-08-18
16701,2013-09-21
16702,2005-06-09
16703,2010-06-12
16704,2014-08-14
16705,2021-05-03
16706,2018-01-12
16707,2000-05-22
16708,2020-04-24
16709,1999-04-12
16710,2020-05-10
16711,2018-04-01
16712,2004-01-18
16713,2012-03-05
16714,2005-12-21
16715,2021-05-13
16716,2015-11-09
16717,2024-12-29
16718,2016-11-27
16719,2020-01-18
16720,2020-06-30
16721,2003-10-05
16722,1996-07-31
16723,2010-06-04
16724,2002-03-31
16725,2014-07-23
16726,2001-09-18
16727,2001-07-12
16728,2004-12-20
16729,2005-11-19
16730,2014-03-14
16731,2016-12-15
16732,1997-07-23
16733,2018-12-10
16734,2012-04-01
16735,2013-05-17
16736,2011-05-22
16737,2021-06-03
16738,1997-04-11
16739,2018-06-02
16740,2014-06-20
16741,1996-08-15
16742,2006-04-30
16743,2000-08-07
16744,2010-11-02
16745,2016-02-29
16746,2002-11-26
16747,2015-06-02
16748,2011-12-21
16749,2021-07-18
16750,2006-07-23
16751,2017-03-18
16752,2001-10-13
16753,2018-07-30
16754,2010-02-01
16755,2015-12-28
16756,2000-02-06
16757,2021-03-27
16758,2021-11-19
16759,2002-10-02
16760,2016-11-23
16761,1996-01-14
16762,2013-06-12
16763,2002-02-28
16764,2015-05-21
16765,2000-06-12
16766,1999-07-22
16767,2022-01-22
16768,1999-02-21
16769,2022-07-23
16770,2011-01-20
16771,2024-11-16
16772,2020-08-24
16773,2017-10-15
16774,2024-08-21
16775,2000-11-07
16776,2020-08-18
16777,2010-08-31
16778,1999-08-30
16779,2006-10-01
16780,2023-06-30
16781,2003-02-06
16782,2008-03-22
16783,2001-08-22
16784,2013-10-08
16785,1996-02-17
16786,2008-01-27
16787,2010-05-17
16788,2003-09-28
16789,2012-05-15
16790,1999-09-08
16791,2014-08-03
16792,2009-03-01
16793,2024-03-15
16794,1999-10-30
16795,2000-06-12
16796,1999-05-15
16797,2009-02-24
16798,2017-10-18
16799,2004-12-28
16800,2023-09-07
16801,2023-07-28
16802,2019-06-14
16803,2020-10-04
16804,2015-02-02
16805,2014-02-26
16806,2000-06-26
16807,2010-12-31
16808,2018-12-08
16809,2021-09-20
16810,2008-04-22
16811,1999-02-05
16812,1995-10-23
16813,2015-08-25
16814,1997-06-21
16815,2004-11-25
16816,1999-03-19
16817,2008-09-20
16818,2013-03-07
16819,2007-06-15
16820,2022-04-06
16821,2001-11-02
16822,2024-12-02
16823,2024-04-22
16824,2011-03-17
16825,2007-08-05
16826,2010-09-13
16827,2012-08-04
16828,2005-05-19
16829,2001-06-03
16830,2016-11-08
16831,2000-08-10
16832,2006-09-14
16833,2004-08-09
16834,2008-02-12
16835,2002-01-24
16836,2023-03-14
16837,2004-06-28
16838,1997-12-06
16839,2013-10-27
16840,2000-09-23
16841,2024-03-12
16842,2020-08-14
16843,2013-04-01
16844,2020-03-27
16845,1997-11-08
16846,2021-07-18
16847,2014-01-04
16848,2015-08-01
16849,1998-01-26
16850,2015-09-17
16851,2016-03-12
16852,2013-10-10
16853,2017-02-06
16854,2015-11-05
16855,1997-10-05
16856,2015-02-11
16857,2000-12-04
16858,2012-07-05
16859,2014-09-10
16860,2001-07-18
16861,2016-09-17
16862,1997-04-14
16863,2010-10-31
16864,2022-11-21
16865,2006-02-08
16866,2009-01-15
16867,2022-01-15
16868,2004-05-14
16869,2002-11-01
16870,2009-02-02
16871,1999-03-22
16872,1999-08-09
16873,2002-04-29
16874,2005-01-20
16875,1997-01-10
16876,1998-09-22
16877,1996-07-01
16878,1997-03-30
16879,1995-11-01
16880,2015-09-21
16881,1997-12-27
16882,2014-04-05
16883,2021-08-12
16884,2018-12-22
16885,2001-01-14
16886,2020-10-20
16887,2008-08-27
16888,2004-01-01
16889,2011-07-14
16890,1999-12-19
16891,1999-11-05
16892,2022-05-01
16893,2002-07-28
16894,2002-05-27
16895,2008-08-06
16896,2009-02-14
16897,1995-12-18
16898,2012-03-02
16899,2008-07-15
16900,2003-07-29
16901,2011-11-10
16902,2013-02-05
16903,2021-09-24
16904,2014-01-26
16905,1996-09-19
16906,2013-01-04
16907,2014-02-20
16908,1995-12-07
16909,2002-09-16
16910,2016-03-11
16911,1998-04-23
16912,2020-06-22
16913,1999-02-23
16914,2010-04-23
16915,2021-12-24
16916,2010-05-01
16917,2001-01-14
16918,2012-11-28
16919,2000-03-13
16920,2021-01-10
16921,2014-08-11
16922,2012-02-23
16923,2015-08-23
16924,1996-09-08
16925,2013-10-02
16926,2000-09-23
16927,2015-12-27
16928,2008-12-23
16929,2021-08-05
16930,1996-01-02
16931,2019-12-11
16932,2005-09-12
16933,1998-06-16
16934,2017-11-20
16935,2005-03-26
16936,2016-01-13
16937,2002-04-07
16938,2013-11-09
16939,2021-08-09
16940,2017-04-21
16941,2024-10-16
16942,2010-08-27
16943,2006-02-10
16944,2019-06-03
16945,2011-01-17
16946,2017-08-04
16947,2005-06-23
16948,2008-02-28
16949,2006-02-06
16950,2005-10-30
16951,2020-11-17
16952,2001-09-30
16953,2023-08-10
16954,2000-03-04
16955,1996-10-01
16956,2018-04-30
16957,2013-08-30
16958,2011-09-30
16959,2019-06-30
16960,2001-09-16
16961,2004-03-09
16962,2010-02-11
16963,2023-08-21
16964,1999-09-15
16965,2024-04-23
16966,2019-09-23
16967,2007-02-14
16968,2000-12-01
16969,2006-06-02
16970,2023-10-23
16971,2010-01-24
16972,2014-10-24
16973,2001-07-05
16974,1998-10-26
16975,2016-06-02
16976,2005-04-19
16977,2018-08-14
16978,1997-03-18
16979,2018-06-11
16980,2003-06-17
16981,2009-03-05
16982,2017-01-12
16983,2017-12-04
16984,2000-07-18
16985,2023-11-01
16986,2003-10-12
16987,2001-09-29
16988,2010-01-07
16989,2024-09-20
16990,2015-04-28
16991,2000-05-11
16992,2006-10-30
16993,2010-12-03
16994,2022-08-10
16995,2004-09-12
16996,1999-03-06
16997,2024-03-31
16998,1999-05-15
16999,2022-04-10
17000,2018-10-02
17001,2021-12-11
17002,2022-01-24
17003,2017-12-27
17004,2022-10-21
17005,2014-05-29
17006,1997-08-02
17007,1996-12-12
17008,2014-07-04
17009,2012-11-05
17010,1996-10-12
17011,2002-02-25
17012,2008-09-01
17013,2022-08-08
17014,2011-04-27
17015,2002-07-30
17016,2001-10-21
17017,2001-04-24
17018,2012-08-01
17019,2014-04-13
17020,2017-02-22
17021,2007-04-20
17022,2001-01-06
17023,1998-12-04
17024,2014-09-12
17025,2000-02-22
17026,2004-04-26
17027,2017-06-03
17028,2021-08-28
17029,2009-02-26
17030,2000-10-06
17031,2022-03-29
17032,2008-02-29
17033,2017-08-28
17034,2017-10-14
17035,1997-04-14
17036,2003-12-16
17037,2002-03-30
17038,2006-05-05
17039,2021-09-08
17040,2014-10-12
17041,2009-01-08
17042,2005-04-06
17043,2009-11-06
17044,2024-09-25
17045,2012-06-17
17046,2009-11-24
17047,2013-07-23
17048,2024-04-17
17049,2023-10-05
17050,2001-05-15
17051,2024-03-05
17052,2020-12-25
17053,2008-10-14
17054,1997-10-23
17055,2004-07-06
17056,2023-01-05
17057,2017-03-31
17058,2011-08-28
17059,2016-11-29
17060,2021-03-05
17061,2016-10-14
17062,2017-11-09
17063,2011-07-27
17064,2007-10-30
17065,2017-02-18
17066,2004-05-04
17067,2006-06-28
17068,2006-08-21
17069,2007-06-01
17070,2020-04-08
17071,1996-06-07
17072,2018-06-02
17073,2010-03-25
17074,2013-06-28
17075,2018-02-10
17076,2010-08-06
17077,2000-05-27
17078,2003-08-30
17079,2024-10-01
17080,2001-02-27
17081,2008-04-16
17082,2013-12-05
17083,2001-06-11
17084,2012-07-12
17085,2013-11-12
17086,2013-10-10
17087,2018-01-22
17088,2012-06-22
17089,2000-10-11
17090,2022-04-18
17091,2001-05-27
17092,2001-06-29
17093,2013-04-22
17094,2009-04-06
17095,2019-06-27
17096,2016-02-25
17097,2018-01-29
17098,2010-09-21
17099,2012-07-18
17100,2020-07-30
17101,2014-01-24
17102,2018-10-21
17103,2019-05-14
17104,2008-01-15
17105,2011-05-13
17106,2012-03-11
17107,2022-03-28
17108,2008-08-21
17109,2008-08-06
17110,2011-07-21
17111,2012-11-11
17112,2022-09-22
17113,2014-03-10
17114,2007-03-11
17115,2022-02-18
17116,2006-09-14
17117,2004-11-12
17118,2005-01-09
17119,2000-10-05
17120,2010-12-05
17121,2019-06-22
17122,2022-06-24
17123,2000-03-22
17124,2021-04-26
17125,2021-02-16
17126,2020-07-27
17127,2009-02-26
17128,2006-10-28
17129,2011-02-05
17130,2012-11-03
17131,2023-05-30
17132,1996-06-25
17133,2001-09-14
17134,2015-02-19
17135,2013-12-14
17136,2023-11-07
17137,2010-03-28
17138,2023-05-03
17139,2016-09-13
17140,2014-05-22
17141,2009-07-11
17142,2018-09-18
17143,2022-03-25
17144,2006-01-15
17145,2016-11-02
17146,2005-09-27
17147,2009-01-12
17148,2020-06-27
17149,2004-01-16
17150,2017-11-20
17151,2016-02-25
17152,2023-05-06
17153,2019-11-25
17154,2001-12-13
17155,2008-05-23
17156,2011-03-24
17157,2005-01-02
17158,2006-10-03
17159,2001-07-02
17160,2011-05-14
17161,1996-11-27
17162,2015-02-24
17163,2014-11-13
17164,2008-11-12
17165,2019-02-06
17166,2014-12-09
17167,2007-09-04
17168,2016-04-03
17169,2022-04-27
17170,2006-10-23
17171,2022-03-24
17172,2007-07-26
17173,1995-11-03
17174,2013-06-25
17175,2018-02-05
17176,2012-01-20
17177,2001-09-14
17178,2016-02-08
17179,2015-05-30
17180,2011-07-01
17181,2020-09-27
17182,2017-06-30
17183,1996-12-07
17184,2009-08-24
17185,2019-08-06
17186,2022-09-08
17187,2016-06-10
17188,2002-08-26
17189,1998-06-25
17190,2006-07-14
17191,2013-06-21
17192,2014-04-19
17193,1996-04-17
17194,2016-01-12
17195,2007-02-11
17196,2013-12-06
17197,2021-10-28
17198,2017-04-16
17199,1996-10-12
17200,2012-01-27
17201,2016-04-20
17202,2016-04-15
17203,2003-12-13
17204,2003-09-02
17205,2022-01-12
17206,2019-05-16
17207,1999-06-02
17208,2016-09-24
17209,2014-05-01
17210,1997-09-10
17211,2023-06-23
17212,2008-12-27
17213,2008-03-30
17214,2005-12-15
17215,2007-09-09
17216,2006-09-04
17217,1998-10-17
17218,2007-04-20
17219,1998-12-14
17220,2004-11-28
17221,2005-07-20
17222,2022-05-07
17223,2001-03-24
17224,2017-09-18
17225,1996-08-18
17226,2015-03-21
17227,2014-05-15
17228,2010-02-11
17229,2006-11-19
17230,2012-02-09
17231,2008-02-14
17232,2000-06-25
17233,2019-09-26
17234,2009-01-29
17235,2004-03-24
17236,2021-05-16
17237,2001-04-05
17238,2020-06-30
17239,1996-08-24
17240,2023-06-22
17241,2016-11-18
17242,2019-11-09
17243,2024-06-14
17244,2010-08-07
17245,2003-02-28
17246,2003-08-12
17247,2002-08-14
17248,2016-05-31
17249,2012-12-26
17250,2002-06-15
17251,2009-02-01
17252,2022-10-24
17253,2024-10-09
17254,2015-08-06
17255,2024-03-07
17256,1996-07-26
17257,2005-02-10
17258,1997-01-05
17259,1999-07-01
17260,2017-06-26
17261,2023-04-18
17262,2017-03-10
17263,2003-12-23
17264,2004-06-24
17265,1996-03-24
17266,2019-05-23
17267,2010-05-24
17268,2002-06-16
17269,2021-05-18
17270,2022-09-13
17271,1999-06-13
17272,2009-05-27
17273,1996-01-21
17274,2011-04-21
17275,2002-06-28
17276,2005-09-09
17277,2017-06-22
17278,1996-12-09
17279,2007-01-10
17280,2003-12-21
17281,2008-09-21
17282,1996-11-05
17283,2004-01-07
17284,2013-01-16
17285,2011-12-07
17286,2013-07-11
17287,2023-10-16
17288,2019-07-15
17289,2014-01-11
17290,2024-01-03
17291,2013-01-20
17292,1999-02-20
17293,2020-02-16
17294,2024-04-29
17295,1998-11-14
17296,2012-04-16
17297,2019-11-09
17298,2020-07-23
17299,2022-10-22
17300,2018-02-12
17301,2012-01-22
17302,2012-01-29
17303,2019-05-03
17304,2019-12-21
17305,2005-01-16
17306,2004-12-29
17307,2000-09-02
17308,2024-09-20
17309,2018-10-21
17310,2007-04-25
17311,2009-05-21
17312,2000-08-15
17313,2000-07-13
17314,2020-02-17
17315,1998-07-17
17316,2017-01-08
17317,2000-02-23
17318,2005-07-11
17319,2015-10-30
17320,1997-02-25
17321,2019-06-23
17322,2001-09-01
17323,2007-06-07
17324,2012-05-10
17325,2000-08-22
17326,2007-03-23
17327,2009-03-29
17328,2024-08-27
17329,2000-02-20
17330,2006-12-04
17331,2015-10-12
17332,2013-08-18
17333,2010-11-15
17334,2002-01-07
17335,2020-09-18
17336,2001-04-20
17337,2022-09-21
17338,2017-07-11
17339,2012-11-16
17340,1996-12-10
17341,2017-03-26
17342,2011-07-29
17343,2024-07-22
17344,2009-07-01
17345,2010-02-10
17346,1996-10-25
17347,2018-08-15
17348,2002-05-18
17349,1996-03-13
17350,2020-09-19
17351,2015-03-04
17352,2000-11-04
17353,2016-07-04
17354,2024-03-26
17355,2021-04-29
17356,2004-03-31
17357,2003-05-10
17358,2020-08-10
17359,2018-03-13
17360,2001-09-11
17361,2001-01-08
17362,1999-07-19
17363,2015-12-27
17364,2004-08-21
17365,2019-02-21
17366,2013-10-26
17367,2013-01-05
17368,2016-10-30
17369,2002-09-10
17370,2004-03-03
17371,1996-12-31
17372,2013-09-13
17373,2006-01-20
17374,2013-04-01
17375,2010-10-28
17376,2006-10-12
17377,2002-01-24
17378,2019-04-26
17379,2000-11-24
17380,2022-12-09
17381,2016-05-22
17382,2016-05-28
17383,2007-10-20
17384,2009-12-05
17385,2013-03-16
17386,1999-10-02
17387,2024-08-26
17388,2024-12-16
17389,1996-04-12
17390,2020-04-15
17391,2011-01-09
17392,2005-10-31
17393,2013-05-09
17394,2010-08-31
17395,1998-04-04
17396,2007-04-12
17397,2018-11-26
17398,2003-11-20
17399,2024-11-16
17400,2005-01-05
17401,2008-05-06
17402,1997-08-05
17403,1998-02-08
17404,2022-01-24
17405,2017-12-23
17406,2017-11-27
17407,2024-10-12
17408,1996-12-18
17409,2009-11-11
17410,2004-01-06
17411,2012-07-16
17412,2002-04-25
17413,2005-05-16
17414,1996-11-19
17415,1996-09-25
17416,2004-11-28
17417,2017-10-02
17418,2004-03-02
17419,2017-04-23
17420,1996-10-11
17421,1997-04-01
17422,2010-04-05
17423,1996-03-18
17424,2002-04-14
17425,2005-04-07
17426,2016-10-20
17427,2001-04-19
17428,2019-12-30
17429,2001-04-13
17430,2012-03-26
17431,2020-07-12
17432,2012-02-20
17433,1999-03-30
17434,2015-09-08
17435,2005-03-02
17436,2011-07-09
17437,2008-06-19
17438,2013-08-28
17439,1996-07-07
17440,2022-09-23
17441,1998-05-19
17442,2016-05-05
17443,2005-03-01
17444,2017-07-13
17445,2007-10-09
17446,2010-07-30
17447,2003-08-30
17448,2003-02-01
17449,2020-04-03
17450,1997-11-19
17451,1996-02-07
17452,2016-06-21
17453,2019-03-02
17454,2019-02-09
17455,2015-05-09
17456,2016-11-14
17457,1998-03-06
17458,2019-01-27
17459,2016-11-23
17460,2010-09-02
17461,2008-08-13
17462,2002-06-22
17463,2017-05-19
17464,2007-02-18
17465,2000-11-23
17466,2010-02-19
17467,1998-06-23
17468,2017-11-10
17469,1996-09-22
17470,1997-04-13
17471,2005-05-12
17472,2010-03-23
17473,2018-12-06
17474,2000-01-09
17475,2010-04-10
17476,2024-11-23
17477,2005-12-13
17478,2003-11-07
17479,2015-06-22
17480,1997-12-17
17481,2013-03-15
17482,2005-07-21
17483,2003-12-23
17484,2002-06-29
17485,1999-04-27
17486,2015-04-11
17487,2018-11-10
17488,2013-05-08
17489,2020-09-26
17490,1999-08-16
17491,2014-08-21
17492,2023-06-28
17493,2016-04-14
17494,1997-03-16
17495,2008-09-20
17496,2019-07-30
17497,2001-05-12
17498,1998-10-23
17499,2000-07-07
17500,2016-04-20
17501,2002-01-15
17502,2022-11-23
17503,2006-11-19
17504,2009-02-14
17505,2021-11-03
17506,2021-03-31
17507,2008-02-07
17508,1997-12-01
17509,2023-10-26
17510,2010-06-11
17511,2002-06-06
17512,1998-06-25
17513,2023-11-08
17514,2003-03-06
17515,2021-09-16
17516,2000-08-14
17517,2010-01-05
17518,1998-04-03
17519,2014-07-01
17520,2014-01-13
17521,1999-02-26
17522,2005-07-17
17523,2020-10-29
17524,2021-10-02
17525,2024-05-15
17526,2004-05-06
17527,2020-06-04
17528,2001-03-29
17529,2018-12-12
17530,2015-10-02
17531,2001-08-15
17532,2011-05-03
17533,2015-11-23
17534,2007-12-04
17535,2016-10-03
17536,1999-05-01
17537,2003-11-18
17538,2024-01-25
17539,2011-10-13
17540,2006-08-05
17541,2016-03-11
17542,2002-05-15
17543,1999-01-19
17544,1997-03-29
17545,2015-12-21
17546,2012-01-19
17547,1998-05-23
17548,2024-11-08
17549,2016-01-24
17550,2007-07-17
17551,2019-12-27
17552,2004-11-29
17553,2011-06-07
17554,2000-07-15
17555,1999-02-24
17556,1997-12-13
17557,2006-03-17
17558,2017-07-08
17559,2004-08-08
17560,2001-03-26
17561,1995-12-04
17562,2020-12-19
17563,2000-04-02
17564,2023-06-17
17565,2009-03-08
17566,2017-03-21
17567,2017-10-07
17568,2015-03-20
17569,2000-03-15
17570,2016-05-27
17571,1999-10-30
17572,2013-04-24
17573,2012-03-04
17574,2007-04-01
17575,2011-09-20
17576,2007-08-05
17577,2007-05-12
17578,2021-01-02
17579,1999-04-04
17580,1998-08-07
17581,2019-03-11
17582,2001-11-17
17583,2014-12-28
17584,2015-06-30
17585,2024-02-18
17586,1997-04-20
17587,2018-07-30
17588,2001-07-18
17589,2009-02-20
17590,2023-09-13
17591,2012-12-21
17592,2008-07-16
17593,2021-07-23
17594,2023-01-18
17595,2005-08-02
17596,2016-10-11
17597,2010-03-05
17598,1996-09-22
17599,2014-05-20
17600,2018-10-01
17601,2002-03-19
17602,2015-06-11
17603,2009-01-22
17604,2006-10-30
17605,2011-04-26
17606,2015-01-21
17607,2024-03-21
17608,2002-05-07
17609,2016-05-27
17610,2011-12-17
17611,2009-09-29
17612,2002-10-30
17613,2013-11-05
17614,1998-09-15
17615,2006-09-16
17616,1996-02-15
17617,2019-10-28
17618,2006-04-24
17619,2007-10-10
17620,1998-09-11
17621,2017-07-04
17622,2006-02-21
17623,2013-04-02
17624,2000-03-22
17625,2019-06-04
17626,1996-09-26
17627,2019-02-25
17628,2009-12-02
17629,2010-03-30
17630,2014-10-31
17631,2011-06-08
17632,2002-04-22
17633,2003-02-25
17634,2002-11-10
17635,2012-12-30
17636,2007-03-30
17637,2007-01-19
17638,2010-02-24
17639,1996-09-30
17640,2019-01-14
17641,2023-10-27
17642,2004-08-03
17643,2021-05-10
17644,2007-11-11
17645,2017-09-10
17646,2006-05-07
17647,2019-03-04
17648,1997-01-12
17649,2012-11-25
17650,2010-12-20
17651,2024-04-01
17652,2020-03-16
17653,2007-05-27
17654,2002-10-17
17655,2015-01-08
17656,2007-06-15
17657,2023-02-22
17658,2004-06-04
17659,1997-04-02
17660,2007-05-29
17661,2005-08-14
17662,2019-08-04
17663,2020-01-15
17664,2003-01-20
17665,2001-09-20
17666,1997-03-25
17667,2024-01-23
17668,2017-10-17
17669,2012-09-13
17670,2016-03-12
17671,1999-05-23
17672,2017-04-11
17673,2022-09-05
17674,2001-10-22
17675,2001-08-18
17676,2003-10-15
17677,2019-08-03
17678,2013-08-03
17679,1996-06-18
17680,2000-06-04
17681,2022-02-12
17682,2002-01-03
17683,2006-05-26
17684,2005-04-17
17685,2004-04-02
17686,2022-04-18
17687,1997-08-18
17688,2024-01-27
17689,2003-09-22
17690,2005-06-16
17691,2020-08-20
17692,2008-03-14
17693,2004-09-29
17694,2013-06-27
17695,2003-01-25
17696,2010-02-13
17697,2016-09-26
17698,1997-04-16
17699,2016-05-24
17700,2009-08-07
17701,2001-11-23
17702,2004-10-20
17703,2016-05-18
17704,2009-06-25
17705,2010-05-16
17706,2000-09-27
17707,2021-08-24
17708,2002-12-06
17709,2005-02-28
17710,2023-04-24
17711,1997-09-15
17712,2010-02-19
17713,2009-10-13
17714,1997-11-08
17715,2013-03-12
17716,1999-12-25
17717,2000-03-09
17718,2002-10-28
17719,2020-04-04
17720,2022-07-10
17721,2016-05-27
17722,2000-08-23
17723,2008-08-15
17724,2016-05-27
17725,2018-03-10
17726,2004-11-17
17727,1997-11-24
17728,1999-01-31
17729,2018-03-25
17730,1995-12-08
17731,2003-11-10
17732,2020-12-04
17733,2024-04-09
17734,1998-06-13
17735,2014-11-27
17736,2015-03-28
17737,2006-11-06
17738,2007-06-06
17739,2011-08-24
17740,2015-03-13
17741,1999-06-09
17742,2019-07-05
17743,2004-08-04
17744,2019-06-03
17745,2021-10-19
17746,2009-02-26
17747,2005-04-10
17748,2012-08-07
17749,2013-01-04
17750,2009-02-09
17751,2021-05-13
17752,2010-01-21
17753,2000-12-06
17754,1996-11-27
17755,2016-04-08
17756,2001-11-06
17757,2018-10-30
17758,2023-11-09
17759,2020-09-28
17760,2021-02-26
17761,2020-03-14
17762,2001-07-10
17763,1995-12-15
17764,2009-05-09
17765,2024-05-16
17766,2015-08-17
17767,2023-11-28
17768,2017-04-17
17769,1996-09-12
17770,2022-11-06
17771,2009-02-13
17772,1996-02-07
17773,1997-11-29
17774,2018-04-28
17775,2016-09-04
17776,2005-06-04
17777,1996-11-29
17778,1999-03-19
17779,2008-10-22
17780,2022-01-02
17781,1999-03-30
17782,2021-04-15
17783,1998-01-14
17784,2017-02-03
17785,2001-12-05
17786,2020-11-28
17787,2009-08-28
17788,2003-03-28
17789,2024-09-24
17790,2019-07-22
17791,2021-08-18
17792,2006-11-18
17793,2023-09-25
17794,2015-05-09
17795,1997-10-21
17796,2011-05-01
17797,2011-09-30
17798,2001-02-18
17799,2014-03-15
17800,2000-03-09
17801,2007-04-22
17802,2011-09-14
17803,1999-07-25
17804,2019-11-12
17805,2011-12-16
17806,2007-09-06
17807,1998-06-19
17808,2021-03-05
17809,2024-06-07
17810,2018-12-02
17811,2002-01-01
17812,2003-11-22
17813,2006-10-21
17814,2020-06-01
17815,2021-08-17
17816,2017-09-11
17817,2024-10-15
17818,1999-02-21
17819,2007-04-29
17820,1999-02-15
17821,2015-07-04
17822,2014-05-02
17823,2000-08-14
17824,2010-08-11
17825,1999-11-06
17826,2023-06-01
17827,2015-05-02
17828,1997-06-26
17829,1997-09-13
17830,2009-05-10
17831,2020-02-03
17832,2015-12-12
17833,2011-04-08
17834,1998-07-23
17835,2004-11-03
17836,2014-10-12
17837,1996-06-09
17838,1996-02-17
17839,2019-12-06
17840,2000-04-27
17841,2015-01-21
17842,2019-09-12
17843,2000-01-10
17844,1996-02-03
17845,2014-03-08
17846,1997-05-02
17847,1997-09-29
17848,2016-08-12
17849,2007-11-24
17850,1998-06-21
17851,2020-01-01
17852,2022-01-20
17853,2007-10-13
17854,2017-09-17
17855,2018-03-29
17856,2016-02-29
17857,2024-10-22
17858,2007-06-17
17859,1996-06-30
17860,2023-05-06
17861,2007-12-17
17862,2020-02-05
17863,2003-07-17
17864,1995-11-01
17865,2005-03-04
17866,2011-03-22
17867,2002-05-14
17868,2022-08-16
17869,2008-07-15
17870,2001-03-09
17871,2007-10-04
17872,2000-09-25
17873,2017-02-15
17874,2023-12-17
17875,2021-04-03
17876,2013-01-28
17877,2016-11-14
17878,2016-12-27
17879,2000-06-03
17880,1997-11-08
17881,2011-05-12
17882,2022-11-27
17883,1997-08-27
17884,2000-12-11
17885,2024-12-06
17886,2008-06-01
17887,2007-04-15
17888,2015-12-11
17889,2019-06-23
17890,2003-04-28
17891,2015-12-23
17892,2000-03-24
17893,2000-04-24
17894,2023-03-17
17895,2018-06-20
17896,1996-05-03
17897,2001-02-04
17898,2002-08-21
17899,1999-11-26
17900,2020-08-06
17901,2015-03-15
17902,2017-04-15
17903,2020-09-26
17904,1997-08-18
17905,2021-11-05
17906,1996-08-23
17907,2006-05-21
17908,2000-11-29
17909,2010-12-21
17910,2013-11-11
17911,2019-02-13
17912,2005-12-27
17913,2020-04-26
17914,2014-08-18
17915,2007-05-13
17916,2000-02-23
17917,2000-03-05
17918,2019-07-25
17919,2014-06-04
17920,2006-08-06
17921,2002-12-29
17922,2006-05-10
17923,1999-12-11
17924,2021-08-30
17925,2021-08-23
17926,1997-05-19
17927,2011-03-31
17928,2024-04-14
17929,2006-03-13
17930,2012-06-18
17931,2015-08-18
17932,2006-04-21
17933,2002-05-07
17934,2004-02-12
17935,1999-12-03
17936,2005-05-24
17937,2011-04-13
17938,2006-06-24
17939,2014-03-14
17940,2024-10-04
17941,2021-03-09
17942,2024-09-18
17943,2005-08-07
17944,2003-12-08
17945,2019-01-29
17946,2016-06-11
17947,1997-01-09
17948,2011-11-07
17949,2021-05-05
17950,2015-10-27
17951,2003-02-24
17952,2020-07-20
17953,1996-08-19
17954,1997-11-18
17955,2010-04-15
17956,2000-11-12
17957,1996-03-25
17958,2014-09-14
17959,2014-06-26
17960,2023-03-25
17961,2020-05-21
17962,2011-08-29
17963,2005-05-21
17964,2021-11-02
17965,2015-08-07
17966,2007-04-25
17967,2014-09-21
17968,1997-10-27
17969,2005-09-25
17970,2001-05-22
17971,2006-09-04
17972,2004-05-26
17973,2022-12-08
17974,2003-07-17
17975,2011-10-03
17976,1998-11-10
17977,2018-01-17
17978,2013-11-30
17979,2003-09-15
17980,2001-08-22
17981,2000-05-22
17982,2023-02-13
17983,2005-06-25
17984,1997-07-17
17985,2002-07-13
17986,2005-08-31
17987,2022-10-21
17988,2005-09-22
17989,1995-11-26
17990,2024-04-20
17991,2001-01-20
17992,2002-01-27
17993,2001-09-11
17994,2004-02-10
17995,2016-03-23
17996,2017-01-24
17997,2008-11-19
17998,1997-01-24
17999,2014-08-23
18000,1996-08-19
18001,2012-10-18
18002,2016-01-01
18003,2000-10-07
18004,2013-07-05
18005,2002-05-31
18006,2001-03-09
18007,2008-08-14
18008,1998-09-23
18009,2010-03-28
18010,2010-03-15
18011,2018-10-21
18012,1996-06-27
18013,1998-01-06
18014,2014-08-30
18015,2001-05-01
18016,1999-04-06
18017,1997-07-14
18018,1997-11-09
18019,2005-09-08
18020,2013-08-24
18021,2023-04-13
18022,2000-11-30
18023,2010-02-01
18024,2003-10-19
18025,2003-11-26
18026,2005-09-13
18027,2017-08-01
18028,2013-12-11
18029,2000-11-10
18030,2001-09-02
18031,2005-10-04
18032,2004-06-14
18033,2000-04-13
18034,2016-12-19
18035,2023-07-30
18036,2017-08-18
18037,2012-07-22
18038,2017-05-08
18039,2015-01-14
18040,2021-07-27
18041,2009-01-22
18042,1996-03-22
18043,2003-01-17
18044,2005-10-22
18045,2005-04-10
18046,2008-02-05
18047,2015-10-21
18048,2019-07-30
18049,2023-03-14
18050,2002-04-01
18051,2019-08-13
18052,1999-12-25
18053,2006-10-12
18054,2018-04-22
18055,2019-09-13
18056,1997-01-26
18057,2003-08-21
18058,2008-02-23
18059,2021-02-05
18060,1997-10-05
18061,2015-08-17
18062,2012-06-24
18063,2008-09-05
18064,2000-06-09
18065,2002-05-11
18066,2019-04-06
18067,1997-10-12
18068,2021-12-04
18069,2007-12-22
18070,2001-04-10
18071,2015-11-12
18072,2022-09-06
18073,2003-07-10
18074,1997-07-08
18075,2000-06-09
18076,2011-06-13
18077,2002-11-12
18078,2003-06-10
18079,2007-10-08
18080,2020-06-02
18081,2014-12-06
18082,1998-03-31
18083,2005-08-06
18084,2000-03-05
18085,1997-05-03
18086,2000-06-28
18087,1997-01-16
18088,2019-03-29
18089,2001-03-29
18090,2005-09-23
18091,2015-06-24
18092,2019-07-09
18093,2016-04-07
18094,2023-04-29
18095,2005-08-28
18096,2019-12-11
18097,2019-03-11
18098,1999-06-27
18099,2004-02-20
18100,2006-06-03
18101,2010-01-14
18102,2017-03-22
18103,2013-07-01
18104,2011-08-03
18105,2022-11-19
18106,2008-11-02
18107,2023-07-08
18108,2010-08-25
18109,2019-02-21
18110,2022-09-29
18111,2005-10-03
18112,2002-04-22
18113,2007-05-05
18114,2016-09-30
18115,2004-03-07
18116,1999-11-10
18117,2000-09-28
18118,1998-10-19
18119,2009-12-09
18120,2000-09-19
18121,2018-03-23
18122,2023-11-04
18123,1997-02-21
18124,2022-11-19
18125,2008-02-26
18126,2017-01-23
18127,2006-09-22
18128,2021-02-06
18129,2005-01-30
18130,2014-01-01
18131,1998-03-07
18132,1998-06-15
18133,2001-04-20
18134,2005-01-13
18135,2016-06-17
18136,2009-09-02
18137,2019-05-14
18138,2000-06-17
18139,2021-12-19
18140,2022-11-07
18141,1999-12-20
18142,2023-02-16
18143,2005-09-09
18144,2010-03-23
18145,2006-10-10
18146,2014-09-20
18147,2005-09-10
18148,2010-01-24
18149,2016-09-23
18150,2002-03-17
18151,1998-03-11
18152,2020-04-23
18153,2009-07-12
18154,2020-12-10
18155,2018-01-26
18156,2009-10-10
18157,2007-10-02
18158,2001-02-24
18159,2004-09-12
18160,2009-12-21
18161,2023-06-04
18162,2007-09-24
18163,2015-08-02
18164,2018-01-11
18165,2003-12-08
18166,2004-06-12
18167,2004-06-15
18168,2015-12-12
18169,2000-06-22
18170,1997-07-05
18171,2009-06-10
18172,2001-06-29
18173,2003-01-23
18174,2013-10-23
18175,2012-01-13
18176,2018-08-21
18177,2007-05-30
18178,2016-06-06
18179,2024-06-15
18180,2010-10-07
18181,1997-01-24
18182,2011-06-22
18183,2016-05-29
18184,2006-07-12
18185,2006-10-28
18186,2010-05-29
18187,2017-02-07
18188,1996-05-29
18189,2018-02-21
18190,2023-10-30
18191,2004-04-19
18192,1995-12-28
18193,2015-04-25
18194,2014-08-22
18195,2014-02-18
18196,2021-02-17
18197,2011-11-12
18198,2014-03-12
18199,2007-01-09
18200,2010-09-18
18201,2023-08-13
18202,2019-11-01
18203,2021-07-22
18204,2002-08-23
18205,2005-11-14
18206,2002-02-08
18207,2011-04-07
18208,2020-12-17
18209,2004-06-11
18210,2004-05-29
18211,2004-10-15
18212,2005-09-09
18213,2014-05-04
18214,2019-09-15
18215,2003-04-07
18216,2000-10-05
18217,2023-09-13
18218,2016-07-16
18219,2006-04-25
18220,1997-05-21
18221,2014-08-31
18222,2009-07-17
18223,2006-12-16
18224,2008-04-24
18225,2013-08-12
18226,2008-10-03
18227,2017-10-08
18228,2005-02-14
18229,2011-12-04
18230,2011-02-12
18231,2019-04-01
18232,2010-01-18
18233,2007-08-16
18234,2011-04-12
18235,2018-11-21
18236,2022-10-15
18237,2024-11-16
18238,2002-05-24
18239,2007-04-28
18240,2010-03-19
18241,1999-12-14
18242,2017-10-10
18243,2002-01-19
18244,2005-12-30
18245,2006-04-10
18246,2003-12-21
18247,2021-01-04
18248,2022-10-24
18249,2012-04-10
18250,2013-11-24
18251,2012-09-16
18252,2020-11-08
18253,2005-12-04
18254,2003-12-02
18255,2010-12-25
18256,2009-10-07
18257,2000-01-11
18258,1996-12-12
18259,2003-03-20
18260,2012-12-09
18261,2017-06-23
18262,2001-09-15
18263,2019-09-23
18264,2001-01-08
18265,2002-01-29
18266,2010-11-15
18267,1996-01-21
18268,2009-04-02
18269,2003-08-09
18270,1996-08-18
18271,2014-03-01
18272,1996-01-27
18273,2016-09-21
18274,2006-04-11
18275,2007-07-24
18276,2016-07-03
18277,2018-02-03
18278,2009-05-11
18279,2024-07-04
18280,2010-06-22
18281,1999-08-10
18282,1996-10-27
18283,2007-08-21
18284,2009-10-02
18285,2022-10-07
18286,2019-03-29
18287,2013-04-04
18288,2006-06-06
18289,2024-05-08
18290,1999-09-24
18291,2016-10-27
18292,2018-09-13
18293,2016-01-11
18294,2001-11-18
18295,2018-07-25
18296,2019-02-12
18297,2008-08-25
18298,1997-05-17
18299,2010-05-18
18300,2019-05-30
18301,2021-08-01
18302,2005-06-24
18303,2017-05-21
18304,2001-09-22
18305,1996-12-24
18306,2023-09-23
18307,2001-04-14
18308,2015-10-19
18309,2002-02-10
18310,2004-05-21
18311,2013-09-02
18312,1998-10-27
18313,1998-04-12
18314,2021-01-07
18315,2000-11-30
18316,2021-08-25
18317,2013-03-27
18318,2012-03-08
18319,2020-04-23
18320,2012-09-01
18321,1997-08-28
18322,1995-12-23
18323,2018-03-03
18324,2002-07-25
18325,2024-03-23
18326,2002-03-07
18327,2002-09-04
18328,1996-08-11
18329,2006-04-07
18330,2024-02-14
18331,2011-12-23
18332,2001-08-22
18333,2009-12-17
18334,2002-04-24
18335,2004-05-13
18336,2002-02-08
18337,2019-11-03
18338,2005-07-03
18339,1999-04-04
18340,2003-04-26
18341,2013-02-22
18342,1996-11-07
18343,2005-09-14
18344,2002-04-09
18345,2022-11-07
18346,2014-08-25
18347,2013-09-24
18348,2013-04-12
18349,2003-02-09
18350,2001-08-09
18351,2006-05-18
18352,2004-11-05
18353,2001-07-01
18354,2008-07-03
18355,2020-12-19
18356,1998-02-24
18357,2003-05-26
18358,2021-03-25
18359,2021-04-19
18360,2000-11-24
18361,1999-06-19
18362,2009-03-20
18363,2020-10-08
18364,2023-08-21
18365,2021-08-20
18366,2012-09-22
18367,2008-02-14
18368,2023-01-30
18369,2002-01-28
18370,2024-05-15
18371,2010-07-01
18372,2022-11-02
18373,2020-12-13
18374,2009-08-18
18375,2006-09-11
18376,1998-11-13
18377,2010-06-30
18378,2012-10-16
18379,2020-03-02
18380,2006-04-26
18381,2007-07-30
18382,2005-08-31
18383,2016-11-09
18384,1997-10-31
18385,2012-09-15
18386,2012-05-26
18387,2003-12-02
18388,2000-10-18
18389,2007-11-14
18390,2013-06-24
18391,2019-06-10
18392,2010-06-24
18393,2008-04-20
18394,2013-02-15
18395,2012-10-20
18396,2002-03-10
18397,2019-02-12
18398,2011-07-24
18399,2006-10-21
18400,2016-05-30
18401,2001-10-09
18402,2022-04-18
18403,2011-01-28
18404,2007-04-11
18405,2010-05-05
18406,1998-08-19
18407,1996-02-19
18408,2024-12-07
18409,1996-11-27
18410,2022-10-12
18411,2003-04-03
18412,1998-02-15
18413,2006-02-10
18414,2004-02-17
18415,2003-07-24
18416,1996-06-18
18417,2022-02-14
18418,1998-03-07
18419,2003-03-26
18420,2017-05-09
18421,1997-09-29
18422,2022-06-20
18423,2023-08-11
18424,2020-03-15
18425,2017-02-21
18426,1996-01-27
18427,2001-05-04
18428,2023-09-02
18429,2011-12-22
18430,1996-10-18
18431,2005-11-04
18432,2009-06-06
18433,2020-01-19
18434,2024-10-27
18435,2015-03-29
18436,2015-04-01
18437,2017-08-20
18438,2000-01-20
18439,1998-07-30
18440,2004-01-28
18441,2004-12-22
18442,1996-08-30
18443,2023-03-27
18444,2003-03-17
18445,2009-05-11
18446,2016-09-22
18447,1997-11-23
18448,1996-10-02
18449,2002-09-20
18450,2021-06-05
18451,2005-07-07
18452,2019-02-15
18453,2011-07-01
18454,2001-04-19
18455,2007-03-11
18456,2021-05-09
18457,2023-09-01
18458,2018-01-25
18459,2002-07-07
18460,2009-04-15
18461,2016-09-07
18462,2002-04-17
18463,2021-07-19
18464,2019-12-08
18465,1997-04-17
18466,2004-03-24
18467,2002-12-31
18468,2023-02-05
18469,1999-10-06
18470,2024-06-15
18471,2007-03-01
18472,2019-06-09
18473,2017-06-07
18474,2004-03-06
18475,2013-03-03
18476,2016-05-04
18477,2007-01-03
18478,2014-08-10
18479,2008-11-11
18480,2000-12-03
18481,2015-01-15
18482,2023-02-17
18483,2010-04-06
18484,1997-07-15
18485,2001-05-16
18486,2015-07-17
18487,2005-06-04
18488,2010-09-18
18489,2004-09-11
18490,2002-07-06
18491,1999-11-26
18492,2011-07-27
18493,1999-11-11
18494,2010-03-03
18495,1996-08-04
18496,2004-03-31
18497,2017-09-29
18498,2012-06-28
18499,2018-04-28
18500,2019-04-05
18501,2001-09-21
18502,2005-07-25
18503,2003-08-20
18504,1998-08-30
18505,2007-11-10
18506,2005-02-11
18507,2016-12-14
18508,2002-01-26
18509,2006-03-12
18510,2014-12-27
18511,2012-05-01
18512,2022-01-18
18513,2011-10-05
18514,2023-12-13
18515,2006-10-20
18516,2006-12-08
18517,2014-02-23
18518,1998-08-13
18519,2010-02-01
18520,2005-04-09
18521,2005-02-10
18522,2020-02-14
18523,2007-05-22
18524,2018-07-17
18525,2016-06-30
18526,2018-03-04
18527,2021-03-08
18528,2020-03-01
18529,2010-08-17
18530,2013-09-12
18531,2007-11-16
18532,2000-01-23
18533,1998-02-14
18534,1999-08-06
18535,2022-10-31
18536,2020-06-29
18537,2006-09-28
18538,2020-08-21
18539,1998-04-26
18540,1996-08-13
18541,2003-03-05
18542,2011-12-10
18543,2000-09-24
18544,1998-11-09
18545,2014-01-16
18546,2023-10-02
18547,2016-08-21
18548,1996-03-10
18549,2022-08-08
18550,2012-10-24
18551,2009-09-07
18552,2010-11-20
18553,2003-05-14
18554,2016-07-22
18555,2008-01-22
18556,2005-07-05
18557,2017-03-06
18558,2022-04-15
18559,2012-01-12
18560,2013-08-22
18561,2022-07-18
18562,2008-08-08
18563,1997-11-23
18564,2004-03-28
18565,1998-04-20
18566,2011-01-01
18567,2001-01-11
18568,2005-01-25
18569,2006-12-29
18570,2020-05-24
18571,2002-01-19
18572,2020-09-07
18573,2013-02-09
18574,2016-02-13
18575,2005-05-04
18576,1998-10-15
18577,2005-02-23
18578,2000-08-25
18579,2020-09-14
18580,1997-07-20
18581,1998-10-09
18582,1998-04-27
18583,2003-10-28
18584,2014-11-04
18585,2005-07-31
18586,2018-09-30
18587,2001-03-21
18588,2006-05-28
18589,2003-12-29
18590,2017-11-27
18591,2000-11-28
18592,2012-01-17
18593,2000-03-21
18594,2002-04-13
18595,2019-07-12
18596,2024-12-11
18597,2018-04-15
18598,2022-11-20
18599,1998-03-26
18600,2004-09-12
18601,2022-05-19
18602,2010-07-18
18603,2005-08-20
18604,2019-12-17
18605,2019-09-19
18606,2005-05-28
18607,2004-06-27
18608,2015-06-25
18609,1996-04-12
18610,2001-08-07
18611,2023-12-10
18612,1997-03-05
18613,2014-05-16
18614,2020-10-12
18615,2002-09-27
18616,2009-05-01
18617,2007-09-21
18618,2008-08-08
18619,2019-06-14
18620,2010-11-04
18621,2007-07-26
18622,2008-05-11
18623,2011-11-29
18624,2022-07-15
18625,2007-11-13
18626,2003-06-30
18627,2017-11-24
18628,2012-01-05
18629,1999-08-08
18630,2003-12-15
18631,1998-10-12
18632,1996-05-03
18633,2008-06-28
18634,2019-02-13
18635,1999-04-16
18636,2013-04-16
18637,2018-02-12
18638,2024-01-18
18639,1998-03-31
18640,2012-07-16
18641,1999-02-20
18642,1997-05-09
18643,2024-04-20
18644,2009-08-16
18645,1996-02-20
18646,2001-01-20
18647,2001-07-20
18648,2018-12-30
18649,2021-05-03
18650,2016-02-28
18651,2023-05-05
18652,2009-11-30
18653,2004-10-31
18654,2022-02-01
18655,2023-09-21
18656,2014-02-26
18657,2005-03-11
18658,2016-08-11
18659,2004-06-05
18660,1998-12-03
18661,2007-09-05
18662,2021-12-16
18663,2009-12-19
18664,2024-07-16
18665,2001-03-16
18666,2015-09-30
18667,2022-12-27
18668,2004-09-02
18669,2012-11-24
18670,1999-12-14
18671,2010-05-25
18672,2008-10-17
18673,2013-09-24
18674,2017-03-14
18675,1999-06-05
18676,2004-09-18
18677,2024-11-25
18678,1998-08-27
18679,2014-08-17
18680,2014-02-18
18681,2020-07-24
18682,2018-04-14
18683,2002-08-10
18684,1996-07-07
18685,1998-03-16
18686,2001-11-17
18687,2010-06-17
18688,2004-11-09
18689,2000-09-15
18690,2021-02-11
18691,2015-06-22
18692,2018-09-24
18693,2019-05-22
18694,1998-03-15
18695,2005-06-19
18696,2002-11-13
18697,2008-12-14
18698,2007-10-13
18699,2003-02-14
18700,1996-01-23
18701,2002-09-03
18702,2001-01-16
18703,2015-10-11
18704,2018-05-07
18705,2021-12-23
18706,2014-05-01
18707,2017-01-02
18708,2014-06-20
18709,2009-12-14
18710,2011-11-05
18711,2011-05-18
18712,2009-05-07
18713,2004-03-13
18714,2018-03-08
18715,1998-06-23
18716,2018-01-16
18717,2006-10-26
18718,2002-01-23
18719,2000-02-11
18720,2012-06-08
18721,2001-02-05
18722,2010-05-30
18723,1996-11-07
18724,2017-07-28
18725,2016-04-25
18726,2002-04-19
18727,1999-07-30
18728,2009-10-23
18729,2019-06-13
18730,1996-09-03
18731,2018-02-24
18732,2010-04-14
18733,2001-01-07
18734,1996-02-01
18735,2013-07-06
18736,1997-03-05
18737,2012-01-23
18738,1997-07-01
18739,2019-09-13
18740,2011-03-03
18741,1997-12-11
18742,2017-04-23
18743,1996-01-29
18744,2023-04-06
18745,1998-05-10
18746,2024-10-30
18747,1999-06-17
18748,2021-02-03
18749,2021-02-09
18750,2002-04-24
18751,1999-10-03
18752,2014-11-25
18753,2009-05-18
18754,2022-05-02
18755,2020-07-29
18756,2016-03-16
18757,2015-11-24
18758,2016-03-01
18759,1996-03-07
18760,2016-02-05
18761,2011-11-29
18762,2014-10-06
18763,2006-06-15
18764,2015-12-30
18765,2002-12-16
18766,2003-06-19
18767,2003-10-14
18768,2022-11-23
18769,2012-08-25
18770,2018-12-21
18771,2004-05-30
18772,2019-06-06
18773,2001-03-05
18774,1998-06-02
18775,2019-07-01
18776,2006-04-23
18777,2020-03-20
18778,2007-06-24
18779,2021-06-16
18780,2017-07-07
18781,2010-02-24
18782,2003-09-21
18783,2022-11-07
18784,2017-06-07
18785,2002-07-05
18786,2008-04-03
18787,2008-08-01
18788,2022-03-07
18789,2017-02-24
18790,2023-09-26
18791,1995-12-02
18792,2004-11-24
18793,2024-03-21
18794,2007-12-16
18795,2019-02-22
18796,2011-04-23
18797,2016-09-11
18798,2004-09-09
18799,2021-05-16
18800,2005-10-22
18801,2006-08-25
18802,2014-08-26
18803,2017-06-17
18804,2003-01-08
18805,2002-04-28
18806,2004-07-18
18807,1997-03-27
18808,2001-09-12
18809,2009-12-11
18810,2003-05-26
18811,2009-03-30
18812,2017-01-21
18813,2003-04-27
18814,1997-06-10
18815,2023-08-19
18816,2011-09-13
18817,2023-05-03
18818,2017-02-20
18819,2022-01-23
18820,2007-06-16
18821,2005-09-29
18822,2015-07-17
18823,2014-04-23
18824,2018-03-15
18825,2001-08-30
18826,1997-02-23
18827,2015-09-09
18828,2019-08-19
18829,2011-05-23
18830,2021-06-05
18831,2010-09-30
18832,2023-11-23
18833,2021-09-22
18834,2012-05-25
18835,2023-01-04
18836,2017-02-08
18837,2005-11-16
18838,2015-03-12
18839,2023-01-25
18840,2013-06-10
18841,2012-10-14
18842,2014-05-23
18843,1997-12-01
18844,2005-02-19
18845,2001-12-31
18846,1997-05-27
18847,2014-12-10
18848,2023-10-29
18849,1996-10-25
18850,2008-10-13
18851,2002-12-27
18852,1998-05-28
18853,2009-01-26
18854,2019-11-06
18855,2010-06-22
18856,2019-03-20
18857,2010-04-09
18858,2000-08-18
18859,2023-03-27
18860,2005-03-29
18861,2003-03-24
18862,2006-04-15
18863,1998-01-14
18864,2014-12-22
18865,2018-06-29
18866,1998-09-22
18867,2012-04-14
18868,2003-09-28
18869,1998-02-17
18870,2013-06-18
18871,1996-04-15
18872,1999-06-22
18873,2007-09-05
18874,2021-09-20
18875,2015-10-03
18876,2003-03-10
18877,2015-12-10
18878,2019-07-19
18879,1997-12-20
18880,2003-12-20
18881,2024-07-03
18882,2001-01-10
18883,2013-01-12
18884,1997-04-24
18885,1995-12-27
18886,1997-10-13
18887,2013-05-23
18888,2011-09-24
18889,2007-10-15
18890,1998-11-19
18891,2024-09-14
18892,2015-04-27
18893,2020-12-22
18894,2013-11-08
18895,2016-12-04
18896,2024-02-02
18897,1996-09-30
18898,2007-05-01
18899,2024-09-11
18900,2018-11-29
18901,2017-03-09
18902,2006-02-04
18903,2008-11-17
18904,2014-08-16
18905,2022-01-24
18906,1998-05-27
18907,1999-07-01
18908,2013-11-13
18909,2004-07-01
18910,1997-04-07
18911,2012-10-06
18912,2006-09-04
18913,2006-06-25
18914,2012-04-27
18915,2011-02-12
18916,2002-11-18
18917,2024-05-29
18918,1997-04-01
18919,2015-01-31
18920,2016-10-19
18921,2024-10-08
18922,2008-10-13
18923,2018-08-16
18924,2014-03-04
18925,2016-06-20
18926,1998-07-18
18927,2024-09-02
18928,2009-09-05
18929,2024-08-02
18930,1996-10-29
18931,2018-08-25
18932,2005-07-08
18933,2020-03-12
18934,2013-05-02
18935,2009-03-12
18936,2001-10-07
18937,2005-01-26
18938,1996-04-11
18939,2023-03-02
18940,2016-01-31
18941,2008-10-22
18942,2000-01-03
18943,2021-02-01
18944,2000-08-08
18945,2003-06-04
18946,2020-06-12
18947,2021-07-28
18948,2018-06-08
18949,2022-07-16
18950,2018-01-19
18951,2005-08-16
18952,1997-03-13
18953,2018-10-27
18954,2006-08-10
18955,2024-09-14
18956,1997-03-11
18957,2003-03-29
18958,2004-07-22
18959,2010-06-16
18960,2018-12-25
18961,2014-11-09
18962,2004-05-09
18963,2015-11-17
18964,2012-11-25
18965,2020-10-30
18966,2021-09-26
18967,2002-04-11
18968,2021-06-18
18969,2009-04-02
18970,2014-06-18
18971,2006-10-27
18972,2014-07-15
18973,2011-01-21
18974,2018-04-26
18975,2002-06-15
18976,2014-11-30
18977,2015-08-06
18978,2013-01-15
18979,2011-05-10
18980,2013-05-13
18981,2001-09-10
18982,1997-09-21
18983,2006-11-07
18984,1998-01-10
18985,2019-10-07
18986,2024-03-25
18987,2002-10-15
18988,2022-04-01
18989,2021-09-16
18990,2014-09-07
18991,2005-06-04
18992,2023-06-14
18993,2021-03-06
18994,2020-01-12
18995,2002-03-05
18996,1998-09-04
18997,2002-07-10
18998,2011-01-19
18999,2006-04-17
19000,2005-03-14
19001,1998-04-26
19002,2021-06-10
19003,2021-07-16
19004,1999-04-04
19005,2007-01-16
19006,2011-08-17
19007,2008-09-09
19008,2023-12-01
19009,2008-09-04
19010,1999-06-13
19011,2005-12-21
19012,2015-09-03
19013,2002-09-19
19014,1998-12-10
19015,1996-09-20
19016,2023-06-07
19017,2005-07-16
19018,2021-01-10
19019,2010-07-10
19020,2010-06-22
19021,2000-06-30
19022,2010-05-31
19023,2015-01-31
19024,2003-11-02
19025,2013-03-09
19026,1998-12-20
19027,1995-10-23
19028,2018-07-22
19029,2016-04-27
19030,2001-07-04
19031,2001-10-27
19032,2000-04-02
19033,2019-03-19
19034,2003-03-08
19035,1997-10-18
19036,2024-02-06
19037,2024-03-29
19038,2003-10-26
19039,2013-12-14
19040,2019-11-09
19041,2017-10-29
19042,2006-12-20
19043,2004-07-03
19044,2003-12-08
19045,2012-08-18
19046,2008-10-29
19047,1999-01-31
19048,2018-05-09
19049,2012-08-06
19050,2001-07-26
19051,2001-11-12
19052,2010-09-15
19053,1996-02-14
19054,2005-12-26
19055,2019-07-23
19056,2022-01-06
19057,2024-08-06
19058,2007-10-19
19059,2009-10-04
19060,2009-08-24
19061,2007-10-16
19062,2003-02-23
19063,2004-03-31
19064,2018-12-29
19065,2021-02-16
19066,1999-02-07
19067,2011-10-10
19068,2003-03-01
19069,2002-07-24
19070,2007-03-20
19071,2006-01-30
19072,2006-04-26
19073,2011-07-13
19074,2013-10-22
19075,2019-03-02
19076,2013-10-01
19077,2021-04-02
19078,2018-03-14
19079,2005-07-12
19080,2023-08-06
19081,2000-08-23
19082,2008-11-21
19083,2003-03-04
19084,1999-03-28
19085,2013-12-26
19086,2003-09-02
19087,2012-07-07
19088,2023-05-12
19089,2007-04-02
19090,2007-03-02
19091,2004-06-30
19092,2006-09-04
19093,2005-02-20
19094,2006-01-20
19095,2011-03-04
19096,2003-06-08
19097,2015-01-22
19098,2005-05-14
19099,2018-01-31
19100,2005-04-24
19101,1996-04-27
19102,1998-05-08
19103,2004-04-03
19104,2000-01-24
19105,2018-02-26
19106,2007-05-05
19107,2000-04-14
19108,1997-04-24
19109,2012-06-08
19110,1996-03-22
19111,2006-05-09
19112,2021-06-05
19113,1998-06-11
19114,2012-11-20
19115,2005-05-24
19116,1996-08-01
19117,2007-07-20
19118,2020-12-15
19119,2023-02-11
19120,2005-12-29
19121,1998-12-13
19122,2008-04-12
19123,2009-05-18
19124,2000-12-22
19125,2001-06-10
19126,2003-01-23
19127,2009-07-30
19128,2001-03-19
19129,1997-08-22
19130,2018-05-23
19131,2014-09-25
19132,2000-07-28
19133,2007-08-31
19134,2014-01-10
19135,2018-04-13
19136,2006-03-04
19137,1999-05-02
19138,2007-05-08
19139,2012-09-23
19140,2011-07-16
19141,2007-05-04
19142,2022-06-21
19143,2006-02-06
19144,1996-09-19
19145,1996-06-13
19146,2020-09-05
19147,2017-12-23
19148,2016-03-06
19149,2013-09-02
19150,2021-08-28
19151,2020-02-13
19152,2014-12-09
19153,2015-10-14
19154,2019-04-20
19155,2010-05-20
19156,2017-12-09
19157,2009-10-18
19158,2002-01-22
19159,2014-07-27
19160,2018-11-02
19161,2004-09-27
19162,2001-12-08
19163,2001-01-25
19164,2019-11-25
19165,2003-08-30
19166,2024-12-27
19167,1998-08-18
19168,2015-10-02
19169,2010-01-24
19170,2009-07-25
19171,2024-08-18
19172,2012-04-22
19173,2005-08-20
19174,2008-04-03
19175,1996-09-09
19176,2015-10-21
19177,2014-09-07
19178,2000-02-15
19179,2006-04-24
19180,2005-04-13
19181,2012-06-04
19182,2024-10-09
19183,2013-07-31
19184,2009-01-27
19185,1996-10-28
19186,2007-08-12
19187,2004-06-29
19188,2007-03-22
19189,2022-10-07
19190,2002-02-24
19191,2017-01-09
19192,2022-10-12
19193,2008-08-03
19194,2000-12-11
19195,2019-10-04
19196,2015-07-05
19197,2019-07-05
19198,2003-12-16
19199,2024-04-05
19200,2011-09-11
19201,2020-07-27
19202,2006-09-11
19203,2020-01-26
19204,2016-02-28
19205,1998-02-22
19206,2014-07-19
19207,2019-05-30
19208,2017-07-29
19209,2020-10-18
19210,2021-08-28
19211,2006-10-04
19212,1996-08-20
19213,1998-05-16
19214,2007-07-23
19215,2012-10-11
19216,2013-12-24
19217,2004-12-30
19218,2010-06-03
19219,2024-07-06
19220,2010-05-01
19221,2019-03-15
19222,2008-10-04
19223,1997-10-17
19224,2007-04-17
19225,2002-05-26
19226,2021-04-18
19227,2007-05-07
19228,1999-04-22
19229,2013-01-16
19230,2011-01-27
19231,1997-05-09
19232,1996-10-20
19233,1995-10-20
19234,2007-02-14
19235,2004-02-05
19236,2021-06-23
19237,2023-05-09
19238,2013-05-14
19239,2015-08-14
19240,2015-10-02
19241,1995-10-29
19242,2020-05-11
19243,2010-05-25
19244,2017-02-21
19245,2022-09-02
19246,2021-09-22
19247,2022-11-07
19248,2006-04-21
19249,2023-06-24
19250,2008-10-25
19251,2020-06-03
19252,2009-01-08
19253,2000-12-30
19254,2000-08-03
19255,2007-10-09
19256,2001-07-08
19257,1997-08-24
19258,2014-11-09
19259,1996-02-20
19260,2003-11-03
19261,2008-01-14
19262,2008-06-12
19263,2022-06-09
19264,2000-05-08
19265,2019-05-06
19266,2003-08-31
19267,2019-10-30
19268,2002-04-28
19269,2003-09-26
19270,2001-11-22
19271,2008-01-21
19272,2001-05-17
19273,2004-04-25
19274,2007-10-30
19275,2012-08-06
19276,1998-05-28
19277,2024-03-21
19278,1999-04-12
19279,2023-11-19
19280,2009-05-10
19281,2013-02-17
19282,2017-08-10
19283,2000-12-27
19284,2017-04-28
19285,2020-06-23
19286,2023-05-05
19287,2016-12-28
19288,2021-05-09
19289,2012-11-15
19290,2001-10-10
19291,1999-02-01
19292,2019-02-07
19293,1997-09-03
19294,2011-11-22
19295,1998-05-29
19296,2018-06-23
19297,2005-02-15
19298,1998-02-02
19299,2008-08-26
19300,2007-01-04
19301,2019-05-03
19302,2005-01-02
19303,2010-04-14
19304,2006-07-10
19305,2009-11-25
19306,2000-11-20
19307,2013-08-14
19308,2013-10-20
19309,2016-10-31
19310,2003-02-11
19311,2018-02-10
19312,1997-06-18
19313,2000-09-14
19314,2006-07-09
19315,2014-08-21
19316,2022-10-15
19317,2011-07-08
19318,2015-05-01
19319,2010-01-24
19320,1997-02-01
19321,2008-06-26
19322,2010-12-31
19323,2019-01-22
19324,2015-08-17
19325,2018-01-16
19326,2014-11-09
19327,2005-07-17
19328,2004-08-29
19329,2012-07-30
19330,1998-11-17
19331,2010-09-13
19332,2016-11-24
19333,2009-05-11
19334,2002-02-16
19335,2014-07-08
19336,1999-01-04
19337,2013-11-08
19338,2004-09-11
19339,1999-11-13
19340,2004-10-20
19341,2021-06-09
19342,2005-06-14
19343,2015-12-25
19344,2014-03-10
19345,2005-09-29
19346,2003-08-16
19347,2009-03-29
19348,2008-10-24
19349,1998-11-25
19350,2012-07-15
19351,1996-08-02
19352,2011-07-16
19353,2012-10-09
19354,2011-12-31
19355,1996-02-10
19356,1998-06-24
19357,1996-05-06
19358,1998-02-27
19359,2014-06-13
19360,2020-04-10
19361,2007-11-16
19362,2003-05-13
19363,2019-09-01
19364,2016-11-14
19365,2023-02-06
19366,2022-05-30
19367,1998-08-27
19368,2008-11-30
19369,2014-12-17
19370,2008-06-30
19371,2019-03-12
19372,2018-04-28
19373,2004-01-09
19374,2013-11-30
19375,1996-03-21
19376,2012-10-06
19377,1995-12-14
19378,2018-12-08
19379,2011-11-22
19380,2013-08-30
19381,2003-04-15
19382,1997-04-27
19383,2019-10-03
19384,1999-03-29
19385,2005-03-22
19386,2004-03-18
19387,2022-03-17
19388,1997-10-21
19389,2010-12-08
19390,2023-06-16
19391,2017-01-02
19392,2000-11-12
19393,2023-07-04
19394,2011-04-21
19395,1996-03-13
19396,2016-04-18
19397,1997-10-20
19398,2003-08-10
19399,2017-01-24
19400,2014-07-05
19401,2013-11-30
19402,2011-01-04
19403,2001-05-11
19404,1997-08-27
19405,1996-03-30
19406,1999-06-11
19407,2023-03-05
19408,1997-10-24
19409,2010-11-12
19410,2021-05-15
19411,2008-06-11
19412,2017-07-22
19413,2001-06-29
19414,2011-03-09
19415,2014-03-11
19416,2008-11-02
19417,1996-12-31
19418,2015-10-15
19419,2005-05-24
19420,2012-02-05
19421,2008-10-27
19422,2024-11-19
19423,2018-06-27
19424,2011-01-25
19425,1997-10-09
19426,2018-08-03
19427,2017-07-25
19428,2021-10-24
19429,2011-03-30
19430,2023-02-23
19431,2021-03-29
19432,2019-02-14
19433,2015-08-13
19434,2001-05-20
19435,1996-04-29
19436,2009-03-24
19437,2000-06-19
19438,2013-03-10
19439,2004-11-15
19440,1997-11-25
19441,2003-01-07
19442,2022-08-07
19443,2021-05-02
19444,2023-01-06
19445,2004-07-16
19446,2021-11-16
19447,2024-10-08
19448,2014-02-16
19449,2012-04-11
19450,2004-12-20
19451,2007-11-27
19452,2010-02-28
19453,2003-04-08
19454,2001-03-31
19455,2020-08-02
19456,2014-03-19
19457,2012-06-05
19458,2005-01-18
19459,2018-02-13
19460,2007-04-16
19461,2000-04-09
19462,1999-03-05
19463,1996-06-19
19464,2006-03-22
19465,2012-02-18
19466,2010-08-29
19467,2002-10-19
19468,2020-08-30
19469,2015-07-31
19470,2020-08-11
19471,2012-07-06
19472,2014-01-24
19473,2005-05-06
19474,2015-03-28
19475,1996-01-26
19476,2009-07-28
19477,2002-05-15
19478,2018-12-03
19479,1999-03-26
19480,1998-05-15
19481,2014-04-22
19482,2021-02-08
19483,1999-07-13
19484,2023-09-16
19485,1996-05-30
19486,2014-12-10
19487,2016-06-28
19488,2006-03-03
19489,2011-07-14
19490,2000-01-04
19491,2014-02-18
19492,1999-08-16
19493,1999-09-21
19494,2009-02-27
19495,2014-04-05
19496,2009-03-23
19497,2000-11-20
19498,1997-03-17
19499,2010-04-04
19500,1998-11-05
19501,2016-03-19
19502,2015-12-28
19503,2019-05-13
19504,2018-01-02
19505,2002-07-31
19506,2024-09-28
19507,2003-03-18
19508,2011-07-19
19509,2010-04-30
19510,2001-07-16
19511,2006-12-03
19512,1999-01-24
19513,2017-02-07
19514,2000-04-27
19515,2003-08-25
19516,2006-09-01
19517,2021-05-17
19518,2021-09-06
19519,1998-11-13
19520,2018-04-09
19521,2024-11-17
19522,2020-07-15
19523,2009-10-06
19524,2010-02-24
19525,2022-08-23
19526,1999-11-17
19527,2016-12-30
19528,2001-01-23
19529,2023-07-20
19530,2019-05-25
19531,2017-12-06
19532,2012-04-18
19533,2002-08-11
19534,2007-11-20
19535,2014-06-10
19536,2011-08-21
19537,1997-05-13
19538,1996-01-12
19539,2022-12-21
19540,2022-01-28
19541,2002-01-29
19542,1995-11-08
19543,2001-03-23
19544,2009-07-07
19545,2018-06-04
19546,2013-09-22
19547,2020-08-26
19548,2007-03-08
19549,2017-10-06
19550,2023-09-01
19551,2017-09-29
19552,1997-05-20
19553,2022-08-20
19554,1998-03-02
19555,2013-06-24
19556,2018-03-13
19557,2020-01-23
19558,2000-11-16
19559,2021-06-12
19560,2002-10-23
19561,2016-09-14
19562,2019-04-06
19563,2019-06-09
19564,2014-07-24
19565,2009-01-05
19566,2007-01-02
19567,2013-04-17
19568,2015-03-05
19569,2003-02-17
19570,1997-03-02
19571,2020-12-07
19572,2002-07-06
19573,2022-08-10
19574,2007-12-24
19575,2020-04-04
19576,2017-06-25
19577,2019-11-07
19578,2016-05-23
19579,2022-12-23
19580,2002-09-04
19581,2015-09-08
19582,2001-09-10
19583,2017-09-21
19584,2009-04-18
19585,2001-11-07
19586,2024-02-17
19587,2002-12-10
19588,2018-05-26
19589,2003-04-01
19590,1998-02-09
19591,2019-04-01
19592,2012-09-10
19593,2001-10-28
19594,1999-01-05
19595,2000-08-29
19596,2017-01-03
19597,2017-12-10
19598,1996-05-08
19599,2024-01-09
19600,1996-04-27
19601,2008-09-12
19602,2011-03-05
19603,2001-03-02
19604,2021-01-09
19605,2024-01-13
19606,2011-06-23
19607,1999-10-19
19608,2024-07-04
19609,2015-08-03
19610,2010-07-03
19611,1996-10-08
19612,1996-03-13
19613,2007-10-07
19614,2011-01-22
19615,1995-12-06
19616,2003-12-08
19617,2017-11-13
19618,2017-03-22
19619,2005-05-05
19620,2002-03-02
19621,2020-12-17
19622,2016-11-06
19623,2023-06-13
19624,1997-07-04
19625,2009-01-09
19626,1999-01-04
19627,2010-07-19
19628,2008-09-24
19629,2018-02-27
19630,2007-01-26
19631,2019-11-30
19632,2017-12-31
19633,2008-08-22
19634,2011-03-26
19635,2009-08-10
19636,2015-06-18
19637,2014-02-24
19638,2020-12-30
19639,2014-11-13
19640,2014-02-17
19641,2024-12-04
19642,2013-02-12
19643,1998-11-07
19644,2009-07-31
19645,2003-06-20
19646,2009-07-02
19647,2001-01-22
19648,2020-03-04
19649,2007-03-25
19650,2014-08-16
19651,2024-01-06
19652,2018-02-14
19653,2013-05-17
19654,2006-09-26
19655,2012-04-03
19656,2014-12-12
19657,2014-05-20
19658,2004-06-16
19659,2019-10-14
19660,2003-05-20
19661,1996-06-30
19662,2007-06-11
19663,2011-06-09
19664,2021-01-04
19665,2005-05-07
19666,2004-04-19
19667,2003-01-30
19668,2014-09-01
19669,2001-03-13
19670,2000-05-30
19671,2014-12-24
19672,1996-03-15
19673,2018-07-03
19674,2017-05-18
19675,2019-01-07
19676,2016-07-02
19677,2018-01-08
19678,2019-09-07
19679,2001-10-12
19680,2007-08-04
19681,2024-06-27
19682,2006-11-29
19683,1998-05-10
19684,2007-08-08
19685,2013-04-06
19686,2020-04-13
19687,1997-05-02
19688,2020-11-29
19689,2021-08-19
19690,2001-09-15
19691,2013-11-05
19692,2019-01-23
19693,2017-02-27
19694,2010-06-25
19695,2012-10-17
19696,2012-10-08
19697,1998-09-27
19698,2011-03-17
19699,2000-04-30
19700,2014-11-09
19701,2018-09-03
19702,2011-03-08
19703,2020-01-10
19704,1997-08-12
19705,2007-04-10
19706,2014-06-03
19707,2013-08-25
19708,2009-02-14
19709,2016-09-22
19710,2002-10-29
19711,2003-01-24
19712,2024-08-17
19713,2000-04-10
19714,2009-09-08
19715,2007-11-12
19716,2019-11-27
19717,2022-05-19
19718,2005-06-02
19719,2016-04-26
19720,2011-06-14
19721,2004-06-24
19722,2012-05-07
19723,2017-06-19
19724,2023-08-30
19725,2024-08-27
19726,2011-05-14
19727,2013-02-27
19728,1995-10-28
19729,2003-06-02
19730,2018-05-18
19731,2004-10-16
19732,2010-08-27
19733,2013-03-19
19734,2016-07-12
19735,2014-06-13
19736,2015-10-03
19737,2019-01-29
19738,2004-03-10
19739,1997-03-24
19740,2024-09-23
19741,2008-07-14
19742,2000-10-29
19743,2013-11-27
19744,1996-01-17
19745,2003-03-29
19746,2005-08-19
19747,2018-07-21
19748,2021-02-22
19749,2014-07-25
19750,2017-09-04
19751,2019-11-13
19752,1997-06-16
19753,2007-10-19
19754,2007-09-24
19755,2009-08-16
19756,2016-11-22
19757,2007-10-25
19758,2006-03-29
19759,2019-04-26
19760,1999-03-25
19761,2004-06-29
19762,2024-04-16
19763,2018-02-11
19764,2016-12-07
19765,2024-07-14
19766,2004-07-05
19767,2004-10-16
19768,1999-01-07
19769,1997-11-08
19770,2018-02-05
19771,2008-04-10
19772,2004-07-15
19773,2021-01-25
19774,2006-12-09
19775,2012-02-26
19776,2016-05-26
19777,1998-05-23
19778,2000-02-14
19779,1996-02-03
19780,2000-03-16
19781,1998-01-24
19782,2022-05-14
19783,2009-11-11
19784,2018-01-16
19785,2000-06-01
19786,2000-06-04
19787,1997-01-04
19788,2022-07-12
19789,2006-02-28
19790,2011-12-25
19791,2006-12-08
19792,2012-06-13
19793,2002-03-16
19794,2019-03-01
19795,2022-07-04
19796,2009-02-27
19797,2006-03-15
19798,2013-02-05
19799,2019-01-16
19800,2001-12-20
19801,2004-10-28
19802,1996-07-24
19803,2008-11-26
19804,2008-01-11
19805,2014-10-04
19806,1996-06-02
19807,2013-09-10
19808,2016-09-06
19809,2014-05-04
19810,2001-06-25
19811,2006-03-01
19812,2021-12-04
19813,2006-02-15
19814,2005-08-14
19815,2021-07-26
19816,1997-02-18
19817,2010-03-15
19818,2016-05-06
19819,2005-02-10
19820,1998-05-02
19821,2024-01-01
19822,2014-08-03
19823,2011-09-14
19824,1996-01-02
19825,2008-03-22
19826,2020-05-11
19827,1997-04-19
19828,2008-09-21
19829,2019-02-06
19830,1997-09-28
19831,2006-09-05
19832,2011-09-19
19833,2001-03-12
19834,2022-04-04
19835,1998-04-05
19836,2010-06-15
19837,2014-11-17
19838,2003-01-04
19839,1997-06-14
19840,2007-03-07
19841,2019-03-06
19842,2020-03-18
19843,2019-06-20
19844,1996-07-26
19845,1997-04-14
19846,2017-06-15
19847,2015-05-12
19848,2007-02-03
19849,2017-01-08
19850,2003-04-05
19851,1996-11-21
19852,1999-12-30
19853,2008-12-21
19854,2020-08-31
19855,2010-01-20
19856,2003-09-15
19857,2003-12-11
19858,2009-12-23
19859,2015-10-01
19860,2024-08-15
19861,2021-11-06
19862,2017-09-16
19863,1997-04-21
19864,2000-03-17
19865,1996-11-18
19866,2012-07-24
19867,2016-01-13
19868,2022-08-05
19869,1998-08-02
19870,2000-01-30
19871,2017-04-14
19872,2013-02-06
19873,2012-09-23
19874,2023-05-24
19875,2014-08-05
19876,2006-06-21
19877,2010-02-06
19878,2010-12-19
19879,2024-02-08
19880,2008-05-24
19881,2017-07-31
19882,2024-12-19
19883,2020-04-04
19884,1996-03-20
19885,2002-03-27
19886,2007-07-13
19887,2013-09-16
19888,2009-06-26
19889,1997-01-21
19890,2018-04-03
19891,1996-09-26
19892,2019-03-03
19893,2016-10-01
19894,2011-08-30
19895,2013-11-30
19896,2005-04-19
19897,2013-08-09
19898,2003-04-10
19899,2015-12-10
19900,2003-09-13
19901,2019-05-18
19902,2003-05-23
19903,2000-04-16
19904,2013-12-28
19905,2014-11-05
19906,2023-07-03
19907,2022-06-22
19908,2011-05-16
19909,2016-10-02
19910,2005-07-30
19911,1997-05-16
19912,2001-09-25
19913,2008-08-30
19914,2010-09-04
19915,2024-03-02
19916,2014-07-24
19917,2014-12-25
19918,2024-03-17
19919,1996-08-29
19920,2011-01-13
19921,2022-03-02
19922,2011-06-08
19923,2022-11-16
19924,2006-11-02
19925,2002-04-06
19926,2024-04-18
19927,2004-11-02
19928,1997-07-27
19929,2018-02-25
19930,2000-09-04
19931,2014-10-14
19932,2004-03-09
19933,1997-05-16
19934,1999-05-28
19935,2012-05-04
19936,2012-10-21
19937,2019-02-02
19938,1998-12-06
19939,2006-06-24
19940,2021-02-18
19941,1998-08-07
19942,2019-02-19
19943,2023-05-25
19944,1999-09-13
19945,2019-05-24
19946,2023-06-25
19947,2009-10-15
19948,2013-12-06
19949,2011-06-09
19950,1998-01-15
19951,2024-03-01
19952,2005-05-01
19953,1998-07-12
19954,2000-06-02
19955,2013-02-15
19956,2019-07-09
19957,2024-03-30
19958,2013-12-01
19959,2011-04-04
19960,2019-09-28
19961,2014-04-10
19962,2001-07-21
19963,1996-11-15
19964,2005-08-08
19965,2020-06-30
19966,2022-01-01
19967,2022-07-19
19968,2010-03-20
19969,2015-04-14
19970,2021-07-19
19971,2004-09-28
19972,2017-02-11
19973,2003-03-18
19974,2017-11-25
19975,1995-11-11
19976,2004-02-09
19977,2010-03-28
19978,2007-09-02
19979,2007-07-18
19980,1998-06-26
19981,2018-12-01
19982,1996-05-29
19983,1996-03-17
19984,2003-06-01
19985,2008-03-29
19986,2005-12-31
19987,2007-11-03
19988,2019-05-24
19989,2010-06-25
19990,2002-02-01
19991,2008-06-15
19992,2018-12-03
19993,2013-11-10
19994,1996-05-26
19995,2016-08-27
19996,2014-09-26
19997,1996-07-13
19998,2006-11-21
19999,1999-08-27
20000,2011-08-10
20001,2023-04-06
20002,2004-06-26
20003,2017-03-18
20004,2012-09-30
20005,2024-10-30
20006,2018-09-03
20007,2024-02-05
20008,1996-01-11
20009,2021-07-15
20010,2023-04-26
20011,2010-09-25
20012,2015-01-17
20013,2007-10-27
20014,1999-10-15
20015,2017-01-26
20016,2010-07-15
20017,2004-09-25
20018,2017-08-05
20019,2002-02-27
20020,2023-07-21
20021,2014-03-06
20022,2013-07-13
20023,2014-03-25
20024,2001-07-01
20025,2004-05-30
20026,2004-12-09
20027,2010-01-22
20028,2002-12-03
20029,2023-05-11
20030,2009-11-23
20031,2003-10-08
20032,2006-05-20
20033,2016-12-06
20034,1996-06-14
20035,1997-04-08
20036,2002-03-21
20037,2003-04-16
20038,2001-11-18
20039,2009-06-30
20040,2013-06-27
20041,2024-12-18
20042,2006-06-16
20043,2000-07-10
20044,2004-06-29
20045,2003-07-02
20046,2013-07-15
20047,2001-07-02
20048,2022-03-20
20049,1996-01-17
20050,2024-01-21
20051,1999-09-11
20052,2024-06-07
20053,2010-10-07
20054,2020-01-27
20055,2018-06-21
20056,2008-02-05
20057,1999-04-17
20058,2015-07-14
20059,2020-01-12
20060,2009-08-19
20061,1998-03-11
20062,2016-02-27
20063,2023-08-28
20064,2016-11-07
20065,2008-10-27
20066,2010-12-23
20067,2010-02-08
20068,2013-10-02
20069,2015-12-15
20070,2011-06-28
20071,2021-01-13
20072,1999-07-09
20073,2006-11-05
20074,2014-07-23
20075,2003-03-01
20076,2002-09-09
20077,2024-11-30
20078,2008-05-12
20079,2013-11-10
20080,2016-05-03
20081,1998-04-05
20082,2007-06-23
20083,2016-12-05
20084,2020-07-02
20085,1998-03-09
20086,2000-05-26
20087,1997-08-30
20088,2003-12-17
20089,2018-08-05
20090,1997-08-09
20091,2020-09-16
20092,2022-03-14
20093,2018-02-10
20094,2023-04-01
20095,2003-09-08
20096,1998-03-30
20097,2006-03-23
20098,2022-05-07
20099,2019-06-03
20100,1997-01-19
20101,2010-12-27
20102,2017-02-12
20103,2021-02-10
20104,2004-11-14
20105,2023-04-23
20106,2011-07-24
20107,2012-01-31
20108,2024-09-04
20109,2012-08-31
20110,2023-12-24
20111,2023-08-11
20112,2013-05-07
20113,2000-09-22
20114,2001-06-28
20115,2005-08-02
20116,2019-07-11
20117,2001-02-20
20118,2003-10-13
20119,2019-10-17
20120,2022-10-03
20121,2017-09-13
20122,2015-04-30
20123,2019-01-29
20124,1999-03-25
20125,2005-09-11
20126,1999-04-17
20127,2006-03-18
20128,2017-05-31
20129,2005-12-23
20130,2023-01-10
20131,1997-05-01
20132,2006-03-17
20133,2003-09-01
20134,2023-12-04
20135,2021-01-27
20136,2011-07-24
20137,2016-06-13
20138,2008-11-11
20139,2013-06-30
20140,2012-11-10
20141,1995-10-31
20142,2021-04-26
20143,2021-07-02
20144,1997-11-01
20145,2015-12-08
20146,2007-03-25
20147,2014-11-02
20148,2011-09-06
20149,2000-07-10
20150,2006-04-05
20151,2005-03-04
20152,1998-12-20
20153,2003-10-25
20154,2010-06-03
20155,1995-12-16
20156,2019-08-14
20157,2017-04-23
20158,2016-05-11
20159,2020-01-04
20160,1998-07-19
20161,2018-01-13
20162,2001-04-10
20163,2016-10-19
20164,2017-09-02
20165,2001-04-12
20166,2007-03-17
20167,2008-10-09
20168,2001-03-21
20169,2023-05-06
20170,2003-10-30
20171,2003-10-09
20172,2017-07-15
20173,2010-06-15
20174,2015-01-09
20175,2008-02-24
20176,2018-01-26
20177,1998-09-03
20178,1997-10-21
20179,2018-06-05
20180,2024-05-17
20181,2015-06-05
20182,2012-12-03
20183,2023-09-11
20184,2017-07-30
20185,2000-11-24
20186,2007-08-02
20187,2018-12-16
20188,1995-11-11
20189,2022-01-22
20190,2020-04-15
20191,2022-06-28
20192,2006-12-02
20193,2014-12-18
20194,2020-10-09
20195,2015-06-16
20196,2023-07-26
20197,2007-07-25
20198,2017-05-31
20199,2012-03-05
20200,2023-01-13
20201,2004-04-03
20202,2017-06-24
20203,2004-04-28
20204,2006-03-28
20205,2013-02-26
20206,1995-11-14
20207,2000-06-18
20208,2015-12-26
20209,2008-02-09
20210,2016-01-25
20211,2010-02-03
20212,2022-04-29
20213,2005-08-29
20214,2020-06-30
20215,2005-03-16
20216,2014-11-11
20217,2002-04-01
20218,2000-11-30
20219,2024-12-06
20220,2018-04-09
20221,2001-05-31
20222,2016-01-06
20223,1999-10-16
20224,1997-08-07
20225,1997-08-25
20226,2009-03-30
20227,2011-01-24
20228,2015-05-21
20229,1996-12-28
20230,2021-10-31
20231,2012-06-15
20232,2011-08-14
20233,2001-11-09
20234,2011-07-10
20235,2009-08-05
20236,2018-04-03
20237,2023-02-22
20238,2011-06-19
20239,2005-06-25
20240,2019-03-22
20241,2016-07-30
20242,2023-10-04
20243,2000-11-08
20244,2017-07-13
20245,2001-04-24
20246,2022-12-03
20247,1998-11-17
20248,1996-04-26
20249,2003-12-24
20250,2022-03-10
20251,1998-11-25
20252,2010-12-18
20253,2018-05-25
20254,2007-01-23
20255,1995-10-22
20256,2020-10-14
20257,2002-02-07
20258,2023-01-29
20259,1997-01-05
20260,1998-01-30
20261,2010-11-12
20262,2010-03-20
20263,2001-08-31
20264,2008-11-26
20265,2020-10-12
20266,2019-12-26
20267,2012-07-20
20268,2021-12-06
20269,2013-11-07
20270,2007-07-25
20271,2015-03-15
20272,1999-06-25
20273,1996-10-02
20274,2000-02-22
20275,2006-02-27
20276,2000-04-01
20277,1999-04-08
20278,2015-06-21
20279,2022-01-13
20280,2012-01-25
20281,2003-10-24
20282,2016-09-03
20283,2001-03-05
20284,2022-02-14
20285,2006-03-17
20286,1998-12-18
20287,2022-11-14
20288,1995-12-16
20289,2018-12-07
20290,2002-10-13
20291,2017-02-09
20292,2022-06-28
20293,2022-06-22
20294,2002-12-03
20295,2014-10-02
20296,2013-09-09
20297,2010-06-01
20298,2010-10-23
20299,2010-02-10
20300,2007-03-17
20301,2000-08-23
20302,2024-11-22
20303,2006-07-16
20304,2001-12-19
20305,1999-10-30
20306,2016-12-07
20307,2016-04-12
20308,2021-05-02
20309,2022-12-29
20310,2015-12-31
20311,2020-08-01
20312,2004-04-08
20313,1995-11-05
20314,2011-03-26
20315,2013-12-04
20316,2016-12-13
20317,2004-10-05
20318,2008-02-19
20319,2016-04-02
20320,1999-11-17
20321,2001-03-16
20322,2023-12-10
20323,2017-04-24
20324,2000-12-14
20325,2023-12-05
20326,2022-02-03
20327,2006-06-22
20328,2003-12-07
20329,2009-10-14
20330,1998-11-21
20331,2005-03-30
20332,2006-12-17
20333,1997-08-20
20334,2008-10-29
20335,1999-06-17
20336,2015-03-22
20337,2023-02-23
20338,2017-02-27
20339,1998-05-09
20340,2011-02-14
20341,2013-08-19
20342,2023-01-31
20343,2011-09-24
20344,2024-06-07
20345,2001-07-30
20346,1996-11-23
20347,2017-03-14
20348,1998-05-14
20349,2018-05-16
20350,2012-10-05
20351,2001-10-24
20352,2023-06-15
20353,2014-05-13
20354,2014-12-23
20355,2012-08-13
20356,2015-06-25
20357,2005-01-22
20358,2000-12-26
20359,2003-03-29
20360,2011-07-29
20361,2021-12-28
20362,1998-01-31
20363,2011-11-11
20364,2020-12-23
20365,2015-09-16
20366,2018-12-08
20367,2023-08-26
20368,2005-12-21
20369,2005-05-27
20370,2014-04-05
20371,2017-08-23
20372,2003-06-24
20373,1999-09-30
20374,2004-10-18
20375,2016-03-15
20376,1996-03-10
20377,2004-09-22
20378,2000-01-06
20379,2015-02-10
20380,1999-10-27
20381,1998-11-02
20382,2020-12-18
20383,2003-12-18
20384,2024-09-13
20385,2020-09-11
20386,2009-01-27
20387,2010-12-31
20388,2000-08-19
20389,2007-09-15
20390,2023-02-05
20391,2009-03-17
20392,2002-06-20
20393,2020-09-12
20394,2024-02-28
20395,2004-01-15
20396,2020-05-28
20397,1998-10-17
20398,1999-08-02
20399,2024-08-27
20400,2000-09-06
20401,2015-12-03
20402,2001-05-06
20403,2004-11-15
20404,2002-11-02
20405,2024-06-05
20406,2003-07-14
20407,2004-06-09
20408,2020-11-10
20409,2011-04-10
20410,2005-02-21
20411,2001-04-24
20412,2011-01-16
20413,2009-05-15
20414,2008-07-21
20415,2010-11-10
20416,2014-04-30
20417,2017-08-07
20418,1995-12-12
20419,2012-12-28
20420,2014-11-12
20421,1998-09-14
20422,1998-05-24
20423,2017-04-14
20424,2001-06-04
20425,2018-06-16
20426,2002-05-29
20427,2003-08-06
20428,1997-03-28
20429,1995-12-20
20430,2009-08-22
20431,2000-03-11
20432,2023-05-21
20433,2003-03-04
20434,2003-03-14
20435,2010-03-18
20436,2021-12-18
20437,2004-05-30
20438,1996-05-26
20439,2000-06-30
20440,2017-08-01
20441,2021-07-17
20442,2000-05-01
20443,2003-08-06
20444,2021-11-26
20445,2013-09-13
20446,2007-08-28
20447,2011-03-05
20448,2008-12-20
20449,2017-07-29
20450,2022-03-06
20451,2005-11-05
20452,2015-05-24
20453,2024-05-24
20454,2012-01-24
20455,1999-07-26
20456,2023-10-18
20457,1996-09-05
20458,2019-07-27
20459,2015-08-03
20460,2021-09-15
20461,2017-03-15
20462,2008-07-23
20463,2012-07-11
20464,2004-03-21
20465,1998-08-05
20466,1998-02-01
20467,2000-01-21
20468,2015-05-02
20469,2004-09-16
20470,2007-12-19
20471,2019-03-05
20472,2022-06-05
20473,2005-08-30
20474,2000-08-20
20475,2021-03-09
20476,1995-11-30
20477,2022-06-04
20478,2020-12-08
20479,2023-08-15
20480,2012-01-21
20481,1997-02-25
20482,2020-04-24
20483,2016-01-20
20484,2010-05-07
20485,2001-09-17
20486,2015-07-08
20487,1996-11-03
20488,1999-06-10
20489,2010-07-19
20490,2005-08-30
20491,1999-07-26
20492,2002-07-29
20493,2022-12-17
20494,2004-04-18
20495,1996-06-25
20496,2005-12-11
20497,2007-12-17
20498,1996-12-07
20499,2019-02-26
20500,2020-04-10
20501,2004-03-28
20502,1998-10-14
20503,2004-04-29
20504,2005-04-10
20505,2022-05-09
20506,2015-11-07
20507,2008-03-07
20508,2005-08-29
20509,2006-05-19
20510,2012-03-05
20511,2021-11-11
20512,2005-01-23
20513,2018-01-20
20514,2020-07-08
20515,2017-11-18
20516,2024-09-04
20517,2019-09-20
20518,2005-03-16
20519,2010-02-12
20520,2000-01-18
20521,2009-04-02
20522,2013-08-03
20523,2019-01-27
20524,2002-02-12
20525,2010-10-16
20526,2007-10-08
20527,2019-07-13
20528,2006-03-21
20529,2012-08-02
20530,2000-08-01
20531,2022-11-07
20532,1998-06-01
20533,2024-10-24
20534,2019-06-14
20535,2009-11-17
20536,2023-05-29
20537,2008-02-06
20538,2005-04-16
20539,2020-04-23
20540,2022-04-23
20541,2013-03-17
20542,2004-03-04
20543,2010-05-26
20544,2018-09-01
20545,2002-04-10
20546,2023-10-18
20547,1996-08-07
20548,2022-02-13
20549,2015-10-24
20550,2013-08-23
20551,2016-09-23
20552,2008-08-29
20553,2013-11-19
20554,2009-03-02
20555,2006-12-11
20556,2009-11-01
20557,2012-01-13
20558,2008-10-11
20559,1998-07-14
20560,1998-01-02
20561,2018-11-17
20562,2023-06-23
20563,2020-11-25
20564,2022-02-27
20565,2015-05-31
20566,2018-07-30
20567,2012-10-16
20568,2023-02-24
20569,2019-12-23
20570,2014-08-04
20571,1997-06-16
20572,2003-06-21
20573,1998-06-08
20574,2001-09-15
20575,2009-09-27
20576,2001-05-14
20577,2024-08-26
20578,2016-03-28
20579,2008-06-28
20580,2002-08-08
20581,1997-09-17
20582,2010-01-21
20583,2008-01-08
20584,2016-03-25
20585,2020-07-30
20586,2015-10-07
20587,2016-10-19
20588,2009-08-24
20589,2023-11-07
20590,2021-06-18
20591,2003-08-03
20592,2005-02-28
20593,2012-12-23
20594,2012-03-14
20595,2021-07-05
20596,1998-05-13
20597,2015-08-28
20598,2021-08-15
20599,2000-10-15
20600,2017-07-03
20601,2024-03-15
20602,2008-11-15
20603,2022-09-16
20604,2020-01-20
20605,2009-08-25
20606,2008-09-17
20607,2003-05-23
20608,1999-11-21
20609,1996-07-25
20610,2014-04-14
20611,2014-02-04
20612,2018-05-29
20613,1998-01-04
20614,2018-02-14
20615,2001-05-22
20616,2018-05-20
20617,2000-06-10
20618,2014-01-23
20619,2004-10-04
20620,1996-05-13
20621,1998-08-12
20622,2000-07-20
20623,2005-02-16
20624,2014-11-18
20625,2015-01-06
20626,2000-06-21
20627,2003-06-01
20628,1996-09-04
20629,2014-07-24
20630,2013-02-04
20631,2002-06-18
20632,1996-02-16
20633,2007-09-19
20634,2007-07-15
20635,2015-02-02
20636,2007-11-09
20637,2023-10-30
20638,2002-10-31
20639,2019-11-24
20640,2017-06-28
20641,2009-07-10
20642,2024-03-26
20643,2022-03-18
20644,2020-01-31
20645,2006-01-21
20646,2011-08-10
20647,2014-11-15
20648,2019-02-15
20649,2016-02-15
20650,2004-12-10
20651,2023-06-10
20652,2006-10-24
20653,2023-03-12
20654,1998-09-09
20655,2003-11-13
20656,2019-03-18
20657,2001-03-21
20658,2009-11-09
20659,2007-05-16
20660,2003-03-07
20661,2015-09-30
20662,2000-05-05
20663,2003-02-02
20664,2024-09-02
20665,1998-09-15
20666,2022-09-30
20667,2021-09-13
20668,2004-03-27
20669,2013-07-10
20670,2024-05-01
20671,2019-10-26
20672,1997-07-06
20673,2011-07-23
20674,2011-03-16
20675,2001-04-02
20676,2007-07-12
20677,2011-01-07
20678,2006-08-22
20679,2024-04-04
20680,2017-11-29
20681,2013-09-25
20682,1997-02-10
20683,2014-07-14
20684,2013-01-21
20685,1996-06-27
20686,2015-05-25
20687,2021-08-16
20688,2023-11-21
20689,2007-08-31
20690,2013-09-23
20691,2011-05-20
20692,2005-09-20
20693,1997-09-01
20694,1996-08-15
20695,2022-08-24
20696,2000-07-27
20697,2021-09-02
20698,2014-06-08
20699,2010-10-17
20700,2008-10-24
20701,2024-10-21
20702,2016-09-04
20703,2018-08-02
20704,2015-08-09
20705,2016-03-20
20706,2009-11-13
20707,2024-03-13
20708,2016-05-10
20709,2020-04-19
20710,2024-09-25
20711,2008-02-03
20712,2016-12-10
20713,2004-08-15
20714,2002-10-09
20715,2021-12-28
20716,2019-08-02
20717,2016-10-24
20718,2022-05-12
20719,2018-01-12
20720,2013-03-21
20721,2009-10-12
20722,2006-11-27
20723,2015-12-04
20724,1998-08-02
20725,2021-08-04
20726,2005-07-10
20727,2006-03-22
20728,2021-12-25
20729,2005-07-02
20730,2002-11-24
20731,2012-03-10
20732,2001-03-20
20733,2021-11-21
20734,2003-07-08
20735,2011-02-11
20736,2004-11-17
20737,2020-10-07
20738,2000-08-11
20739,2018-06-24
20740,2022-05-27
20741,2001-02-14
20742,2014-03-07
20743,2023-12-27
20744,2009-03-18
20745,2021-08-12
20746,2022-06-03
20747,1997-10-10
20748,1995-12-14
20749,2003-01-15
20750,1998-02-17
20751,2019-12-21
20752,2021-12-20
20753,2007-08-03
20754,2021-02-04
20755,2024-01-29
20756,1999-11-10
20757,2023-07-24
20758,2018-08-31
20759,2012-12-02
20760,2004-06-23
20761,2019-05-13
20762,2023-02-12
20763,2019-07-23
20764,2017-09-13
20765,2010-09-02
20766,2017-12-05
20767,2024-01-14
20768,2021-08-14
20769,2022-11-30
20770,1999-07-19
20771,2001-07-26
20772,2012-04-14
20773,2003-05-16
20774,2007-01-03
20775,2015-07-13
20776,2023-08-30
20777,2021-06-08
20778,2002-06-03
20779,2005-01-06
20780,2017-10-10
20781,1998-08-12
20782,2016-10-06
20783,1996-12-13
20784,2006-11-01
20785,2021-10-05
20786,2005-02-08
20787,2012-02-21
20788,2019-06-19
20789,1998-04-25
20790,2004-10-26
20791,2019-09-16
20792,2017-06-03
20793,2018-04-24
20794,2012-05-07
20795,2016-12-05
20796,2008-10-21
20797,2019-08-31
20798,2016-04-23
20799,2018-08-08
20800,2024-03-06
20801,2008-08-25
20802,1996-01-31
20803,2013-05-29
20804,2013-01-27
20805,2017-03-16
20806,2012-11-13
20807,2011-03-29
20808,2001-05-31
20809,2004-01-19
20810,2023-02-05
20811,2004-11-05
20812,2009-05-10
20813,2014-05-12
20814,2021-02-02
20815,2004-03-16
20816,2001-10-18
20817,2015-04-11
20818,2006-08-15
20819,1998-05-17
20820,2013-05-06
20821,2024-01-08
20822,2019-04-02
20823,1998-12-30
20824,1998-02-09
20825,2007-12-23
20826,2000-09-25
20827,2005-09-29
20828,2014-01-20
20829,2013-01-02
20830,2009-05-31
20831,2002-01-31
20832,1996-08-11
20833,1999-09-27
20834,2009-12-06
20835,2011-03-18
20836,2005-10-12
20837,2007-07-30
20838,1996-08-22
20839,1998-12-26
20840,2022-01-26
20841,2012-05-26
20842,2017-05-23
20843,2021-12-03
20844,2016-05-25
20845,1995-11-23
20846,2004-04-12
20847,2003-09-26
20848,2006-05-10
20849,2001-01-16
20850,2003-11-09
20851,2021-05-24
20852,2021-03-20
20853,1997-02-07
20854,2016-03-16
20855,2001-04-19
20856,2014-04-30
20857,2006-03-16
20858,2010-08-10
20859,2005-11-25
20860,2017-11-08
20861,2020-02-28
20862,2015-03-07
20863,2011-02-17
20864,1999-04-09
20865,2013-08-18
20866,2023-08-25
20867,2022-01-26
20868,2009-03-01
20869,2010-12-30
20870,2022-11-26
20871,2013-07-18
20872,1997-06-04
20873,2021-10-19
20874,2020-08-12
20875,2003-10-03
20876,2004-04-05
20877,2002-02-14
20878,1999-05-17
20879,2024-10-25
20880,2000-01-25
20881,2015-04-08
20882,2003-03-02
20883,2013-06-26
20884,2024-07-13
20885,2017-09-26
20886,2002-02-17
20887,1997-08-17
20888,2008-11-14
20889,2023-11-12
20890,2022-08-27
20891,2005-02-27
20892,2010-12-05
20893,1996-12-17
20894,2015-06-13
20895,2015-04-15
20896,2011-10-03
20897,2021-03-31
20898,2023-02-23
20899,2011-01-30
20900,2008-11-20
20901,2000-09-24
20902,2015-07-17
20903,2005-07-02
20904,2002-07-11
20905,2002-11-08
20906,2008-06-01
20907,1997-02-13
20908,2015-09-07
20909,2003-11-09
20910,2006-09-23
20911,2020-05-17
20912,2023-06-12
20913,2002-08-11
20914,2014-01-23
20915,1999-01-25
20916,2004-02-17
20917,2020-12-12
20918,2001-07-17
20919,2024-10-01
20920,2019-06-13
20921,1999-12-24
20922,2018-03-28
20923,2021-01-31
20924,1997-04-03
20925,2005-01-07
20926,2007-01-10
20927,2008-11-21
20928,1999-05-27
20929,1997-05-21
20930,2019-02-02
20931,2004-01-06
20932,2009-12-06
20933,2009-11-21
20934,2016-10-21
20935,2017-03-12
20936,1999-09-04
20937,2016-12-20
20938,1999-02-21
20939,2005-08-22
20940,2012-12-14
20941,1998-11-19
20942,2002-12-12
20943,2024-12-09
20944,2021-02-06
20945,2016-07-27
20946,2015-06-30
20947,1999-06-26
20948,2018-08-17
20949,2017-03-31
20950,2024-11-26
20951,2006-01-08
20952,2023-02-02
20953,2014-06-12
20954,2001-08-19
20955,2007-07-22
20956,2002-11-28
20957,1998-11-26
20958,2017-12-12
20959,2005-05-04
20960,2020-08-18
20961,1999-05-01
20962,2022-04-19
20963,2010-01-08
20964,2005-12-17
20965,2002-11-22
20966,2024-01-02
20967,2016-04-19
20968,2000-01-31
20969,2001-04-06
20970,2014-09-06
20971,2018-02-11
20972,2003-11-28
20973,1996-04-14
20974,2006-10-09
20975,2018-05-03
20976,2022-01-12
20977,1999-11-21
20978,2001-03-29
20979,2002-07-21
20980,2007-02-02
20981,2020-06-12
20982,2005-09-24
20983,2008-01-09
20984,2000-08-02
20985,2020-11-07
20986,2004-08-08
20987,2023-07-11
20988,2006-06-30
20989,2007-12-29
20990,1998-11-06
20991,2007-01-12
20992,1998-11-18
20993,2005-12-11
20994,2015-06-07
20995,2009-10-21
20996,2000-12-06
20997,2010-12-10
20998,2000-12-03
20999,2010-07-25
21000,2022-06-20
21001,2003-08-27
21002,2015-02-21
21003,2016-01-22
21004,2020-04-03
21005,2009-06-04
21006,2001-10-13
21007,2000-11-20
21008,1996-04-02
21009,2023-10-09
21010,2024-12-18
21011,2018-04-24
21012,2017-11-27
21013,2005-02-25
21014,2018-09-12
21015,2023-07-05
21016,2013-01-30
21017,2011-09-22
21018,2008-08-02
21019,2007-02-02
21020,2000-06-09
21021,2019-08-16
21022,1997-12-20
21023,1997-08-04
21024,2019-12-09
21025,2004-05-09
21026,2006-04-17
21027,2024-12-11
21028,1998-11-30
21029,2008-07-05
21030,2005-07-07
21031,2003-09-20
21032,1999-08-21
21033,2016-06-26
21034,2023-11-28
21035,2017-12-09
21036,2020-08-21
21037,2020-07-26
21038,1997-09-06
21039,2017-04-02
21040,2019-09-10
21041,2011-08-19
21042,2005-01-14
21043,1997-07-04
21044,2009-01-20
21045,1997-07-15
21046,2008-02-22
21047,2009-04-04
21048,2013-12-20
21049,2003-10-22
21050,1998-06-20
21051,1997-02-22
21052,2023-03-11
21053,2019-07-25
21054,2010-10-20
21055,2011-09-04
21056,1998-11-20
21057,2010-09-28
21058,2003-07-17
21059,2016-08-29
21060,2003-02-03
21061,2010-03-20
21062,2013-07-10
21063,2023-03-13
21064,2000-11-11
21065,2016-06-21
21066,2002-04-19
21067,2012-08-21
21068,1997-11-27
21069,2011-12-18
21070,2012-09-20
21071,2014-11-26
21072,2005-12-15
21073,2018-10-23
21074,2024-06-09
21075,2006-11-21
21076,2007-10-05
21077,1999-11-17
21078,2005-10-20
21079,2015-10-07
21080,1997-09-24
21081,2017-10-31
21082,1996-03-14
21083,2009-10-06
21084,2020-10-06
21085,2008-06-12
21086,2002-12-14
21087,2009-01-26
21088,1999-01-04
21089,2001-10-31
21090,2004-12-03
21091,2013-12-11
21092,1998-10-29
21093,2024-10-15
21094,1996-01-25
21095,2000-02-21
21096,2024-10-31
21097,2003-11-10
21098,2004-10-05
21099,2009-01-08
21100,2022-10-12
21101,2005-03-30
21102,2010-04-15
21103,2015-11-16
21104,2001-06-30
21105,1997-06-14
21106,2018-01-23
21107,2014-11-26
21108,2002-12-30
21109,2021-01-19
21110,2008-04-25
21111,2014-11-14
21112,2006-11-13
21113,2000-10-11
21114,2017-07-06
21115,2012-07-30
21116,2010-09-13
21117,2014-11-22
21118,2013-07-31
21119,1996-07-29
21120,2014-06-18
21121,2006-12-23
21122,2006-02-22
21123,2011-12-03
21124,2002-10-06
21125,2006-10-20
21126,2014-06-19
21127,1998-08-15
21128,1999-09-28
21129,2009-11-14
21130,2009-07-24
21131,2011-03-05
21132,2017-03-04
21133,2015-05-25
21134,2012-03-13
21135,2024-09-25
21136,2010-10-28
21137,2024-11-18
21138,2020-07-31
21139,2020-03-04
21140,2010-09-23
21141,2019-11-10
21142,2012-12-06
21143,2014-05-08
21144,2002-04-21
21145,2021-08-18
21146,2001-11-19
21147,2007-09-23
21148,2018-03-18
21149,2002-12-14
21150,2017-12-18
21151,1997-11-01
21152,2002-11-23
21153,2019-08-25
21154,2019-12-20
21155,2021-05-09
21156,2020-11-18
21157,2016-07-22
21158,2024-08-31
21159,2023-11-09
21160,2016-12-01
21161,2011-06-28
21162,2020-08-27
21163,2005-04-15
21164,2008-03-27
21165,2022-08-27
21166,2015-03-03
21167,2002-11-24
21168,1997-11-19
21169,2016-04-20
21170,2010-08-24
21171,2001-03-07
21172,2004-02-25
21173,2006-02-01
21174,1997-07-27
21175,2024-10-24
21176,2010-04-28
21177,1998-08-14
21178,2005-05-10
21179,2002-01-27
21180,2011-02-19
21181,2006-08-26
21182,2008-07-21
21183,1997-12-15
21184,1998-02-22
21185,2018-09-05
21186,2011-10-24
21187,2000-11-19
21188,2020-09-05
21189,2020-06-20
21190,2010-03-07
21191,2011-09-21
21192,2018-01-16
21193,2016-02-04
21194,2006-03-15
21195,2002-04-25
21196,2016-01-12
21197,2017-02-27
21198,2024-11-24
21199,2021-08-28
21200,2016-04-07
21201,2019-06-04
21202,2019-05-06
21203,2014-08-04
21204,2017-09-23
21205,2010-05-12
21206,2011-01-21
21207,2019-08-11
21208,2020-08-06
21209,2017-07-21
21210,2013-07-31
21211,2006-08-09
21212,2019-07-21
21213,2010-11-29
21214,1999-02-17
21215,2017-09-26
21216,2013-04-02
21217,2018-05-15
21218,2012-06-17
21219,2023-10-09
21220,2015-07-22
21221,2018-09-08
21222,2021-11-08
21223,2022-09-03
21224,2019-03-26
21225,2014-03-12
21226,2007-04-20
21227,2016-10-24
21228,2006-08-01
21229,2022-08-16
21230,2005-08-07
21231,2020-12-09
21232,2005-02-17
21233,2010-06-29
21234,2013-12-17
21235,2013-06-14
21236,2018-03-23
21237,2013-01-31
21238,2022-02-22
21239,2007-12-08
21240,2022-06-29
21241,2022-07-29
21242,1999-04-26
21243,2019-06-17
21244,2003-08-27
21245,2001-10-05
21246,2011-04-06
21247,2012-04-27
21248,2009-01-26
21249,2015-04-19
21250,2018-07-10
21251,2017-05-30
21252,2002-11-05
21253,2011-10-22
21254,2004-12-16
21255,2007-05-27
21256,2018-09-04
21257,2011-06-22
21258,2015-10-11
21259,2022-07-09
21260,2004-11-11
21261,2005-02-16
21262,2023-08-13
21263,2004-08-24
21264,1998-10-09
21265,2020-05-05
21266,2000-05-01
21267,2011-06-01
21268,2009-09-10
21269,2000-01-09
21270,1997-06-07
21271,2023-08-19
21272,2002-03-02
21273,1995-10-24
21274,2023-06-24
21275,2018-02-04
21276,2002-09-06
21277,2021-05-20
21278,2002-10-21
21279,2016-04-24
21280,2003-07-16
21281,2006-08-23
21282,2010-08-10
21283,2012-11-21
21284,2019-12-30
21285,2006-07-11
21286,2022-11-12
21287,2016-08-17
21288,2002-06-07
21289,2018-12-10
21290,2024-04-12
21291,2021-11-23
21292,2004-05-07
21293,2009-09-07
21294,2022-11-07
21295,2013-04-28
21296,2023-11-22
21297,2018-05-11
21298,2022-02-09
21299,2017-08-31
21300,1998-03-20
21301,2003-11-25
21302,2007-08-06
21303,2024-10-07
21304,2017-04-09
21305,2002-07-01
21306,2005-08-03
21307,2024-10-14
21308,2014-12-05
21309,2000-10-14
21310,2015-11-24
21311,2011-09-30
21312,2009-12-07
21313,2010-08-20
21314,2001-10-27
21315,2012-09-19
21316,1996-09-08
21317,2002-05-18
21318,2024-04-03
21319,2020-08-27
21320,2003-09-13
21321,2001-03-02
21322,2023-04-27
21323,2021-06-04
21324,1997-06-30
21325,2017-11-15
21326,2005-12-10
21327,2011-04-05
21328,1996-05-29
21329,2002-03-27
21330,2013-03-31
21331,2005-01-09
21332,2023-06-07
21333,1996-05-22
21334,2008-02-09
21335,2000-03-15
21336,2005-07-29
21337,2024-05-16
21338,1999-03-14
21339,2008-04-08
21340,2014-04-16
21341,2016-03-14
21342,1999-08-28
21343,2021-04-19
21344,1996-07-28
21345,2002-09-21
21346,2017-01-28
21347,1997-12-12
21348,2022-12-11
21349,1997-11-29
21350,2009-09-25
21351,1996-11-26
21352,2002-01-01
21353,1997-06-30
21354,2018-06-28
21355,2014-02-24
21356,1996-06-10
21357,1997-04-20
21358,2014-10-15
21359,2009-01-02
21360,2022-05-29
21361,2009-12-08
21362,2022-03-28
21363,2010-09-28
21364,2006-12-29
21365,2001-05-07
21366,2020-12-10
21367,1998-02-12
21368,2010-04-04
21369,2007-07-11
21370,2011-03-13
21371,2022-02-05
21372,2001-02-09
21373,2024-12-15
21374,2007-12-22
21375,2019-06-18
21376,2005-12-20
21377,1995-12-09
21378,2024-05-03
21379,2002-07-20
21380,2016-08-26
21381,2023-06-13
21382,2020-10-04
21383,1997-07-02
21384,2019-02-26
21385,1999-05-19
21386,2008-01-27
21387,2019-03-25
21388,2008-03-28
21389,2021-08-18
21390,2003-12-12
21391,2005-07-12
21392,1997-09-28
21393,2000-03-01
21394,2017-09-27
21395,2017-09-03
21396,2017-01-18
21397,2023-08-13
21398,2003-01-23
21399,2001-07-27
21400,2007-07-20
21401,2008-07-08
21402,2015-12-06
21403,2022-02-28
21404,2014-11-25
21405,2020-09-28
21406,2021-03-15
21407,2004-07-02
21408,2019-04-07
21409,2013-07-24
21410,2022-05-20
21411,2023-02-17
21412,2023-08-28
21413,2010-11-01
21414,2014-03-25
21415,2023-04-30
21416,1999-11-26
21417,2014-10-03
21418,2021-04-05
21419,1998-06-14
21420,1996-06-20
21421,2020-02-21
21422,2019-12-05
21423,2006-10-05
21424,2024-03-22
21425,2018-04-25
21426,2009-08-25
21427,2024-10-21
21428,2024-01-29
21429,2001-06-22
21430,2012-11-20
21431,2022-11-08
21432,2000-11-03
21433,1999-08-07
21434,2004-10-26
21435,1997-01-31
21436,2009-09-14
21437,1996-09-09
21438,2023-05-15
21439,2014-12-21
21440,2017-05-26
21441,2012-08-19
21442,2006-02-27
21443,2023-06-18
21444,2006-12-18
21445,2020-05-26
21446,2017-01-04
21447,2013-11-22
21448,2011-02-04
21449,2014-07-15
21450,2021-01-17
21451,2001-03-19
21452,2001-11-29
21453,2016-10-25
21454,2018-10-04
21455,1998-08-29
21456,2011-10-18
21457,2022-02-27
21458,2006-01-28
21459,2017-07-23
21460,2024-04-25
21461,2001-05-13
21462,1997-10-15
21463,2018-08-31
21464,2020-08-23
21465,2011-02-25
21466,2006-04-15
21467,1997-07-09
21468,2021-08-30
21469,2019-10-21
21470,1999-05-27
21471,2014-03-11
21472,2014-12-18
21473,2011-10-03
21474,2018-07-19
21475,2008-08-17
21476,2012-03-20
21477,2004-08-13
21478,2014-10-29
21479,2008-03-21
21480,2010-12-25
21481,2014-11-07
21482,2024-03-26
21483,2023-07-10
21484,2016-07-12
21485,2004-04-01
21486,1996-11-10
21487,2002-07-15
21488,1997-08-19
21489,2006-12-07
21490,2007-05-06
21491,2012-12-17
21492,1996-02-27
21493,2010-05-11
21494,2005-10-03
21495,1996-11-04
21496,2006-09-08
21497,2016-07-31
21498,2001-11-19
21499,2022-01-19
21500,2005-03-17
21501,2002-06-17
21502,2018-11-28
21503,2022-07-22
21504,2012-05-09
21505,2013-02-10
21506,2004-01-25
21507,1995-12-04
21508,2012-11-18
21509,1999-03-10
21510,2002-09-17
21511,2022-11-08
21512,2019-04-25
21513,1996-02-19
21514,2018-10-19
21515,2003-05-11
21516,2013-02-15
21517,2006-10-30
21518,2011-08-31
21519,2000-08-16
21520,2001-07-25
21521,2012-07-10
21522,2011-07-29
21523,2020-07-14
21524,2014-03-02
21525,2008-02-08
21526,1997-08-16
21527,1999-06-29
21528,2009-03-08
21529,2003-02-07
21530,2012-02-20
21531,2016-11-27
21532,2023-01-28
21533,2004-08-28
21534,2002-11-23
21535,2003-02-09
21536,2019-08-11
21537,2009-10-31
21538,2021-05-02
21539,2020-10-23
21540,2013-07-13
21541,2005-05-11
21542,2019-06-23
21543,2007-12-12
21544,2007-01-05
21545,2011-08-10
21546,2011-04-11
21547,2004-09-22
21548,2000-03-31
21549,2012-07-20
21550,1997-10-03
21551,2016-04-02
21552,2018-03-17
21553,2018-01-20
21554,2009-08-04
21555,1996-02-18
21556,2008-03-26
21557,1996-03-11
21558,2023-03-20
21559,2024-07-13
21560,2014-07-11
21561,2004-06-26
21562,2016-11-29
21563,2006-08-13
21564,2007-04-17
21565,2007-01-10
21566,2006-02-10
21567,2002-05-12
21568,2011-03-18
21569,2011-05-16
21570,2011-07-12
21571,2008-10-29
21572,1998-12-19
21573,1999-12-18
21574,2008-08-02
21575,1997-12-16
21576,2022-02-16
21577,2001-08-26
21578,1996-01-02
21579,1999-02-08
21580,2008-09-13
21581,2002-06-20
21582,2013-03-28
21583,2013-07-17
21584,2021-03-12
21585,2021-04-01
21586,2022-04-14
21587,2000-01-20
21588,1998-01-02
21589,2009-10-21
21590,2018-10-10
21591,2009-01-09
21592,2009-10-17
21593,2021-03-18
21594,1999-01-29
21595,2003-02-06
21596,2006-02-13
21597,2013-10-09
21598,2005-11-19
21599,2021-01-16
21600,2019-10-10
21601,2007-09-17
21602,2010-11-17
21603,2006-05-14
21604,2010-06-06
21605,2015-05-01
21606,2019-01-25
21607,1997-05-15
21608,2000-02-09
21609,2006-07-22
21610,2017-06-02
21611,2003-02-27
21612,2001-08-07
21613,1996-06-06
21614,2002-03-12
21615,2011-03-13
21616,2004-01-31
21617,2004-09-04
21618,2018-04-30
21619,2024-04-28
21620,2013-12-27
21621,2002-06-07
21622,1998-10-19
21623,2005-08-06
21624,1997-11-10
21625,2017-09-07
21626,2001-05-03
21627,2019-05-01
21628,2020-12-17
21629,2017-01-26
21630,2015-06-16
21631,1999-02-16
21632,2013-06-24
21633,2012-07-03
21634,2009-12-18
21635,2016-10-22
21636,1996-03-19
21637,2005-06-03
21638,2017-10-31
21639,2002-10-07
21640,2008-09-14
21641,2014-05-19
21642,2002-04-13
21643,1996-02-10
21644,2018-01-28
21645,2019-04-28
21646,2017-08-09
21647,2006-07-04
21648,2016-04-18
21649,2017-08-08
21650,2014-01-05
21651,2024-02-12
21652,1999-12-29
21653,2017-01-03
21654,2013-04-09
21655,2007-11-01
21656,2003-05-30
21657,1998-10-22
21658,2003-05-22
21659,2010-09-25
21660,2015-04-14
21661,2018-03-23
21662,2021-08-11
21663,2001-02-26
21664,2002-08-28
21665,2011-11-29
21666,2024-09-09
21667,2021-01-01
21668,2007-09-04
21669,2002-08-15
21670,2016-02-23
21671,2007-04-09
21672,2019-04-30
21673,2020-10-30
21674,2009-05-17
21675,2007-10-12
21676,2023-11-24
21677,2006-12-19
21678,2019-10-09
21679,1998-03-31
21680,2009-07-11
21681,2008-09-17
21682,1999-07-01
21683,2018-08-17
21684,2002-04-02
21685,2006-05-03
21686,2022-06-13
21687,1999-12-18
21688,1998-09-27
21689,2009-01-26
21690,2024-01-09
21691,2022-12-19
21692,2015-04-29
21693,2015-12-17
21694,2011-09-17
21695,2020-11-06
21696,2024-01-15
21697,1997-05-24
21698,2010-05-20
21699,2010-10-15
21700,2011-07-12
21701,2015-04-30
21702,2005-01-10
21703,2013-01-06
21704,2005-02-18
21705,2022-05-25
21706,2021-12-14
21707,2019-05-13
21708,2002-09-10
21709,2013-07-18
21710,2024-11-09
21711,2007-08-18
21712,1998-10-08
21713,2010-07-10
21714,2007-02-26
21715,2013-05-25
21716,2000-02-15
21717,2024-06-20
21718,2002-11-18
21719,2010-08-11
21720,2020-10-06
21721,2022-07-15
21722,2015-12-21
21723,2018-01-01
21724,2004-02-26
21725,2002-11-03
21726,2001-08-16
21727,2016-08-27
21728,1996-11-25
21729,2012-07-15
21730,2023-01-30
21731,2012-12-29
21732,2003-10-20
21733,2015-07-02
21734,1996-11-23
21735,2020-06-04
21736,2012-12-28
21737,2020-03-07
21738,2015-09-18
21739,2007-07-27
21740,2011-09-26
21741,1997-10-18
21742,2006-10-05
21743,2010-05-11
21744,2023-02-10
21745,2024-09-30
21746,2012-06-05
21747,2000-08-21
21748,2017-06-22
21749,2010-07-21
21750,2017-12-18
21751,2002-06-11
21752,2008-08-20
21753,2020-11-28
21754,2005-02-09
21755,2017-11-07
21756,1998-04-27
21757,2007-05-27
21758,2004-09-30
21759,2014-12-04
21760,2006-11-21
21761,2012-04-11
21762,2011-07-13
21763,2002-04-26
21764,2001-08-03
21765,2018-10-27
21766,2001-07-13
21767,1997-12-24
21768,2015-04-04
21769,2012-11-19
21770,2010-05-24
21771,2003-01-17
21772,2023-08-25
21773,2011-09-11
21774,2019-05-07
21775,2003-03-08
21776,2013-01-16
21777,2023-05-25
21778,1999-09-28
21779,2016-12-23
21780,2015-07-09
21781,2009-08-01
21782,1999-11-26
21783,2016-02-28
21784,2013-12-23
21785,1999-11-03
21786,2023-02-21
21787,1996-05-31
21788,2019-04-19
21789,2015-03-31
21790,2002-01-08
21791,2013-07-22
21792,1997-08-20
21793,2015-10-11
21794,1997-07-06
21795,2000-08-29
21796,2018-12-17
21797,2006-10-13
21798,1997-12-21
21799,2024-07-05
21800,2005-06-15
21801,2021-12-01
21802,2021-10-27
21803,2001-01-31
21804,1998-06-15
21805,2018-09-07
21806,2020-02-23
21807,2008-12-02
21808,2017-04-21
21809,2013-07-24
21810,2007-05-08
21811,2004-04-11
21812,2022-11-27
21813,2011-01-23
21814,2013-03-31
21815,2013-02-23
21816,2024-12-06
21817,1997-10-25
21818,2003-07-07
21819,2021-02-02
21820,2008-07-17
21821,1996-10-18
21822,1996-12-08
21823,2002-10-01
21824,2004-07-20
21825,2009-04-19
21826,1999-12-07
21827,2003-11-27
21828,2002-11-09
21829,2009-08-26
21830,2019-02-13
21831,2015-04-13
21832,2013-01-20
21833,2008-05-09
21834,1998-08-26
21835,2004-04-30
21836,2019-01-05
21837,2022-10-14
21838,2019-11-28
21839,1997-10-17
21840,2002-02-22
21841,2015-12-17
21842,2022-02-20
21843,2012-04-17
21844,2002-03-28
21845,2004-08-05
21846,2017-08-06
21847,2006-01-22
21848,2015-10-21
21849,1998-03-17
21850,2017-09-16
21851,2018-07-26
21852,1996-06-06
21853,2006-11-24
21854,2008-06-20
21855,2010-06-30
21856,2022-02-12
21857,1996-07-16
21858,2015-12-24
21859,2005-03-19
21860,2008-03-09
21861,2002-10-20
21862,2013-09-29
21863,2022-05-08
21864,2023-11-15
21865,1997-10-14
21866,1999-01-07
21867,1995-11-13
21868,2007-12-03
21869,2023-04-06
21870,2020-07-02
21871,2015-04-20
21872,2010-01-06
21873,2006-06-26
21874,2002-09-17
21875,2019-03-28
21876,2019-04-29
21877,2019-11-20
21878,1995-12-18
21879,2022-03-15
21880,2010-09-09
21881,2015-11-26
21882,2002-03-09
21883,2005-02-24
21884,2004-03-21
21885,2012-12-01
21886,2023-09-01
21887,2023-04-22
21888,2005-04-27
21889,2018-09-05
21890,2017-05-30
21891,2004-07-19
21892,2007-03-04
21893,2015-07-02
21894,2018-07-16
21895,1998-12-18
21896,2001-01-24
21897,2022-04-07
21898,2022-12-07
21899,2007-09-01
21900,2011-12-17
21901,2024-08-19
21902,2015-06-03
21903,1996-06-15
21904,2002-03-06
21905,2006-11-01
21906,2000-07-15
21907,1997-06-29
21908,2023-08-31
21909,2019-06-12
21910,2001-06-24
21911,2001-09-27
21912,2012-08-30
21913,2009-07-01
21914,2023-07-28
21915,2008-03-21
21916,1999-09-03
21917,2024-04-03
21918,2018-07-26
21919,2016-03-13
21920,2012-10-05
21921,2022-03-27
21922,2018-04-29
21923,2013-01-13
21924,2021-05-04
21925,2021-10-16
21926,2007-10-11
21927,1998-06-20
21928,2004-06-26
21929,2020-04-12
21930,2009-01-21
21931,2017-04-08
21932,2013-06-12
21933,2004-09-22
21934,2020-07-19
21935,2013-05-06
21936,2018-09-10
21937,1998-09-05
21938,2011-02-20
21939,2002-10-31
21940,2010-07-14
21941,2011-01-30
21942,2008-04-04
21943,2005-02-04
21944,2011-05-18
21945,2019-12-25
21946,2019-06-19
21947,2009-02-01
21948,2020-11-07
21949,1997-08-10
21950,2024-10-02
21951,2018-09-08
21952,2019-10-31
21953,1996-01-11
21954,2014-07-27
21955,2009-10-27
21956,2010-03-09
21957,2006-04-26
21958,2005-11-01
21959,2016-10-23
21960,2014-12-12
21961,2016-05-18
21962,2007-08-16
21963,2007-11-10
21964,2017-11-21
21965,2014-08-08
21966,2000-01-23
21967,2023-11-22
21968,2008-05-03
21969,1998-12-05
21970,2000-12-08
21971,2018-05-13
21972,2023-11-15
21973,1997-10-11
21974,2004-04-22
21975,2023-05-24
21976,1996-08-20
21977,2009-04-22
21978,1997-06-02
21979,2009-03-23
21980,1996-05-15
21981,2018-05-24
21982,2005-07-28
21983,1996-03-10
21984,2004-02-16
21985,2021-04-29
21986,2014-01-04
21987,1996-08-14
21988,2022-06-05
21989,2018-11-28
21990,2007-12-27
21991,2024-02-29
21992,2018-06-24
21993,2021-06-25
21994,2016-11-18
21995,2023-05-16
21996,2003-10-13
21997,2011-07-19
21998,2007-09-12
21999,2017-10-19
22000,2002-06-29
22001,2005-02-05
22002,2001-04-15
22003,2006-04-25
22004,2012-05-06
22005,2013-05-13
22006,2000-05-16
22007,2011-02-06
22008,2004-10-20
22009,2013-02-11
22010,2018-07-16
22011,2009-03-10
22012,2000-02-18
22013,2016-08-29
22014,2022-03-08
22015,2018-07-15
22016,2019-08-10
22017,2016-12-19
22018,2010-06-19
22019,1999-08-13
22020,2020-09-29
22021,2015-04-20
22022,2022-01-29
22023,2020-08-28
22024,2002-06-20
22025,2012-10-30
22026,2008-04-20
22027,2014-03-22
22028,2014-07-18
22029,2020-03-15
22030,1997-10-13
22031,2004-08-15
22032,2007-07-09
22033,2001-10-27
22034,2016-07-29
22035,2018-04-08
22036,2006-08-24
22037,2008-07-04
22038,2002-11-03
22039,2004-01-18
22040,2011-07-08
22041,2021-05-08
22042,1996-01-12
22043,1997-09-14
22044,2015-02-11
22045,2020-05-20
22046,2024-05-23
22047,2021-05-01
22048,2013-08-08
22049,2006-02-13
22050,1999-03-29
22051,2011-01-19
22052,2011-05-04
22053,1999-05-11
22054,2024-02-19
22055,2018-05-30
22056,2002-01-17
22057,2001-12-22
22058,2000-07-29
22059,2021-12-08
22060,2010-11-05
22061,2009-09-23
22062,2024-03-19
22063,2008-12-01
22064,2019-09-22
22065,2000-06-27
22066,2001-08-16
22067,2024-05-29
22068,1999-08-10
22069,2016-03-07
22070,2001-08-25
22071,1998-10-13
22072,2013-02-06
22073,2010-12-11
22074,2002-10-14
22075,2005-11-01
22076,2014-02-11
22077,2017-08-30
22078,2009-05-19
22079,2000-02-22
22080,2014-02-28
22081,2024-09-19
22082,1996-11-25
22083,1996-07-10
22084,2016-10-03
22085,2008-12-12
22086,2002-06-30
22087,2001-03-10
22088,1998-10-08
22089,1998-04-27
22090,1998-09-28
22091,2009-01-28
22092,2019-01-06
22093,2006-12-17
22094,2000-09-19
22095,2012-07-20
22096,2012-02-23
22097,2011-01-07
22098,2024-09-08
22099,2020-06-08
22100,1995-12-01
22101,2015-04-30
22102,2017-11-21
22103,2014-11-28
22104,2023-02-02
22105,2023-06-24
22106,2007-05-20
22107,2020-01-24
22108,2009-06-30
22109,2007-05-22
22110,1999-10-21
22111,2018-05-08
22112,2004-04-28
22113,2005-03-17
22114,2006-09-28
22115,1998-07-12
22116,2005-06-05
22117,2007-12-05
22118,1998-10-20
22119,2012-12-28
22120,2022-09-02
22121,2000-06-20
22122,1999-09-07
22123,2011-06-22
22124,2006-12-03
22125,2022-06-01
22126,2001-03-19
22127,2006-07-28
22128,2007-10-20
22129,2022-03-20
22130,1996-11-06
22131,2011-04-12
22132,2014-02-26
22133,2015-10-16
22134,2012-06-26
22135,2009-02-20
22136,2018-12-12
22137,2015-01-19
22138,2012-12-26
22139,2022-05-02
22140,1999-06-26
22141,2002-10-09
22142,2018-10-01
22143,2023-06-12
22144,2024-02-03
22145,2011-11-26
22146,2017-09-04
22147,2000-06-21
22148,2000-01-30
22149,2019-10-12
22150,2011-04-07
22151,2010-05-15
22152,2023-07-25
22153,1998-07-18
22154,2013-05-06
22155,2022-09-25
22156,2013-04-27
22157,2001-01-09
22158,2022-11-16
22159,2002-09-30
22160,2014-08-05
22161,2022-12-22
22162,2002-01-16
22163,2003-06-26
22164,2016-03-30
22165,2001-05-28
22166,2019-06-24
22167,2020-10-04
22168,2011-03-06
22169,2001-09-27
22170,2018-12-13
22171,2015-12-13
22172,1996-08-14
22173,2003-12-31
22174,2006-08-10
22175,2019-01-06
22176,2004-06-15
22177,1996-06-09
22178,2012-08-31
22179,2006-04-04
22180,2022-04-22
22181,2004-09-25
22182,2000-11-16
22183,2013-11-01
22184,2015-12-02
22185,2021-04-17
22186,2021-10-29
22187,2007-12-25
22188,2021-08-25
22189,2018-01-15
22190,2015-12-26
22191,2007-08-23
22192,2016-12-12
22193,2017-06-03
22194,2022-05-17
22195,2015-08-20
22196,2002-02-22
22197,2006-06-30
22198,2014-03-19
22199,2005-10-29
22200,2012-07-14
22201,1998-12-30
22202,2011-10-29
22203,2015-11-19
22204,2013-05-22
22205,2011-10-06
22206,2011-01-03
22207,1996-02-14
22208,2005-07-11
22209,1998-10-13
22210,2021-12-29
22211,2010-11-06
22212,1996-08-09
22213,2015-05-27
22214,2024-04-20
22215,2011-03-19
22216,2015-08-20
22217,2021-01-30
22218,2007-09-27
22219,2002-07-15
22220,2016-12-21
22221,2003-03-25
22222,2009-04-13
22223,2002-05-24
22224,2018-02-05
22225,1998-08-21
22226,2016-11-18
22227,2006-06-25
22228,2019-07-16
22229,2008-07-27
22230,2005-02-11
22231,2000-11-11
22232,2016-05-13
22233,1995-10-21
22234,2009-08-23
22235,2017-12-27
22236,2012-02-24
22237,2015-06-26
22238,1997-04-05
22239,2013-02-13
22240,2013-01-06
22241,2010-08-01
22242,2015-08-08
22243,2018-12-16
22244,2000-09-11
22245,2006-12-07
22246,2020-03-11
22247,1996-06-28
22248,2002-01-14
22249,2011-03-26
22250,2018-05-07
22251,1997-03-05
22252,2023-02-22
22253,2003-01-16
22254,2006-10-11
22255,2019-04-21
22256,2002-09-08
22257,2015-06-04
22258,2014-11-25
22259,2014-03-23
22260,2016-11-01
22261,2015-09-08
22262,2004-05-08
22263,2018-12-24
22264,2003-06-21
22265,2016-01-30
22266,2007-09-26
22267,2001-12-02
22268,2002-06-13
22269,2016-01-14
22270,2011-11-13
22271,2022-04-03
22272,2003-12-12
22273,2020-01-20
22274,2005-08-21
22275,2021-02-03
22276,1996-11-11
22277,2008-12-13
22278,2003-06-07
22279,2019-06-09
22280,2017-03-06
22281,2002-08-08
22282,2020-07-17
22283,2001-05-21
22284,2008-07-08
22285,2021-09-24
22286,2023-11-05
22287,2019-11-20
22288,2021-09-07
22289,2003-12-07
22290,2002-01-04
22291,2007-02-22
22292,2006-04-21
22293,2024-05-04
22294,2000-07-31
22295,2008-06-29
22296,2005-11-29
22297,2015-08-24
22298,2013-06-14
22299,2004-07-30
22300,2012-01-05
22301,2005-08-10
22302,1996-01-13
22303,2012-12-20
22304,2002-09-11
22305,2008-11-27
22306,1997-04-01
22307,2024-01-15
22308,1999-11-21
22309,2020-06-22
22310,2014-05-15
22311,2003-04-02
22312,2013-01-15
22313,1996-04-20
22314,2004-11-18
22315,2020-03-09
22316,2003-06-09
22317,2005-07-11
22318,2010-08-24
22319,1999-10-13
22320,2017-10-22
22321,2006-04-17
22322,2023-01-05
22323,2010-08-26
22324,2013-03-13
22325,2015-11-22
22326,2021-05-02
22327,2019-04-21
22328,2008-08-14
22329,2009-01-06
22330,2003-04-30
22331,2011-09-27
22332,2012-02-11
22333,2021-09-27
22334,2019-09-13
22335,2000-11-11
22336,2011-12-16
22337,2002-11-26
22338,1997-10-08
22339,2000-08-02
22340,1997-04-01
22341,2001-05-13
22342,2006-07-23
22343,2007-02-17
22344,2001-10-16
22345,1999-05-06
22346,2012-12-04
22347,2008-05-05
22348,2002-04-08
22349,2016-09-14
22350,2002-12-09
22351,2008-11-22
22352,2008-01-01
22353,2014-02-19
22354,2014-09-30
22355,1997-11-04
22356,2024-07-26
22357,1996-06-11
22358,1998-03-31
22359,2024-12-07
22360,2007-02-17
22361,2009-05-08
22362,2017-10-11
22363,1999-09-10
22364,2006-06-05
22365,2000-10-20
22366,2017-10-02
22367,2017-11-02
22368,2020-04-16
22369,2020-05-08
22370,2002-03-23
22371,2017-06-24
22372,2019-11-04
22373,2007-05-02
22374,2022-05-31
22375,2014-03-09
22376,2018-11-30
22377,2003-05-07
22378,2007-02-27
22379,2012-08-30
22380,2023-01-09
22381,1995-11-19
22382,2005-05-25
22383,2012-07-18
22384,2004-04-26
22385,2001-09-13
22386,2010-08-15
22387,2019-12-03
22388,2004-05-08
22389,2021-07-12
22390,1998-04-28
22391,2003-05-11
22392,2005-11-02
22393,2009-06-17
22394,2006-08-01
22395,2021-10-05
22396,2018-03-24
22397,1996-08-26
22398,2010-08-26
22399,1998-04-30
22400,2013-12-08
22401,1997-10-13
22402,2012-06-10
22403,2005-09-16
22404,2004-04-05
22405,2004-09-24
22406,2022-10-23
22407,2018-08-07
22408,2011-06-27
22409,2020-07-02
22410,1996-03-17
22411,2004-10-29
22412,1998-12-13
22413,1998-01-19
22414,2024-02-20
22415,2016-11-07
22416,2003-08-14
22417,2000-11-29
22418,2009-04-20
22419,2004-01-28
22420,2021-05-02
22421,2015-07-12
22422,1998-01-21
22423,2003-05-03
22424,2002-11-23
22425,2007-07-15
22426,1995-11-24
22427,2008-02-01
22428,2000-05-13
22429,2011-11-06
22430,1997-07-28
22431,2009-12-07
22432,2022-08-18
22433,2003-09-06
22434,1996-03-18
22435,1998-02-07
22436,2008-03-03
22437,2015-02-21
22438,1999-12-12
22439,2011-06-13
22440,2004-07-11
22441,2023-02-21
22442,2023-09-30
22443,2007-07-09
22444,2022-04-09
22445,2005-04-16
22446,2017-10-16
22447,2000-12-22
22448,2001-04-08
22449,2005-02-28
22450,2001-04-14
22451,2005-04-27
22452,2019-03-28
22453,2021-07-16
22454,2011-04-13
22455,2003-01-13
22456,2015-04-12
22457,2018-02-17
22458,2013-04-18
22459,2011-06-25
22460,1997-04-28
22461,2005-02-15
22462,2011-10-26
22463,2014-10-11
22464,2024-12-02
22465,2004-02-06
22466,2007-08-18
22467,1995-12-19
22468,2015-08-17
22469,2016-07-07
22470,1996-04-25
22471,2015-05-03
22472,2022-02-02
22473,2003-05-08
22474,2018-12-02
22475,2005-03-21
22476,2010-04-05
22477,2000-08-20
22478,2009-02-08
22479,2010-04-17
22480,2016-03-25
22481,2000-04-26
22482,2012-10-10
22483,2003-01-13
22484,2005-03-12
22485,2013-11-12
22486,2006-04-07
22487,1999-07-11
22488,2009-01-26
22489,2009-03-19
22490,2020-08-25
22491,2013-04-27
22492,2024-08-17
22493,2024-03-24
22494,2019-04-07
22495,1998-06-02
22496,2001-11-23
22497,2022-10-23
22498,2005-02-26
22499,2006-08-19
22500,2020-02-18
22501,2011-03-03
22502,2020-01-29
22503,2001-04-12
22504,2009-07-25
22505,2010-11-25
22506,2016-04-02
22507,2013-08-19
22508,2019-01-31
22509,2022-09-23
22510,2000-05-13
22511,2008-10-15
22512,2007-05-29
22513,1997-06-30
22514,2010-12-11
22515,2021-10-17
22516,1999-12-25
22517,1999-09-15
22518,2023-01-14
22519,2015-06-19
22520,2022-01-23
22521,2010-12-24
22522,2015-07-14
22523,2024-05-17
22524,2014-05-03
22525,1995-11-08
22526,2007-12-04
22527,2021-08-06
22528,2014-01-31
22529,2012-10-26
22530,2009-03-26
22531,2005-12-06
22532,2000-07-24
22533,2020-02-23
22534,2017-12-21
22535,2009-03-23
22536,2007-12-21
22537,2024-11-06
22538,2003-01-03
22539,2002-09-28
22540,2008-03-03
22541,2017-01-18
22542,2001-08-05
22543,2011-04-16
22544,2004-10-25
22545,2012-10-18
22546,2010-08-24
22547,2011-12-22
22548,2021-12-23
22549,2002-06-19
22550,2003-10-15
22551,2008-08-07
22552,2013-04-20
22553,1998-05-06
22554,2020-01-19
22555,2018-10-04
22556,2021-05-06
22557,1998-11-21
22558,1998-07-23
22559,2007-03-06
22560,2023-03-31
22561,2012-02-26
22562,2000-01-06
22563,1999-05-08
22564,2022-12-11
22565,2003-08-20
22566,2011-06-15
22567,2010-02-09
22568,2000-11-04
22569,2020-12-19
22570,2007-05-03
22571,2012-08-20
22572,2022-02-27
22573,2009-04-25
22574,2018-11-11
22575,2011-11-22
22576,2013-05-12
22577,2006-08-22
22578,2022-06-21
22579,1996-05-10
22580,2020-02-02
22581,2016-07-09
22582,1999-11-06
22583,2019-01-25
22584,2005-12-09
22585,2016-05-16
22586,2021-09-27
22587,2018-08-14
22588,2023-06-09
22589,2010-12-01
22590,2000-08-06
22591,1995-11-25
22592,2005-08-02
22593,2006-01-22
22594,2020-04-15
22595,1996-08-22
22596,2009-05-19
22597,1999-01-23
22598,2007-03-15
22599,2015-06-26
22600,2008-09-23
22601,2007-08-05
22602,2001-09-30
22603,2001-03-12
22604,2013-04-03
22605,1999-07-12
22606,2024-04-11
22607,2022-04-02
22608,2014-05-24
22609,2008-03-17
22610,2000-07-21
22611,2002-05-12
22612,2016-01-24
22613,1998-02-10
22614,2015-09-15
22615,2015-10-29
22616,2021-04-16
22617,1995-12-29
22618,2012-03-08
22619,2002-06-03
22620,2010-07-28
22621,2024-02-25
22622,2009-01-22
22623,2020-09-05
22624,2023-09-21
22625,2010-10-22
22626,1996-12-31
22627,2014-03-04
22628,2013-01-07
22629,1998-12-08
22630,2009-12-17
22631,2022-05-26
22632,2011-06-02
22633,1999-07-25
22634,2001-05-04
22635,2013-02-10
22636,1998-04-27
22637,2019-06-14
22638,2022-04-23
22639,2023-07-24
22640,2007-11-01
22641,2023-10-23
22642,2001-12-18
22643,1996-10-02
22644,2006-02-08
22645,2010-04-20
22646,2009-08-06
22647,2006-02-01
22648,2023-06-29
22649,1996-02-14
22650,1998-06-21
22651,2023-08-11
22652,1996-08-20
22653,2004-03-16
22654,2016-08-20
22655,2010-04-14
22656,2008-01-26
22657,2014-01-29
22658,2015-04-12
22659,2004-10-17
22660,2001-02-13
22661,2011-09-21
22662,2022-05-12
22663,2007-04-10
22664,2012-02-29
22665,2010-12-06
22666,2004-01-01
22667,2005-09-26
22668,2016-07-28
22669,2012-02-13
22670,2001-07-21
22671,2017-04-30
22672,2002-07-24
22673,1998-09-06
22674,2009-09-15
22675,2019-12-08
22676,2007-05-20
22677,2014-05-26
22678,2022-06-23
22679,1997-05-17
22680,2003-06-30
22681,2017-12-22
22682,2021-02-16
22683,2005-08-12
22684,2015-09-10
22685,2022-12-23
22686,2019-11-05
22687,2005-01-03
22688,2000-01-24
22689,2009-12-14
22690,2018-03-12
22691,2007-01-15
22692,2002-03-30
22693,2010-01-10
22694,2000-05-27
22695,2002-11-09
22696,2016-11-30
22697,2015-11-01
22698,2000-09-22
22699,2014-12-12
22700,2004-01-26
22701,2004-09-01
22702,2018-10-26
22703,2004-01-22
22704,2009-11-26
22705,2005-05-22
22706,1998-05-16
22707,2021-04-13
22708,2019-01-26
22709,2013-12-14
22710,2015-09-01
22711,2016-05-08
22712,2018-03-29
22713,2004-11-24
22714,1998-07-14
22715,2006-12-04
22716,2022-11-21
22717,2001-02-25
22718,2006-12-17
22719,1997-05-20
22720,2014-01-23
22721,2006-03-13
22722,2005-09-18
22723,2012-03-13
22724,2023-04-18
22725,2015-09-10
22726,2014-04-11
22727,2004-02-27
22728,2009-11-08
22729,2021-01-02
22730,2019-04-16
22731,2016-09-04
22732,2015-10-08
22733,2014-08-27
22734,2002-10-06
22735,2024-07-31
22736,2007-02-13
22737,2013-11-05
22738,2023-06-22
22739,2017-08-02
22740,2001-08-26
22741,2001-03-31
22742,2018-11-16
22743,2019-01-11
22744,1996-06-21
22745,2007-01-25
22746,2024-11-29
22747,1996-04-13
22748,2000-05-16
22749,1998-02-18
22750,2002-10-01
22751,2023-03-24
22752,2003-10-07
22753,2008-10-09
22754,2001-12-21
22755,2011-07-02
22756,1996-09-05
22757,2023-03-31
22758,1998-12-10
22759,2006-11-16
22760,2021-04-06
22761,2001-03-04
22762,1997-05-05
22763,1998-12-01
22764,2009-04-21
22765,1999-02-15
22766,2022-12-05
22767,2019-12-28
22768,2007-10-10
22769,2009-06-19
22770,2004-08-06
22771,2007-10-26
22772,2012-06-21
22773,2021-08-16
22774,2011-04-12
22775,2008-01-25
22776,2019-03-18
22777,2002-09-20
22778,2023-10-17
22779,2010-11-21
22780,2003-07-05
22781,2011-02-20
22782,2007-06-07
22783,2002-09-19
22784,2020-04-14
22785,2024-01-04
22786,1998-12-28
22787,2011-02-13
22788,2019-07-01
22789,2017-10-18
22790,2006-01-31
22791,2023-03-17
22792,2012-11-10
22793,1999-11-18
22794,1997-04-24
22795,2024-07-30
22796,2006-03-04
22797,2000-09-13
22798,2020-07-04
22799,1998-11-14
22800,2018-12-28
22801,1998-12-03
22802,2011-09-23
22803,2018-01-23
22804,2011-04-19
22805,2010-09-23
22806,2012-06-30
22807,2013-03-02
22808,2019-05-03
22809,2013-07-30
22810,2008-01-18
22811,2001-03-26
22812,1997-07-20
22813,2008-06-03
22814,2014-07-01
22815,2022-03-08
22816,2013-12-12
22817,2009-01-17
22818,2016-03-20
22819,2011-07-10
22820,2012-11-17
22821,2014-01-04
22822,1997-05-14
22823,1997-10-09
22824,2000-01-27
22825,2019-10-11
22826,2001-03-23
22827,2022-09-21
22828,2020-11-18
22829,2022-08-09
22830,2018-05-27
22831,2017-11-05
22832,2020-09-10
22833,2018-04-18
22834,2008-03-21
22835,2005-06-14
22836,2003-01-05
22837,2008-11-28
22838,2020-07-31
22839,2006-02-13
22840,2008-10-08
22841,2005-06-18
22842,2000-07-06
22843,2013-02-21
22844,2012-04-28
22845,1998-02-02
22846,2006-01-19
22847,1999-08-23
22848,2018-07-23
22849,1999-01-28
22850,2017-10-07
22851,2010-09-20
22852,1998-02-11
22853,2009-01-25
22854,2021-02-04
22855,2021-02-14
22856,2014-12-26
22857,2005-02-12
22858,2022-11-29
22859,2023-03-16
22860,2008-09-12
22861,2001-04-04
22862,2012-09-30
22863,2001-01-21
22864,2001-06-06
22865,2018-12-05
22866,2000-05-22
22867,2022-04-24
22868,2010-11-04
22869,2005-12-27
22870,2007-12-06
22871,2006-08-26
22872,2020-06-03
22873,1997-12-05
22874,2007-12-19
22875,2014-11-27
22876,2005-10-13
22877,2010-01-09
22878,2020-09-10
22879,2007-07-25
22880,1996-07-23
22881,2008-03-22
22882,2010-01-07
22883,2011-06-04
22884,1997-12-07
22885,1999-07-08
22886,2006-03-23
22887,1996-08-31
22888,2019-08-17
22889,2016-08-22
22890,2020-10-10
22891,2020-07-24
22892,2000-02-15
22893,1999-11-25
22894,2007-11-11
22895,2011-10-25
22896,2024-05-11
22897,2001-04-27
22898,2017-05-23
22899,2013-08-15
22900,2011-08-09
22901,1998-10-20
22902,2020-01-29
22903,1995-11-21
22904,2005-06-03
22905,2023-07-25
22906,1996-10-07
22907,2008-06-22
22908,2001-09-22
22909,2011-07-14
22910,2017-03-10
22911,1998-10-18
22912,2007-04-15
22913,2016-02-16
22914,2011-06-19
22915,2008-08-24
22916,1997-01-29
22917,2023-05-19
22918,2013-01-30
22919,2008-04-25
22920,2017-03-09
22921,2018-08-01
22922,2009-09-08
22923,2011-04-16
22924,1997-06-29
22925,2015-12-04
22926,2005-03-18
22927,2012-05-01
22928,2022-01-21
22929,2007-09-12
22930,2022-06-07
22931,2013-06-13
22932,2018-01-30
22933,2005-04-04
22934,2021-08-06
22935,2004-03-15
22936,2000-08-31
22937,2021-02-28
22938,2024-11-22
22939,2012-11-15
22940,2018-09-18
22941,2013-04-08
22942,1996-04-12
22943,2021-12-01
22944,2019-01-17
22945,1996-03-13
22946,1998-02-03
22947,2015-10-06
22948,2016-11-20
22949,2020-07-19
22950,2022-09-29
22951,1997-08-30
22952,2002-04-24
22953,2014-11-07
22954,2003-11-23
22955,2011-01-23
22956,2011-08-25
22957,2018-01-24
22958,2007-12-17
22959,2005-01-18
22960,2010-12-01
22961,1996-07-02
22962,1996-09-16
22963,2017-03-17
22964,2015-10-11
22965,2020-01-28
22966,2001-09-04
22967,2019-02-27
22968,2000-07-17
22969,2011-07-12
22970,2001-03-01
22971,2009-09-25
22972,2004-05-25
22973,2014-11-30
22974,2024-09-04
22975,2012-01-12
22976,2013-11-19
22977,2005-06-25
22978,2003-08-22
22979,2022-10-21
22980,2001-06-12
22981,2015-05-19
22982,2017-06-17
22983,2016-11-23
22984,1997-11-28
22985,2004-07-14
22986,2006-12-29
22987,2015-12-11
22988,2005-11-25
22989,1997-10-09
22990,2023-12-13
22991,2005-10-24
22992,2008-07-16
22993,2003-01-05
22994,2022-06-20
22995,1999-02-02
22996,2008-04-10
22997,2001-09-30
22998,2005-10-21
22999,2005-07-09
23000,2004-05-19
23001,2008-12-28
23002,2006-04-04
23003,2002-03-15
23004,2001-09-26
23005,2004-11-20
23006,2005-08-06
23007,1997-08-24
23008,2013-05-03
23009,2015-02-15
23010,2015-11-24
23011,2006-02-23
23012,2009-05-11
23013,2022-05-29
23014,2016-01-19
23015,1996-03-23
23016,2012-07-27
23017,2007-12-22
23018,2014-02-23
23019,2011-02-14
23020,2022-02-15
23021,1998-02-19
23022,2007-06-26
23023,2017-09-01
23024,2023-12-04
23025,2023-09-20
23026,2003-01-24
23027,2008-04-30
23028,2009-04-10
23029,2020-08-12
23030,2004-05-19
23031,2023-02-10
23032,2021-06-18
23033,2002-02-11
23034,2021-05-12
23035,2021-07-27
23036,2007-10-02
23037,1998-03-06
23038,2013-05-11
23039,2006-10-13
23040,1999-03-24
23041,2015-05-14
23042,2012-10-12
23043,2024-12-02
23044,2023-06-24
23045,2006-09-07
23046,2009-06-09
23047,2016-03-02
23048,1998-12-23
23049,2014-04-26
23050,2006-05-27
23051,2021-02-10
23052,1997-03-29
23053,2015-09-21
23054,2008-08-15
23055,2016-06-01
23056,2000-03-26
23057,2015-06-15
23058,2005-12-31
23059,2018-04-12
23060,2022-08-22
23061,2013-04-28
23062,2004-12-20
23063,2012-03-22
23064,2010-03-06
23065,2012-01-05
23066,2004-09-17
23067,2022-09-05
23068,2014-02-14
23069,2010-12-31
23070,2021-08-08
23071,2018-09-20
23072,2021-11-03
23073,2008-07-15
23074,2004-02-27
23075,1997-07-11
23076,2005-02-07
23077,1999-01-17
23078,2013-08-02
23079,1999-01-16
23080,2008-05-02
23081,2022-12-12
23082,2021-12-15
23083,1997-03-31
23084,2010-09-20
23085,2001-06-14
23086,2004-12-23
23087,2019-09-02
23088,2017-04-01
23089,2013-11-11
23090,1996-06-23
23091,2015-03-08
23092,2008-12-02
23093,2001-03-05
23094,2015-02-22
23095,1997-10-02
23096,2015-10-03
23097,2015-07-27
23098,2008-04-07
23099,2000-10-02
23100,2003-10-29
23101,2012-08-09
23102,2018-08-23
23103,2017-02-06
23104,2021-12-14
23105,2006-03-17
23106,2020-11-16
23107,2009-06-01
23108,1999-03-24
23109,2014-05-10
23110,2000-03-23
23111,2006-02-13
23112,2011-02-04
23113,2000-04-13
23114,2008-10-21
23115,2001-03-31
23116,2022-09-09
23117,2001-03-04
23118,2001-04-01
23119,1997-06-03
23120,2018-02-24
23121,2010-02-18
23122,2015-06-25
23123,2004-05-06
23124,2007-04-06
23125,2007-06-26
23126,2007-03-10
23127,2013-11-23
23128,2016-10-29
23129,2009-07-23
23130,2016-05-06
23131,2024-12-25
23132,2022-05-11
23133,2018-12-31
23134,2007-02-22
23135,2003-11-14
23136,2001-12-15
23137,2019-09-05
23138,2020-11-08
23139,2008-06-06
23140,2020-07-24
23141,2011-09-26
23142,2001-07-19
23143,2016-07-14
23144,2023-01-14
23145,2022-05-29
23146,2006-09-21
23147,2011-04-23
23148,2009-07-01
23149,1999-12-29
23150,2004-12-12
23151,2005-09-18
23152,2018-11-08
23153,2004-04-22
23154,1997-06-17
23155,2021-02-10
23156,2019-10-09
23157,2014-04-27
23158,2013-03-08
23159,2006-04-09
23160,2003-09-27
23161,1999-01-24
23162,2003-06-02
23163,2003-11-04
23164,2012-07-03
23165,2005-12-06
23166,2020-06-19
23167,2004-06-25
23168,1995-10-30
23169,2013-01-20
23170,2021-05-02
23171,2006-10-28
23172,1996-01-27
23173,1999-09-24
23174,2005-03-12
23175,2012-01-15
23176,1999-09-10
23177,2006-02-15
23178,2004-12-19
23179,2008-06-05
23180,1998-05-04
23181,2005-06-12
23182,2023-05-02
23183,2021-05-17
23184,2019-02-19
23185,2003-09-03
23186,2019-04-05
23187,2001-04-11
23188,2017-03-16
23189,2018-12-28
23190,2005-12-03
23191,1998-08-27
23192,2009-06-27
23193,1999-02-23
23194,1999-07-10
23195,2011-10-22
23196,2016-09-28
23197,2018-12-18
23198,2018-05-30
23199,2018-01-12
23200,2018-05-08
23201,2010-07-21
23202,1996-02-23
23203,2021-07-09
23204,2006-11-20
23205,2012-01-15
23206,2015-10-15
23207,2004-09-08
23208,2005-04-20
23209,2014-08-14
23210,1996-02-21
23211,2017-11-05
23212,2009-03-24
23213,2020-01-23
23214,1999-07-02
23215,2024-11-28
23216,2024-01-07
23217,1999-06-02
23218,2017-05-17
23219,2021-12-17
23220,2020-10-15
23221,1997-05-13
23222,2013-08-11
23223,2023-05-24
23224,2008-02-16
23225,2003-04-24
23226,2019-02-07
23227,2024-05-10
23228,1998-09-24
23229,2003-10-01
23230,2017-01-29
23231,2012-12-26
23232,2009-08-04
23233,2001-12-07
23234,1998-10-12
23235,2008-01-24
23236,2024-06-24
23237,2007-09-12
23238,2009-11-14
23239,2011-05-07
23240,2003-01-18
23241,2012-01-12
23242,1999-12-09
23243,2020-11-15
23244,2014-01-06
23245,2011-01-20
23246,2024-12-03
23247,2002-12-17
23248,1998-05-20
23249,2005-12-31
23250,2004-05-28
23251,1998-09-14
23252,2014-07-21
23253,2004-07-22
23254,2023-03-03
23255,2003-12-14
23256,2008-04-23
23257,2023-11-26
23258,2013-04-13
23259,1999-11-04
23260,1999-06-20
23261,2018-09-06
23262,2006-02-17
23263,1999-09-25
23264,2018-10-27
23265,2011-08-21
23266,2012-02-24
23267,2008-05-20
23268,2023-09-22
23269,2015-05-25
23270,2004-11-07
23271,2002-12-11
23272,2023-06-10
23273,1996-09-15
23274,2009-12-29
23275,2014-11-06
23276,1996-03-18
23277,1999-09-20
23278,2016-12-10
23279,2022-07-06
23280,1997-11-02
23281,2014-01-19
23282,2011-03-26
23283,2016-03-26
23284,2000-10-13
23285,2006-04-13
23286,2002-03-26
23287,2005-07-08
23288,1998-09-13
23289,2019-02-23
23290,2012-11-07
23291,2021-01-04
23292,2001-06-28
23293,1998-08-17
23294,1997-04-08
23295,2004-10-26
23296,2024-08-22
23297,2013-09-12
23298,2014-01-31
23299,2003-03-05
23300,2018-01-08
23301,2002-07-24
23302,2023-08-30
23303,2020-07-01
23304,2015-06-29
23305,2015-09-03
23306,2022-11-07
23307,2011-06-13
23308,2015-04-16
23309,2021-03-29
23310,1997-02-27
23311,1998-04-08
23312,2021-10-15
23313,2008-09-09
23314,2011-06-27
23315,2005-09-27
23316,2011-07-17
23317,1997-12-20
23318,2016-02-26
23319,2021-08-26
23320,2005-04-12
23321,2021-09-25
23322,1998-09-01
23323,2024-08-05
23324,2010-09-18
23325,2021-03-24
23326,2006-07-27
23327,1998-12-09
23328,2013-12-21
23329,2003-11-24
23330,1997-09-20
23331,2016-07-11
23332,2008-04-15
23333,2021-01-09
23334,2009-02-12
23335,2008-11-20
23336,2003-07-06
23337,2014-09-08
23338,2012-12-10
23339,1996-11-17
23340,2000-06-02
23341,1998-10-24
23342,2018-10-15
23343,1996-12-11
23344,2023-09-15
23345,2002-05-11
23346,2014-05-23
23347,2004-03-16
23348,2005-10-16
23349,2024-08-29
23350,2011-09-12
23351,2016-03-22
23352,2021-08-30
23353,2004-07-10
23354,2017-04-08
23355,2000-05-20
23356,2024-12-22
23357,2020-10-17
23358,1998-08-03
23359,2006-12-24
23360,2017-06-13
23361,2022-10-08
23362,2003-03-22
23363,2021-11-16
23364,2015-10-03
23365,2019-01-15
23366,2005-04-16
23367,2005-01-26
23368,1997-09-23
23369,2000-06-28
23370,2022-09-16
23371,2002-06-20
23372,1997-06-08
23373,2011-04-27
23374,2004-01-01
23375,2003-04-01
23376,2011-06-05
23377,2006-04-04
23378,2024-04-01
23379,2004-11-15
23380,2003-05-17
23381,2004-05-05
23382,1996-11-04
23383,2013-03-13
23384,2011-07-23
23385,2012-04-11
23386,2000-04-29
23387,2002-10-24
23388,2003-02-27
23389,2006-01-25
23390,2004-07-04
23391,1995-11-18
23392,2016-09-10
23393,1997-10-02
23394,2021-12-05
23395,1997-11-23
23396,1999-03-09
23397,2018-05-20
23398,2016-03-19
23399,2011-12-21
23400,1999-07-25
23401,2016-12-11
23402,1997-05-18
23403,2007-10-27
23404,2022-04-03
23405,2022-09-08
23406,1998-01-02
23407,2016-10-05
23408,2022-11-02
23409,2009-08-11
23410,2007-09-01
23411,1996-12-06
23412,2009-08-27
23413,2016-03-21
23414,2024-09-19
23415,2023-07-08
23416,1997-11-15
23417,2022-06-28
23418,2005-05-20
23419,2018-07-05
23420,2019-04-29
23421,2011-12-19
23422,2016-01-21
23423,2006-08-08
23424,2019-08-28
23425,2010-07-01
23426,2017-10-27
23427,2022-06-04
23428,2015-04-22
23429,2021-01-11
23430,2003-05-16
23431,2018-10-26
23432,2018-04-26
23433,2011-06-30
23434,1997-01-11
23435,2016-08-10
23436,2001-12-02
23437,1995-11-05
23438,2008-12-25
23439,2007-03-31
23440,2005-10-22
23441,2007-01-29
23442,2023-03-16
23443,2013-01-18
23444,2010-12-12
23445,2009-03-23
23446,2001-09-22
23447,2020-10-25
23448,2015-11-27
23449,2013-12-14
23450,1997-05-25
23451,2006-07-25
23452,1996-09-19
23453,2014-06-02
23454,2011-10-20
23455,2016-02-10
23456,2022-02-08
23457,2007-01-09
23458,2014-09-06
23459,2010-03-16
23460,2015-11-17
23461,2021-10-22
23462,2009-01-30
23463,2002-05-14
23464,2008-02-11
23465,2017-06-08
23466,2016-02-20
23467,1996-09-02
23468,2008-07-03
23469,2015-08-11
23470,2019-10-19
23471,1999-07-05
23472,2002-07-02
23473,1996-07-05
23474,2004-05-09
23475,2022-09-06
23476,1997-06-02
23477,2005-03-12
23478,2009-05-22
23479,2010-01-19
23480,2021-03-12
23481,2010-08-24
23482,2003-08-22
23483,2008-06-20
23484,2016-09-09
23485,2023-05-18
23486,2004-05-25
23487,2012-09-30
23488,2019-09-10
23489,1999-12-08
23490,2011-09-03
23491,2010-06-24
23492,1999-07-13
23493,2017-05-28
23494,2004-06-23
23495,2009-04-23
23496,2010-04-13
23497,2007-06-26
23498,2017-02-23
23499,2024-11-23
23500,2004-03-09
23501,2005-02-04
23502,2008-04-26
23503,2002-10-01
23504,2023-12-24
23505,2020-12-14
23506,1999-11-14
23507,2020-10-28
23508,1999-11-19
23509,2023-06-28
23510,1996-01-05
23511,2020-04-24
23512,2017-04-07
23513,1997-10-29
23514,2003-08-15
23515,1999-04-10
23516,2023-11-24
23517,2004-05-16
23518,2014-01-12
23519,2002-01-04
23520,2012-04-29
23521,2017-04-09
23522,1997-12-03
23523,2013-04-07
23524,2012-01-24
23525,2003-12-14
23526,2003-10-18
23527,2000-01-30
23528,2017-02-18
23529,2010-06-30
23530,2001-07-22
23531,2012-04-10
23532,2008-11-03
23533,1998-12-02
23534,2023-06-07
23535,2012-09-27
23536,2000-06-07
23537,2009-02-07
23538,2003-06-30
23539,1997-07-08
23540,1996-04-21
23541,2022-03-29
23542,2016-12-16
23543,2001-12-05
23544,2024-10-14
23545,2015-05-02
23546,2022-05-09
23547,2021-10-24
23548,2019-06-29
23549,2014-09-07
23550,2013-03-09
23551,2004-11-03
23552,2021-11-11
23553,2020-03-08
23554,2018-08-25
23555,2014-01-26
23556,2016-07-18
23557,2017-12-18
23558,2001-02-26
23559,2009-09-24
23560,2012-10-25
23561,2016-09-11
23562,2015-05-08
23563,2012-10-03
23564,2003-07-17
23565,1999-08-31
23566,2010-01-05
23567,2007-08-01
23568,2018-04-23
23569,2024-02-19
23570,2019-09-25
23571,1997-12-25
23572,2004-11-07
23573,2014-01-23
23574,2007-07-14
23575,2019-04-18
23576,2022-11-18
23577,2019-02-04
23578,2000-07-14
23579,2000-03-30
23580,2004-08-20
23581,2017-09-21
23582,2009-11-06
23583,2006-12-01
23584,2023-11-22
23585,2010-08-27
23586,2008-12-16
23587,2021-07-01
23588,2018-10-18
23589,2005-01-24
23590,2014-11-27
23591,2010-05-08
23592,2020-02-06
23593,2009-08-12
23594,2006-10-30
23595,2022-02-04
23596,2005-03-27
23597,1998-01-12
23598,1998-02-03
23599,2003-09-20
23600,2016-10-03
23601,2008-10-07
23602,2018-11-07
23603,1996-09-08
23604,2021-02-19
23605,2015-04-21
23606,2004-04-30
23607,2014-03-23
23608,2019-03-07
23609,2009-09-13
23610,2006-03-07
23611,2021-04-15
23612,2009-01-24
23613,2012-08-08
23614,2006-07-09
23615,2022-03-28
23616,1996-02-03
23617,1998-03-04
23618,2001-05-16
23619,2021-11-23
23620,1997-07-05
23621,1997-05-17
23622,2019-07-29
23623,2005-10-02
23624,2002-12-07
23625,1998-08-18
23626,2020-09-19
23627,2010-08-15
23628,2005-11-20
23629,2018-05-31
23630,2014-03-09
23631,2023-08-31
23632,2021-04-19
23633,2013-11-10
23634,1996-09-03
23635,1999-12-06
23636,2000-05-10
23637,2002-10-05
23638,2021-05-13
23639,2014-11-13
23640,2010-02-27
23641,2016-09-05
23642,1996-03-19
23643,2015-08-18
23644,2022-10-31
23645,2001-05-18
23646,2015-01-23
23647,2003-09-11
23648,2011-04-20
23649,2023-04-13
23650,2013-07-19
23651,2001-05-23
23652,2017-02-20
23653,2004-07-06
23654,2015-01-21
23655,2010-04-24
23656,2000-02-04
23657,2005-10-12
23658,2024-12-13
23659,2004-10-17
23660,2020-10-29
23661,2015-11-08
23662,2014-08-23
23663,1999-04-04
23664,2001-05-20
23665,2014-08-20
23666,1998-08-14
23667,2015-10-19
23668,2004-12-02
23669,2023-03-04
23670,2007-06-24
23671,2009-12-08
23672,2012-12-21
23673,2002-01-23
23674,2008-02-21
23675,1996-05-29
23676,2006-03-18
23677,2005-12-19
23678,2016-02-18
23679,2014-02-03
23680,2005-01-01
23681,2019-09-29
23682,2014-06-13
23683,2009-04-18
23684,2013-12-12
23685,2024-01-06
23686,1996-07-11
23687,2005-09-14
23688,2005-12-24
23689,2013-01-18
23690,2013-05-26
23691,2015-07-30
23692,2016-09-14
23693,2020-06-20
23694,2005-04-16
23695,1998-07-08
23696,2016-01-26
23697,2019-04-04
23698,1999-12-26
23699,2023-01-13
23700,1996-02-28
23701,2008-06-15
23702,1996-08-08
23703,2021-12-10
23704,2012-07-08
23705,2019-03-29
23706,2019-10-27
23707,1997-10-15
23708,2011-01-14
23709,2024-10-25
23710,2006-04-02
23711,1999-04-26
23712,2007-09-03
23713,2008-08-04
23714,2024-08-16
23715,2015-04-21
23716,2010-02-12
23717,1999-07-25
23718,1998-05-18
23719,1996-07-01
23720,2000-02-07
23721,2020-10-10
23722,2008-12-31
23723,2002-01-08
23724,2006-05-10
23725,2011-05-17
23726,1998-01-07
23727,1999-01-20
23728,2000-12-06
23729,2001-08-21
23730,2017-07-22
23731,2011-08-05
23732,2001-06-12
23733,2001-09-10
23734,2021-04-09
23735,2016-01-18
23736,2001-03-27
23737,2008-04-03
23738,2014-05-27
23739,2004-06-28
23740,2007-06-12
23741,2002-12-20
23742,2016-08-12
23743,1998-08-10
23744,2012-10-25
23745,2024-08-19
23746,2002-09-29
23747,2010-11-14
23748,2014-09-12
23749,2004-11-01
23750,2021-10-31
23751,2009-05-05
23752,2005-08-14
23753,2003-10-20
23754,2004-08-02
23755,2013-08-10
23756,2011-04-21
23757,2004-01-01
23758,2015-07-17
23759,1999-10-16
23760,2002-04-17
23761,2008-02-09
23762,2008-12-25
23763,2015-05-10
23764,2005-02-17
23765,1996-01-20
23766,2020-01-12
23767,2008-01-22
23768,2006-09-10
23769,2014-08-13
23770,2021-09-07
23771,2021-05-11
23772,2001-05-05
23773,2020-08-15
23774,2009-06-10
23775,1998-11-03
23776,2008-05-16
23777,2022-04-14
23778,2013-05-09
23779,2022-06-08
23780,2012-09-20
23781,2015-07-16
23782,2006-10-12
23783,2001-11-04
23784,2012-05-31
23785,2010-07-30
23786,2002-01-07
23787,1999-06-26
23788,2021-08-19
23789,2020-11-20
23790,2002-12-05
23791,2001-11-17
23792,2019-12-18
23793,2002-08-08
23794,2009-11-13
23795,2005-08-17
23796,1999-03-26
23797,2008-12-18
23798,2013-10-23
23799,2002-12-26
23800,2022-02-07
23801,1997-04-08
23802,2010-01-28
23803,2007-01-05
23804,1999-01-02
23805,2018-05-31
23806,2013-06-16
23807,2015-10-03
23808,2011-07-19
23809,2020-08-15
23810,2010-08-13
23811,1999-05-30
23812,2007-12-27
23813,2005-02-28
23814,2021-11-12
23815,2000-08-20
23816,2009-04-29
23817,2002-11-07
23818,2009-11-26
23819,2008-04-01
23820,2001-12-22
23821,2003-08-03
23822,2009-08-27
23823,2008-01-13
23824,2006-11-22
23825,2019-06-17
23826,2006-08-28
23827,2001-09-09
23828,2015-03-05
23829,2020-01-17
23830,2024-11-18
23831,2012-10-22
23832,2012-12-03
23833,2004-02-14
23834,2017-04-28
23835,2019-11-01
23836,2009-09-03
23837,2006-10-01
23838,2004-01-14
23839,2017-08-15
23840,2018-10-06
23841,2023-12-07
23842,2014-06-30
23843,2011-11-13
23844,2020-07-01
23845,1998-09-24
23846,2015-09-19
23847,1999-09-24
23848,2014-02-15
23849,2019-01-18
23850,2016-05-06
23851,2014-07-21
23852,2011-01-11
23853,2022-11-11
23854,2011-12-17
23855,2019-12-14
23856,1997-12-18
23857,2022-01-28
23858,2008-01-08
23859,1998-11-02
23860,2019-11-11
23861,1996-10-26
23862,2009-12-28
23863,2014-10-04
23864,2013-07-01
23865,2000-12-09
23866,2022-04-05
23867,2015-11-08
23868,2008-05-08
23869,2023-02-03
23870,2018-04-26
23871,2002-09-02
23872,2013-10-18
23873,2013-06-06
23874,2011-09-26
23875,2022-05-07
23876,2004-04-22
23877,2001-06-26
23878,2004-05-21
23879,2021-04-29
23880,2024-08-03
23881,2021-11-08
23882,2007-01-19
23883,2013-08-28
23884,2007-06-19
23885,2010-05-25
23886,2020-12-01
23887,2007-03-02
23888,2014-01-02
23889,2001-10-12
23890,2005-05-22
23891,2008-08-30
23892,2004-09-07
23893,1998-07-13
23894,2006-07-19
23895,2000-06-28
23896,2023-03-19
23897,2011-03-06
23898,2015-07-31
23899,2021-03-19
23900,2020-07-23
23901,2017-06-06
23902,2002-03-09
23903,2017-08-10
23904,2008-12-08
23905,2022-04-26
23906,2012-04-09
23907,1998-11-15
23908,2022-10-28
23909,1996-04-15
23910,2019-09-19
23911,2002-11-23
23912,2005-08-27
23913,2009-05-23
23914,2022-03-24
23915,2014-02-06
23916,2022-09-19
23917,2023-04-03
23918,2018-10-01
23919,2013-05-02
23920,2012-03-07
23921,2003-10-25
23922,2018-12-24
23923,2012-11-04
23924,2008-02-08
23925,1996-12-13
23926,2009-11-11
23927,2008-06-23
23928,2001-01-31
23929,2018-02-27
23930,2009-01-05
23931,2024-08-29
23932,2020-08-17
23933,2000-08-07
23934,2000-06-03
23935,2014-03-03
23936,2010-01-10
23937,2012-11-09
23938,1999-10-08
23939,2023-01-03
23940,2001-10-12
23941,2021-02-18
23942,2007-07-16
23943,2013-02-05
23944,1997-04-04
23945,1996-02-09
23946,2020-01-22
23947,2013-08-06
23948,1999-11-07
23949,2001-02-07
23950,1998-06-18
23951,2023-09-07
23952,1998-01-09
23953,2009-04-29
23954,2006-09-25
23955,1997-05-10
23956,2005-10-07
23957,1998-11-28
23958,2018-08-17
23959,1998-11-01
23960,2008-08-29
23961,2020-05-28
23962,2012-07-17
23963,2003-03-01
23964,2003-08-12
23965,2016-08-27
23966,2018-07-06
23967,2007-11-11
23968,2004-12-18
23969,1996-02-03
23970,2009-01-01
23971,2009-09-22
23972,2009-12-21
23973,1995-12-06
23974,1998-11-29
23975,2001-09-07
23976,2018-01-12
23977,2006-06-15
23978,2002-11-17
23979,2010-04-12
23980,2001-07-01
23981,2022-09-10
23982,2008-04-08
23983,2018-05-10
23984,2002-11-25
23985,2010-05-11
23986,2001-06-06
23987,2007-12-24
23988,2019-04-27
23989,2018-07-21
23990,2007-09-24
23991,2014-10-18
23992,2014-08-03
23993,2000-08-29
23994,2009-06-17
23995,2009-10-16
23996,2014-07-23
23997,2024-11-19
23998,2006-05-13
23999,2024-11-28
24000,2020-11-21
24001,2024-10-06
24002,2018-08-18
24003,2007-06-30
24004,2012-12-07
24005,1996-11-01
24006,2019-10-03
24007,2010-02-24
24008,1996-04-21
24009,2006-06-19
24010,2022-04-11
24011,2012-11-21
24012,2017-01-03
24013,2015-11-19
24014,2022-11-18
24015,2004-03-30
24016,2008-01-22
24017,2001-08-17
24018,2017-01-06
24019,2022-04-02
24020,2009-03-02
24021,1997-01-20
24022,2005-09-15
24023,2014-04-18
24024,1996-12-04
24025,1999-02-22
24026,2022-11-14
24027,2018-05-01
24028,2024-03-09
24029,2003-06-05
24030,2002-11-18
24031,2012-09-10
24032,1999-03-06
24033,2015-11-25
24034,2002-12-07
24035,2018-09-18
24036,2012-12-02
24037,2023-09-17
24038,2008-04-15
24039,2007-10-14
24040,2015-04-01
24041,2007-03-03
24042,2023-11-01
24043,2019-10-21
24044,2004-12-05
24045,2013-05-07
24046,2020-04-19
24047,2016-08-04
24048,2019-05-04
24049,2022-08-03
24050,2008-07-29
24051,2004-04-23
24052,1999-05-18
24053,1999-08-08
24054,2001-06-10
24055,2021-06-19
24056,2015-11-11
24057,2019-10-01
24058,2013-02-15
24059,2001-06-17
24060,2017-06-20
24061,2003-03-08
24062,2024-05-17
24063,2003-06-01
24064,2011-01-12
24065,2021-02-26
24066,2004-02-19
24067,1997-01-29
24068,2022-02-02
24069,2001-12-02
24070,2007-12-27
24071,2005-09-16
24072,1998-07-02
24073,2014-12-28
24074,2022-05-22
24075,2013-07-23
24076,2006-12-09
24077,2019-06-10
24078,2008-05-25
24079,1996-09-27
24080,1999-03-08
24081,2019-05-04
24082,2000-03-25
24083,2020-11-28
24084,1996-08-13
24085,2019-06-19
24086,2014-02-26
24087,2004-12-09
24088,2009-10-14
24089,2020-03-18
24090,2004-01-08
24091,2007-04-29
24092,2012-01-19
24093,2017-01-17
24094,2021-02-05
24095,1999-06-15
24096,1999-08-12
24097,2007-08-08
24098,2003-09-24
24099,2013-06-08
24100,2005-09-27
24101,2000-08-14
24102,2022-06-25
24103,2014-03-25
24104,1996-10-13
24105,2008-08-08
24106,2009-02-23
24107,2001-06-21
24108,2022-08-10
24109,2009-05-22
24110,2023-06-02
24111,2023-05-24
24112,2010-08-05
24113,2020-02-06
24114,2006-03-09
24115,2009-12-16
24116,2012-09-14
24117,2007-05-19
24118,2004-07-07
24119,2023-01-23
24120,2016-11-30
24121,2000-02-12
24122,2008-03-03
24123,2011-11-06
24124,2001-05-28
24125,2024-08-01
24126,2023-11-18
24127,2011-08-30
24128,2011-01-21
24129,2013-08-17
24130,2000-05-15
24131,2010-11-27
24132,1996-08-22
24133,2018-08-29
24134,2000-05-29
24135,1998-08-08
24136,2022-03-27
24137,2017-05-16
24138,1999-07-19
24139,2014-11-14
24140,2020-12-14
24141,2024-11-15
24142,2004-03-30
24143,2014-12-18
24144,2009-07-01
24145,2009-08-06
24146,1997-02-13
24147,1998-05-29
24148,2018-02-19
24149,2024-09-24
24150,2017-08-08
24151,2011-11-12
24152,1998-07-09
24153,2004-05-06
24154,2002-02-11
24155,1997-11-05
24156,2018-02-01
24157,2023-07-08
24158,2013-06-25
24159,2022-12-16
24160,2009-06-29
24161,1996-11-07
24162,2021-02-06
24163,2016-03-05
24164,2016-05-14
24165,2016-05-19
24166,2023-07-30
24167,2022-11-20
24168,1998-01-08
24169,2004-09-14
24170,1997-11-12
24171,2004-06-17
24172,2001-04-18
24173,2003-12-24
24174,2008-10-01
24175,2011-03-03
24176,2005-04-29
24177,2001-11-21
24178,2006-08-25
24179,2012-05-23
24180,2018-07-27
24181,2000-07-11
24182,2002-02-05
24183,2002-08-31
24184,1999-01-20
24185,2022-05-07
24186,1997-07-21
24187,2019-05-17
24188,2015-09-01
24189,1998-01-24
24190,2005-03-04
24191,2000-08-15
24192,2008-10-01
24193,2017-02-14
24194,2007-11-25
24195,2011-05-03
24196,2016-04-02
24197,2011-12-22
24198,2011-03-16
24199,2017-11-13
24200,2022-09-26
24201,2001-07-26
24202,1996-09-05
24203,2009-12-02
24204,2011-04-10
24205,1998-09-02
24206,2024-07-17
24207,2020-12-16
24208,2017-11-20
24209,1996-03-10
24210,2006-01-31
24211,2005-11-11
24212,2000-02-25
24213,2012-11-16
24214,2020-05-18
24215,2010-08-24
24216,2003-12-17
24217,2008-04-14
24218,1996-07-09
24219,1996-05-20
24220,2021-02-16
24221,2017-01-19
24222,2014-02-19
24223,2019-06-15
24224,2008-08-30
24225,1996-09-24
24226,2024-01-17
24227,2018-03-27
24228,2004-08-22
24229,2022-02-12
24230,2007-10-20
24231,1998-07-23
24232,2024-03-30
24233,2015-11-07
24234,1997-12-12
24235,2024-06-06
24236,2000-11-01
24237,1996-10-07
24238,2010-12-03
24239,2009-07-01
24240,2001-02-23
24241,1995-10-25
24242,2008-08-17
24243,2014-09-11
24244,2021-07-17
24245,2009-05-11
24246,2017-10-10
24247,2019-09-23
24248,2015-04-06
24249,2004-06-24
24250,2023-06-02
24251,2018-12-13
24252,2004-05-15
24253,2007-07-24
24254,2013-04-11
24255,2002-09-07
24256,2006-05-21
24257,1997-01-03
24258,2012-05-30
24259,2005-07-05
24260,2003-02-03
24261,2011-10-17
24262,1995-12-15
24263,2011-09-03
24264,2013-11-20
24265,2012-01-09
24266,1999-06-25
24267,2008-02-24
24268,2002-05-13
24269,2009-03-26
24270,2010-11-07
24271,2015-05-04
24272,2023-03-13
24273,2018-07-17
24274,2003-07-21
24275,2013-02-07
24276,2010-12-07
24277,2013-07-26
24278,2012-10-09
24279,2011-06-15
24280,2005-08-31
24281,2016-10-02
24282,1996-02-29
24283,2023-03-04
24284,2014-02-07
24285,2008-10-12
24286,2005-05-25
24287,2021-12-19
24288,2019-08-16
24289,2006-06-09
24290,2001-01-01
24291,2017-04-17
24292,2014-08-10
24293,2021-03-29
24294,2021-12-13
24295,2000-01-18
24296,2002-02-11
24297,2003-01-24
24298,2024-11-23
24299,1997-04-04
24300,1997-10-06
24301,2016-10-27
24302,2012-06-30
24303,2011-09-27
24304,2011-07-20
24305,2021-01-31
24306,2022-09-05
24307,2003-12-27
24308,2001-06-08
24309,1996-04-10
24310,2020-07-11
24311,1999-05-18
24312,2013-12-09
24313,2020-02-12
24314,2008-11-23
24315,2009-12-10
24316,2003-10-04
24317,2014-02-10
24318,2008-03-26
24319,2009-08-27
24320,2006-01-17
24321,2014-11-19
24322,1997-03-27
24323,2018-10-12
24324,1997-06-30
24325,2023-05-28
24326,1996-07-26
24327,2023-12-19
24328,2019-09-03
24329,2008-12-10
24330,2023-08-08
24331,2018-08-16
24332,2018-02-23
24333,2006-01-30
24334,2017-01-29
24335,2001-06-10
24336,2000-12-18
24337,2007-06-28
24338,2012-12-09
24339,2000-06-29
24340,2001-02-25
24341,2004-01-16
24342,1998-01-14
24343,2016-08-14
24344,2015-04-08
24345,2022-02-01
24346,2004-11-13
24347,2023-07-15
24348,2007-11-03
24349,2005-07-20
24350,2014-03-02
24351,2018-02-01
24352,2020-03-28
24353,1997-02-14
24354,2016-12-19
24355,2004-04-04
24356,2011-06-30
24357,2023-02-11
24358,2012-05-02
24359,2024-05-30
24360,2013-08-18
24361,2016-06-28
24362,2005-02-11
24363,2002-09-24
24364,2010-04-15
24365,1996-12-24
24366,2013-02-28
24367,1997-07-31
24368,2003-05-08
24369,2003-09-21
24370,2012-01-02
24371,1996-10-11
24372,2021-01-24
24373,2020-04-21
24374,2016-11-15
24375,2000-03-28
24376,2001-06-03
24377,2023-04-25
24378,2019-03-07
24379,2019-06-04
24380,2015-10-23
24381,2008-12-06
24382,2005-01-25
24383,2003-11-07
24384,2006-11-22
24385,2020-10-06
24386,2001-06-27
24387,1996-02-15
24388,2007-11-23
24389,2021-09-05
24390,2016-12-22
24391,1998-11-02
24392,1995-12-06
24393,2006-07-29
24394,2002-05-05
24395,2005-12-25
24396,2021-04-01
24397,2019-06-19
24398,2007-02-12
24399,2014-07-08
24400,1995-11-26
24401,2017-08-18
24402,2017-10-09
24403,1998-01-12
24404,2010-07-16
24405,2012-06-05
24406,2015-07-04
24407,2010-03-27
24408,2005-07-08
24409,2014-12-10
24410,2003-04-15
24411,1996-10-28
24412,2020-08-07
24413,1996-12-15
24414,1997-02-13
24415,2010-07-10
24416,2024-09-29
24417,2018-01-23
24418,2017-10-06
24419,2008-08-22
24420,1997-02-28
24421,2016-12-04
24422,2010-02-03
24423,2008-09-05
24424,2003-09-05
24425,2024-06-29
24426,2010-10-01
24427,2011-12-30
24428,2004-11-08
24429,2014-01-26
24430,2016-11-06
24431,2001-05-12
24432,2017-05-01
24433,2006-08-17
24434,2002-03-06
24435,2019-10-29
24436,2004-01-20
24437,2020-05-07
24438,2022-05-12
24439,2001-04-17
24440,2003-06-02
24441,2011-03-10
24442,2023-07-07
24443,2016-12-08
24444,2005-10-18
24445,2000-03-25
24446,2017-10-19
24447,2018-04-12
24448,2019-04-11
24449,2008-02-21
24450,2017-05-01
24451,2004-03-07
24452,2002-01-03
24453,2019-12-28
24454,2001-04-12
24455,2019-06-01
24456,2003-01-31
24457,1998-01-22
24458,2022-05-12
24459,2009-08-18
24460,1999-03-13
24461,2022-08-14
24462,2012-10-05
24463,2024-07-03
24464,1999-07-31
24465,2013-06-06
24466,2014-03-14
24467,2018-03-31
24468,1997-08-19
24469,2003-08-11
24470,2018-02-18
24471,2003-12-30
24472,2006-04-01
24473,2024-05-16
24474,2013-04-23
24475,2010-04-12
24476,2006-08-03
24477,2013-09-21
24478,2018-04-03
24479,1997-08-10
24480,2000-07-05
24481,2016-05-09
24482,2024-09-01
24483,1998-11-30
24484,2018-12-06
24485,2024-09-16
24486,2018-12-18
24487,2020-09-04
24488,2019-12-02
24489,2003-03-13
24490,2024-10-21
24491,1999-07-04
24492,2012-08-24
24493,2010-10-25
24494,2024-10-26
24495,2015-11-26
24496,2017-09-10
24497,2006-06-16
24498,2016-11-24
24499,2010-04-19
24500,2019-08-18
24501,2014-08-30
24502,2020-09-24
24503,1997-03-12
24504,1997-11-16
24505,1996-02-03
24506,2018-12-28
24507,2014-09-23
24508,2010-08-16
24509,2014-01-30
24510,2005-10-02
24511,2001-09-20
24512,1999-03-31
24513,2019-04-11
24514,2022-04-23
24515,2022-01-20
24516,2017-06-17
24517,2017-07-10
24518,2019-07-04
24519,2013-04-20
24520,2017-02-15
24521,2003-05-01
24522,2020-10-08
24523,2008-08-06
24524,2008-09-11
24525,2014-08-29
24526,2004-08-15
24527,2010-07-17
24528,2016-06-14
24529,2020-09-15
24530,2010-07-24
24531,2006-06-15
24532,2005-12-15
24533,1996-05-05
24534,2014-04-12
24535,2004-03-21
24536,2000-02-13
24537,2008-11-19
24538,2013-05-08
24539,2012-06-04
24540,2001-02-06
24541,2018-06-28
24542,2009-07-08
24543,2007-05-09
24544,2003-02-19
24545,2024-12-04
24546,2000-08-06
24547,2004-04-01
24548,2009-03-20
24549,1999-03-26
24550,2006-03-17
24551,2024-07-19
24552,2021-01-29
24553,2022-11-19
24554,2004-02-04
24555,2019-06-28
24556,2004-09-05
24557,2016-04-27
24558,2022-06-17
24559,2004-09-27
24560,1999-09-22
24561,2004-03-31
24562,2000-02-24
24563,2008-10-19
24564,2006-09-18
24565,2020-01-17
24566,2008-03-02
24567,2023-07-08
24568,2009-01-13
24569,2011-12-15
24570,2003-05-06
24571,2006-08-25
24572,1998-06-28
24573,2014-01-24
24574,2018-06-25
24575,2015-05-25
24576,2004-11-19
24577,2009-12-22
24578,2010-07-23
24579,2021-12-03
24580,2003-09-04
24581,1998-04-04
24582,2005-12-20
24583,2018-08-12
24584,1996-08-17
24585,2012-01-10
24586,2021-03-16
24587,2017-04-11
24588,2023-10-15
24589,2004-10-21
24590,2022-06-13
24591,2013-04-06
24592,2018-03-01
24593,2005-09-01
24594,2021-12-21
24595,2016-07-11
24596,2019-03-23
24597,2018-07-24
24598,2022-06-03
24599,2023-01-19
24600,2022-12-16
24601,2021-09-04
24602,2002-08-23
24603,2020-04-29
24604,1998-10-03
24605,2017-09-08
24606,2007-04-14
24607,2008-01-13
24608,2017-07-15
24609,2011-06-10
24610,2003-04-09
24611,2013-03-12
24612,1995-11-27
24613,2019-10-04
24614,2009-10-04
24615,1997-12-13
24616,2016-11-30
24617,2016-09-28
24618,2022-08-31
24619,2004-08-24
24620,2014-07-28
24621,2020-12-28
24622,2008-05-10
24623,2012-05-18
24624,2018-07-18
24625,2004-12-16
24626,2009-01-14
24627,1997-05-30
24628,1999-05-07
24629,2020-01-26
24630,2009-04-17
24631,2005-07-06
24632,2010-05-29
24633,2022-12-02
24634,2006-05-24
24635,2017-04-19
24636,2011-11-09
24637,2005-10-19
24638,1996-09-06
24639,2002-09-21
24640,2012-09-03
24641,2005-02-12
24642,2013-10-16
24643,2014-07-01
24644,1999-02-27
24645,2021-12-09
24646,1998-11-21
24647,2006-01-25
24648,2006-02-13
24649,2016-03-15
24650,2002-03-01
24651,1998-07-14
24652,2014-07-22
24653,2003-08-10
24654,2022-01-23
24655,2021-06-22
24656,1997-09-13
24657,2023-08-16
24658,2014-03-16
24659,2008-03-01
24660,2013-09-05
24661,2001-05-31
24662,2017-09-03
24663,2020-11-12
24664,1999-01-16
24665,2011-01-11
24666,2002-07-16
24667,2007-02-24
24668,1998-09-30
24669,2015-03-29
24670,2011-04-19
24671,2010-08-22
24672,2013-01-17
24673,1995-11-15
24674,2023-06-25
24675,1996-08-26
24676,2011-06-14
24677,2006-10-09
24678,1999-02-04
24679,2015-12-08
24680,2021-02-23
24681,1999-10-10
24682,1996-12-20
24683,1999-04-20
24684,2006-01-06
24685,1996-02-15
24686,2015-11-10
24687,2024-04-19
24688,2001-02-26
24689,2022-09-23
24690,2005-04-28
24691,2002-07-22
24692,1998-02-13
24693,2022-02-14
24694,2008-08-26
24695,2012-06-07
24696,2007-09-23
24697,2015-02-26
24698,2005-11-30
24699,2019-04-06
24700,2005-04-22
24701,2013-05-14
24702,2022-07-27
24703,1998-01-05
24704,2014-08-15
24705,2001-02-22
24706,1996-08-30
24707,2013-09-19
24708,2013-06-10
24709,2006-10-14
24710,2000-07-04
24711,2001-06-07
24712,1997-07-14
24713,2006-03-07
24714,1999-07-30
24715,2011-11-15
24716,2014-02-20
24717,2001-04-02
24718,2003-07-10
24719,2011-08-21
24720,2014-10-27
24721,1998-01-12
24722,2005-04-07
24723,2000-01-26
24724,2003-12-06
24725,2010-10-31
24726,2007-09-01
24727,1998-11-18
24728,2010-10-27
24729,2009-12-22
24730,1997-03-03
24731,2000-06-24
24732,2007-05-23
24733,2001-01-19
24734,2019-11-01
24735,1999-01-29
24736,2011-03-28
24737,2016-06-20
24738,2020-07-01
24739,2005-05-26
24740,1997-10-26
24741,2012-03-01
24742,2002-03-22
24743,2016-03-03
24744,1998-07-16
24745,2015-09-01
24746,2022-08-30
24747,2001-07-08
24748,2008-11-27
24749,2006-07-25
24750,2017-07-19
24751,2019-02-13
24752,2016-02-09
24753,2018-08-27
24754,1999-11-26
24755,2001-01-14
24756,2007-12-31
24757,1999-02-23
24758,1996-12-14
24759,2002-09-24
24760,2019-03-24
24761,2021-03-21
24762,2002-12-19
24763,2014-08-25
24764,1999-05-03
24765,2015-08-30
24766,2009-10-12
24767,2019-07-23
24768,2013-04-16
24769,2004-01-18
24770,2015-01-06
24771,2020-06-04
24772,1997-01-23
24773,2005-06-22
24774,2015-08-18
24775,2009-09-05
24776,1996-08-05
24777,2018-05-29
24778,2011-11-08
24779,2014-04-04
24780,2021-04-13
24781,2024-02-29
24782,2013-09-12
24783,2003-10-05
24784,2006-06-17
24785,2016-12-29
24786,1998-11-18
24787,2000-05-18
24788,2007-11-02
24789,2001-10-16
24790,2007-05-20
24791,2001-11-14
24792,2010-01-25
24793,2014-01-06
24794,2015-06-24
24795,1996-03-04
24796,2012-01-16
24797,2014-11-16
24798,2011-05-11
24799,2009-08-15
24800,2019-08-30
24801,2014-05-21
24802,2003-01-21
24803,2002-06-22
24804,2009-09-08
24805,2009-09-18
24806,2013-03-11
24807,2000-12-27
24808,2011-12-13
24809,2004-08-18
24810,2004-04-24
24811,2007-03-17
24812,2007-06-23
24813,1999-05-24
24814,2023-09-03
24815,2003-10-06
24816,2018-08-05
24817,1995-11-16
24818,2008-04-06
24819,2023-02-05
24820,2002-03-14
24821,2024-12-14
24822,2021-10-13
24823,2004-03-05
24824,2009-08-11
24825,2003-02-27
24826,2001-08-29
24827,2012-05-04
24828,2019-07-28
24829,2015-12-24
24830,2017-10-24
24831,2021-01-07
24832,2022-10-28
24833,2020-01-21
24834,2021-12-10
24835,2010-01-30
24836,2008-11-01
24837,2013-11-06
24838,2003-08-29
24839,1999-07-12
24840,2005-05-06
24841,2013-11-03
24842,2002-07-24
24843,2001-05-30
24844,2022-12-24
24845,2006-12-01
24846,2007-08-08
24847,2014-04-15
24848,2020-09-27
24849,1997-04-22
24850,2019-11-17
24851,2003-02-13
24852,1998-04-12
24853,2021-09-21
24854,2015-10-04
24855,2007-01-24
24856,2007-05-01
24857,2002-11-23
24858,2007-10-23
24859,2023-05-08
24860,2010-07-12
24861,1996-03-06
24862,2013-03-18
24863,1999-10-20
24864,2009-08-23
24865,2023-08-02
24866,2017-06-16
24867,2003-01-23
24868,1997-01-29
24869,2016-04-14
24870,2009-03-08
24871,2013-02-18
24872,1998-10-09
24873,2016-04-29
24874,1997-04-10
24875,2020-05-24
24876,2002-06-12
24877,2012-01-28
24878,2022-05-04
24879,2016-04-30
24880,2007-07-02
24881,1997-10-21
24882,2005-08-13
24883,2004-12-05
24884,2024-09-16
24885,1996-08-12
24886,2016-02-21
24887,2011-08-03
24888,1998-08-20
24889,2005-03-08
24890,2008-06-02
24891,2019-01-20
24892,2007-03-18
24893,2006-05-13
24894,2018-06-04
24895,2011-04-19
24896,2013-01-24
24897,2012-05-07
24898,2014-01-28
24899,1996-02-07
24900,2005-02-14
24901,2019-09-14
24902,2013-11-14
24903,2008-03-08
24904,2017-03-25
24905,2021-11-18
24906,2013-09-01
24907,2022-11-28
24908,1999-10-22
24909,2020-11-29
24910,2006-02-17
24911,2003-08-08
24912,2024-09-06
24913,1998-01-13
24914,1998-10-13
24915,2018-10-10
24916,2008-07-28
24917,2021-10-31
24918,2023-09-08
24919,2004-03-21
24920,2001-05-14
24921,1996-05-18
24922,2000-08-18
24923,2016-02-19
24924,2002-01-14
24925,2011-07-12
24926,2017-06-24
24927,2022-07-23
24928,2023-09-07
24929,2013-06-08
24930,2009-10-04
24931,2005-08-28
24932,2020-03-03
24933,2023-03-14
24934,2001-07-21
24935,2002-08-30
24936,2015-02-09
24937,2018-02-19
24938,2009-05-06
24939,1996-04-01
24940,2017-02-06
24941,2013-11-29
24942,2017-06-16
24943,2014-12-29
24944,2004-03-22
24945,2013-02-05
24946,2003-05-14
24947,2021-12-08
24948,2002-11-04
24949,1998-06-27
24950,2006-08-04
24951,1997-05-11
24952,2014-06-28
24953,2004-08-21
24954,2019-01-05
24955,2011-01-08
24956,2020-02-02
24957,2008-11-16
24958,2005-02-16
24959,2004-03-18
24960,2016-07-26
24961,2005-11-04
24962,2022-04-10
24963,2004-09-09
24964,2020-08-15
24965,2024-12-20
24966,2013-06-08
24967,2011-01-03
24968,2020-12-17
24969,1996-02-08
24970,2024-12-14
24971,2009-12-18
24972,2008-06-08
24973,2001-03-06
24974,1997-05-23
24975,2010-11-19
24976,2000-09-11
24977,2014-02-23
24978,1999-12-25
24979,1996-09-28
24980,2011-07-15
24981,2019-04-12
24982,2022-06-08
24983,2008-12-12
24984,2024-04-08
24985,2011-10-18
24986,2015-06-15
24987,2000-09-02
24988,2013-10-04
24989,2000-09-12
24990,1998-01-19
24991,2001-09-24
24992,1997-12-03
24993,1999-05-07
24994,2009-05-24
24995,2024-01-29
24996,1997-06-19
24997,2012-07-01
24998,2003-04-11
24999,2020-10-11
25000,2007-11-26
25001,2002-09-23
25002,2001-09-07
25003,1998-09-11
25004,2000-07-28
25005,1997-03-11
25006,2000-12-13
25007,2001-07-19
25008,2021-02-21
25009,2000-02-24
25010,2021-10-04
25011,1998-06-04
25012,2020-02-02
25013,2022-07-28
25014,2013-01-19
25015,1996-07-27
25016,2009-11-20
25017,2024-09-11
25018,2002-08-22
25019,2009-01-20
25020,2018-05-08
25021,2004-10-13
25022,1996-06-08
25023,2019-01-25
25024,1999-07-19
25025,2002-12-12
25026,2022-12-22
25027,1999-07-08
25028,2024-09-16
25029,2008-11-22
25030,2002-08-14
25031,2019-11-07
25032,2024-07-28
25033,2007-02-21
25034,2024-10-05
25035,2006-01-06
25036,2004-06-24
25037,1999-11-19
25038,2021-08-15
25039,2012-11-08
25040,2007-11-20
25041,2001-04-18
25042,2010-06-25
25043,2017-08-30
25044,2004-01-20
25045,2016-09-30
25046,2020-07-13
25047,1998-06-27
25048,2007-11-13
25049,2021-09-07
25050,2014-01-09
25051,1998-09-27
25052,2012-12-09
25053,2015-10-20
25054,2011-01-04
25055,2023-10-21
25056,2012-03-20
25057,2006-11-09
25058,2017-06-04
25059,2009-03-07
25060,2018-08-06
25061,2020-08-30
25062,2016-11-10
25063,2007-06-13
25064,1999-03-29
25065,2012-02-29
25066,2005-03-19
25067,2020-07-24
25068,1997-07-26
25069,2021-12-21
25070,2019-09-16
25071,2009-11-20
25072,2024-08-10
25073,1996-09-19
25074,2002-01-12
25075,2020-12-13
25076,2002-08-05
25077,2018-09-29
25078,2017-02-07
25079,2020-10-18
25080,2003-05-01
25081,2004-01-19
25082,1996-08-28
25083,2018-09-20
25084,2002-09-07
25085,2004-03-31
25086,2004-10-18
25087,2013-11-11
25088,2001-11-13
25089,2014-05-28
25090,2000-07-27
25091,2004-08-18
25092,2012-04-11
25093,2005-05-24
25094,1997-07-09
25095,2008-05-12
25096,2010-04-05
25097,2022-09-24
25098,2002-02-15
25099,2018-06-20
25100,2006-07-09
25101,2014-12-01
25102,2006-05-10
25103,2005-03-03
25104,2019-11-17
25105,2000-08-01
25106,2016-02-09
25107,2011-03-08
25108,2007-03-26
25109,2009-09-29
25110,2009-06-01
25111,2022-06-25
25112,2000-04-28
25113,2022-01-21
25114,2008-06-15
25115,2022-06-25
25116,2005-11-07
25117,2000-05-15
25118,2002-07-10
25119,1996-07-06
25120,2014-08-01
25121,2021-03-31
25122,2019-12-26
25123,2018-12-16
25124,2015-10-20
25125,1999-12-20
25126,2009-04-16
25127,2024-06-07
25128,2010-08-24
25129,2001-11-29
25130,1998-03-04
25131,2011-10-06
25132,2006-11-21
25133,2023-10-31
25134,2007-08-24
25135,2004-05-09
25136,2021-09-15
25137,2006-05-09
25138,2017-06-14
25139,2003-09-04
25140,2013-03-29
25141,1998-10-28
25142,2015-05-31
25143,2021-06-03
25144,2012-09-22
25145,2003-03-16
25146,2014-11-19
25147,2018-04-16
25148,1997-03-27
25149,2006-03-22
25150,2016-11-03
25151,1999-04-14
25152,2005-03-16
25153,2011-10-06
25154,2003-02-11
25155,2001-06-27
25156,2008-08-26
25157,2012-01-08
25158,1999-05-15
25159,2000-06-24
25160,2004-11-18
25161,2016-01-20
25162,2017-07-18
25163,2024-11-17
25164,2015-03-17
25165,2024-09-28
25166,1996-04-10
25167,2001-11-17
25168,2015-04-22
25169,2015-05-16
25170,2012-11-11
25171,2018-03-10
25172,2006-11-02
25173,2016-05-20
25174,2011-10-07
25175,2023-05-30
25176,2014-11-25
25177,2010-11-13
25178,1997-12-22
25179,2016-03-09
25180,2005-06-08
25181,1995-12-18
25182,2019-07-08
25183,2013-07-21
25184,2013-03-21
25185,2005-08-14
25186,2023-02-28
25187,2024-07-20
25188,2009-05-27
25189,2003-05-15
25190,2018-06-27
25191,2007-04-07
25192,1996-11-11
25193,2010-09-25
25194,2000-06-12
25195,2009-05-31
25196,2007-08-16
25197,2019-08-12
25198,2013-02-25
25199,1999-06-10
25200,2018-04-19
25201,2014-04-29
25202,2007-02-21
25203,2020-02-02
25204,2023-12-13
25205,2023-11-24
25206,2004-10-23
25207,2016-01-30
25208,2002-02-14
25209,2011-02-17
25210,2017-09-29
25211,2000-05-26
25212,2009-08-03
25213,2022-01-14
25214,2013-05-05
25215,2005-11-23
25216,2002-01-08
25217,2024-08-22
25218,2024-11-21
25219,2010-02-16
25220,1997-03-06
25221,2006-04-08
25222,2003-12-22
25223,2018-05-23
25224,2023-09-17
25225,2019-02-02
25226,2019-12-20
25227,1998-02-19
25228,2021-08-11
25229,2021-06-05
25230,2003-09-23
25231,2010-04-01
25232,1999-12-06
25233,2007-12-29
25234,2004-07-15
25235,2004-08-27
25236,2008-01-29
25237,2020-01-31
25238,2006-03-29
25239,1996-03-17
25240,2018-09-20
25241,2002-03-13
25242,2014-11-09
25243,2013-10-06
25244,2019-02-28
25245,2013-02-22
25246,2019-08-02
25247,2005-04-06
25248,2013-11-24
25249,2006-03-25
25250,2001-01-29
25251,2021-01-13
25252,2002-01-14
25253,1995-12-16
25254,1999-07-13
25255,1999-09-12
25256,2016-06-24
25257,2006-12-05
25258,2004-09-01
25259,2011-07-13
25260,2007-10-12
25261,2002-07-27
25262,2004-01-30
25263,2007-05-05
25264,2006-07-02
25265,1999-09-11
25266,2012-02-19
25267,2020-02-24
25268,2010-05-12
25269,2019-05-20
25270,2007-06-06
25271,1998-02-25
25272,1997-06-28
25273,2008-08-13
25274,2009-01-18
25275,2022-08-08
25276,1997-01-14
25277,2023-03-01
25278,2016-06-26
25279,2021-11-26
25280,2016-01-22
25281,2019-02-06
25282,2015-01-18
25283,2018-12-29
25284,2002-07-19
25285,2011-03-17
25286,2021-02-11
25287,2022-12-28
25288,2001-12-07
25289,2014-05-11
25290,2010-04-28
25291,2016-04-21
25292,2014-11-25
25293,2023-07-14
25294,2018-12-15
25295,2024-03-15
25296,2011-04-29
25297,2007-10-09
25298,2006-10-16
25299,2015-09-13
25300,2011-06-18
25301,2011-10-16
25302,2003-06-04
25303,2009-03-26
25304,2016-04-20
25305,2023-08-10
25306,2015-07-02
25307,2000-09-15
25308,2012-04-25
25309,2013-01-21
25310,2016-09-01
25311,2016-08-26
25312,2013-09-14
25313,2016-07-17
25314,2016-02-13
25315,2014-08-12
25316,2013-06-12
25317,2018-10-10
25318,2006-01-08
25319,2013-02-03
25320,2022-02-18
25321,2018-03-17
25322,2021-09-10
25323,2006-07-04
25324,2003-07-06
25325,2005-08-02
25326,2015-09-21
25327,1996-10-10
25328,1997-03-13
25329,1998-05-20
25330,2016-02-22
25331,1999-12-29
25332,2024-05-02
25333,2023-07-07
25334,2022-06-12
25335,2001-08-10
25336,2010-03-05
25337,2022-06-14
25338,2019-03-01
25339,2020-02-16
25340,1998-07-15
25341,2017-10-20
25342,2020-03-24
25343,2002-07-12
25344,1996-06-18
25345,2005-02-17
25346,2021-09-05
25347,2020-05-27
25348,2002-09-27
25349,2009-09-27
25350,2006-12-23
25351,1998-01-29
25352,2000-07-05
25353,2009-08-05
25354,2012-07-26
25355,2018-11-09
25356,2004-12-26
25357,2017-10-31
25358,2019-08-26
25359,1998-04-02
25360,2010-04-16
25361,1998-03-03
25362,2004-04-27
25363,2007-06-03
25364,2012-06-26
25365,2008-08-08
25366,1997-03-26
25367,2002-07-23
25368,2015-05-14
25369,2023-01-28
25370,2010-06-13
25371,2005-06-19
25372,1997-01-10
25373,2000-08-16
25374,2013-12-01
25375,2021-07-29
25376,2012-09-03
25377,2015-11-11
25378,2015-02-01
25379,2005-04-20
25380,2019-02-17
25381,2021-09-18
25382,2006-05-23
25383,2023-09-24
25384,2023-01-28
25385,2004-09-08
25386,1996-08-24
25387,2009-04-17
25388,2009-11-14
25389,2022-12-26
25390,2004-04-28
25391,2022-08-18
25392,2005-07-16
25393,2021-03-16
25394,2014-09-20
25395,2005-11-28
25396,2023-05-16
25397,2023-04-08
25398,2012-06-22
25399,2023-07-24
25400,1998-09-30
25401,2006-08-17
25402,2020-10-23
25403,2021-01-01
25404,2017-11-09
25405,1997-05-27
25406,2008-10-23
25407,2016-07-10
25408,2013-12-20
25409,2013-01-27
25410,2011-12-23
25411,1999-05-31
25412,2019-10-22
25413,2020-06-05
25414,2015-04-05
25415,2021-06-06
25416,1996-03-02
25417,2020-03-07
25418,2006-12-03
25419,2010-11-20
25420,2020-10-22
25421,2015-04-23
25422,2016-09-24
25423,2020-08-24
25424,2006-10-14
25425,2011-11-08
25426,2000-08-27
25427,2002-04-27
25428,2018-05-13
25429,2012-10-22
25430,2020-06-13
25431,2013-08-16
25432,2001-03-20
25433,2005-05-24
25434,2019-04-27
25435,2003-08-01
25436,2014-11-03
25437,2017-04-29
25438,2015-04-07
25439,2002-03-19
25440,2022-07-27
25441,1997-09-19
25442,2004-12-23
25443,2005-07-06
25444,2009-05-28
25445,2024-06-29
25446,2023-02-08
25447,2006-06-10
25448,2024-07-11
25449,2021-10-10
25450,2010-05-09
25451,2020-03-06
25452,2014-03-25
25453,2000-03-26
25454,1996-10-16
25455,2005-06-24
25456,2020-01-25
25457,2015-06-03
25458,2022-12-26
25459,1998-09-22
25460,2007-02-11
25461,2003-03-21
25462,2005-07-27
25463,2003-04-05
25464,2003-12-28
25465,1997-10-27
25466,2021-03-01
25467,1998-09-26
25468,2017-10-09
25469,1996-06-17
25470,2012-01-10
25471,1996-12-03
25472,2014-04-24
25473,2006-12-03
25474,1999-11-24
25475,2007-09-18
25476,2006-07-28
25477,2014-04-30
25478,2023-01-20
25479,2015-06-23
25480,2002-04-29
25481,2023-09-11
25482,2005-08-26
25483,2007-11-16
25484,1999-06-01
25485,2018-03-24
25486,2016-11-28
25487,2006-10-26
25488,1997-11-27
25489,2018-11-03
25490,2009-10-08
25491,2012-12-08
25492,2015-01-09
25493,2015-10-12
25494,2020-09-01
25495,2024-01-24
25496,2017-05-12
25497,1999-01-22
25498,1997-03-08
25499,2023-12-29
25500,2012-11-08
25501,2006-07-18
25502,2017-03-31
25503,2024-04-05
25504,2005-05-29
25505,2019-09-19
25506,2020-05-09
25507,2020-01-17
25508,2007-05-28
25509,2023-08-21
25510,2002-02-13
25511,2017-07-29
25512,2009-02-13
25513,2016-11-02
25514,2008-03-04
25515,2001-06-19
25516,2015-04-08
25517,2017-05-23
25518,2015-06-24
25519,2019-09-11
25520,2005-08-31
25521,2009-04-20
25522,2013-02-28
25523,1998-03-05
25524,2023-05-27
25525,2006-07-15
25526,2014-10-23
25527,2017-12-24
25528,2006-12-04
25529,2006-01-18
25530,1998-01-27
25531,2021-10-31
25532,2000-05-28
25533,2016-03-15
25534,2022-03-07
25535,2012-12-08
25536,2002-08-20
25537,2010-09-22
25538,2015-04-28
25539,1997-04-01
25540,2013-11-30
25541,1997-07-31
25542,2011-05-02
25543,2005-02-08
25544,2018-05-11
25545,2014-12-04
25546,2019-01-24
25547,2022-09-09
25548,2001-05-17
25549,2018-03-26
25550,2009-08-31
25551,1998-08-20
25552,2002-04-12
25553,1997-01-31
25554,2002-06-23
25555,2007-08-22
25556,2021-10-28
25557,1996-09-20
25558,2003-08-26
25559,1998-08-18
25560,2002-12-07
25561,2001-10-13
25562,2007-12-01
25563,1999-02-06
25564,2017-02-08
25565,2012-02-27
25566,2005-03-15
25567,2021-10-17
25568,2001-04-23
25569,2018-09-23
25570,2013-03-16
25571,2018-03-29
25572,2023-04-25
25573,2017-01-21
25574,1996-08-24
25575,2017-05-02
25576,2007-01-26
25577,2018-08-21
25578,2013-05-05
25579,2003-10-24
25580,2009-06-02
25581,1996-11-15
25582,2000-04-09
25583,2013-04-04
25584,1997-07-24
25585,2011-10-17
25586,2004-12-01
25587,2001-12-26
25588,1998-10-29
25589,2023-11-17
25590,2016-05-29
25591,2022-04-11
25592,2005-12-28
25593,2001-09-15
25594,2004-03-28
25595,2023-12-01
25596,2005-11-25
25597,2017-04-16
25598,2014-09-10
25599,2023-04-28
25600,2010-05-03
25601,2011-04-22
25602,1999-11-04
25603,2011-08-28
25604,2000-12-08
25605,2019-02-10
25606,2011-06-15
25607,1997-10-02
25608,1996-06-29
25609,2022-03-26
25610,2015-12-05
25611,2005-06-03
25612,2024-07-02
25613,1998-03-08
25614,2017-06-06
25615,2019-03-28
25616,1999-12-28
25617,2005-07-30
25618,2006-11-28
25619,2007-01-25
25620,2021-01-26
25621,2004-12-15
25622,1998-09-13
25623,2005-12-22
25624,2011-01-05
25625,2010-04-01
25626,2000-08-02
25627,2005-08-15
25628,2020-09-11
25629,2013-09-02
25630,2016-04-09
25631,2006-11-10
25632,2008-09-05
25633,2019-10-16
25634,2002-02-18
25635,2018-06-14
25636,1997-09-19
25637,2015-11-22
25638,2010-06-07
25639,2024-05-23
25640,2014-03-01
25641,2013-11-19
25642,2011-10-06
25643,2006-06-14
25644,2023-03-19
25645,2018-06-08
25646,1997-12-31
25647,2023-12-07
25648,2004-08-21
25649,2005-12-27
25650,2014-06-16
25651,1999-10-09
25652,2014-12-05
25653,2017-09-02
25654,1997-11-01
25655,2024-08-01
25656,2009-10-26
25657,1999-07-24
25658,2024-12-09
25659,2024-10-19
25660,1997-05-10
25661,2024-06-14
25662,1997-10-04
25663,2002-01-09
25664,1995-12-12
25665,2020-08-16
25666,2015-10-10
25667,1997-03-02
25668,2023-01-06
25669,2020-04-24
25670,2001-04-25
25671,2004-01-18
25672,2005-07-03
25673,2005-04-11
25674,1999-11-19
25675,1998-03-06
25676,2013-05-13
25677,2011-03-12
25678,2014-03-16
25679,2005-02-10
25680,2015-05-27
25681,2008-08-09
25682,2018-12-23
25683,2022-12-15
25684,2010-06-07
25685,2011-04-15
25686,2000-03-31
25687,1999-07-16
25688,2003-07-13
25689,2000-11-04
25690,1999-08-27
25691,2004-04-18
25692,2003-02-02
25693,2020-03-10
25694,1997-08-25
25695,2007-01-30
25696,2007-11-08
25697,2004-06-05
25698,1999-02-18
25699,1998-07-07
25700,2012-11-22
25701,2021-01-20
25702,2007-03-25
25703,2010-12-25
25704,2014-11-19
25705,2014-12-27
25706,2006-10-07
25707,2006-10-10
25708,2013-07-16
25709,1997-03-27
25710,2003-07-04
25711,2016-12-10
25712,2005-02-14
25713,2001-03-22
25714,2009-05-04
25715,2011-10-05
25716,2024-09-10
25717,2009-08-27
25718,2005-02-28
25719,2003-09-10
25720,1998-08-13
25721,2015-12-14
25722,2019-01-09
25723,2014-03-24
25724,2002-10-16
25725,2007-04-12
25726,2017-10-03
25727,1997-05-10
25728,2007-05-19
25729,1997-01-02
25730,2019-05-26
25731,2003-09-29
25732,2013-03-23
25733,2014-08-23
25734,2004-05-20
25735,2020-06-14
25736,2004-07-11
25737,2023-05-08
25738,1997-08-09
25739,2009-03-13
25740,2008-11-12
25741,1997-10-12
25742,2010-02-17
25743,2020-04-06
25744,2005-03-01
25745,2011-11-08
25746,2005-09-07
25747,2003-11-01
25748,1995-12-15
25749,2010-04-03
25750,2019-03-02
25751,1997-03-21
25752,2010-08-16
25753,2012-04-30
25754,2013-09-30
25755,2004-05-24
25756,2001-02-23
25757,2017-06-25
25758,2010-08-03
25759,2011-12-07
25760,2019-03-02
25761,1998-01-11
25762,2011-12-29
25763,2013-04-09
25764,2014-02-28
25765,2007-03-17
25766,2006-05-14
25767,2006-01-28
25768,2005-01-21
25769,2020-05-11
25770,2024-05-28
25771,1997-09-11
25772,2011-02-06
25773,2011-07-29
25774,2013-03-19
25775,2020-03-07
25776,2012-03-19
25777,2000-06-23
25778,1997-01-13
25779,2014-09-03
25780,2005-04-24
25781,2014-09-23
25782,2001-04-19
25783,1998-09-01
25784,2015-12-31
25785,2003-02-02
25786,2006-05-30
25787,2008-09-09
25788,2007-03-12
25789,2007-08-07
25790,2015-04-14
25791,2004-02-28
25792,2006-05-23
25793,2009-08-23
25794,2019-07-04
25795,2006-01-25
25796,2013-12-15
25797,2011-03-26
25798,2020-03-19
25799,2001-09-12
25800,2003-12-05
25801,2024-01-02
25802,2001-11-14
25803,2002-02-22
25804,2016-05-13
25805,1998-11-12
25806,2015-11-22
25807,2018-11-03
25808,2022-08-27
25809,2014-05-20
25810,2011-10-11
25811,2005-01-28
25812,2000-01-10
25813,2002-09-09
25814,2021-08-04
25815,2024-07-11
25816,2015-07-10
25817,2013-02-20
25818,2002-07-27
25819,2022-10-27
25820,2011-11-07
25821,2022-01-12
25822,2020-04-05
25823,1997-04-07
25824,2006-04-03
25825,2023-08-01
25826,1997-12-23
25827,1995-12-17
25828,2013-04-03
25829,1998-05-29
25830,2015-04-24
25831,2024-10-01
25832,2022-10-28
25833,2000-09-17
25834,2010-08-14
25835,1999-11-09
25836,2013-05-06
25837,2016-09-18
25838,2020-01-11
25839,2014-12-08
25840,2018-06-18
25841,2024-01-29
25842,2012-03-20
25843,2022-12-12
25844,2022-09-26
25845,2023-07-20
25846,1996-10-21
25847,2022-11-26
25848,2007-10-19
25849,2010-11-26
25850,2013-01-20
25851,1995-12-05
25852,2004-05-05
25853,2020-06-08
25854,2002-03-19
25855,2021-06-30
25856,1998-05-15
25857,2023-01-14
25858,2018-02-24
25859,2020-11-06
25860,2024-05-17
25861,1997-01-09
25862,2011-05-06
25863,2009-08-02
25864,2022-08-31
25865,2007-07-17
25866,2019-11-07
25867,1998-05-19
25868,2010-11-15
25869,2008-08-06
25870,2001-04-21
25871,2004-12-24
25872,2018-01-08
25873,2015-07-09
25874,2019-12-02
25875,2006-09-28
25876,1998-12-20
25877,2022-06-25
25878,2009-04-30
25879,2021-08-24
25880,2001-12-06
25881,2023-11-14
25882,2010-07-22
25883,1998-11-10
25884,2023-08-01
25885,2019-06-08
25886,2016-03-04
25887,1999-01-14
25888,2021-07-07
25889,1996-01-09
25890,1999-08-24
25891,2011-11-24
25892,2001-08-22
25893,2015-03-18
25894,1999-04-27
25895,2019-12-16
25896,2001-04-04
25897,2022-06-19
25898,2007-11-14
25899,2010-06-09
25900,2016-03-29
25901,2017-06-10
25902,2012-02-28
25903,2003-12-16
25904,2006-01-25
25905,1996-02-16
25906,2019-10-26
25907,2022-06-21
25908,2001-02-16
25909,2005-10-16
25910,2000-07-29
25911,2020-09-16
25912,2010-01-10
25913,2009-04-08
25914,2023-12-09
25915,2000-05-13
25916,2018-08-01
25917,2015-10-24
25918,2013-02-11
25919,2023-02-24
25920,2000-12-09
25921,2016-11-29
25922,2010-11-21
25923,1999-07-22
25924,2007-02-17
25925,2019-05-20
25926,2012-08-20
25927,2004-10-05
25928,2013-05-28
25929,2003-08-26
25930,2017-05-27
25931,2002-03-30
25932,2008-08-08
25933,1998-11-22
25934,1996-06-14
25935,2021-03-16
25936,1998-02-01
25937,2011-05-13
25938,2016-11-12
25939,1996-01-29
25940,2002-10-10
25941,1999-09-11
25942,2006-12-19
25943,2001-01-13
25944,1997-07-25
25945,2023-04-07
25946,2018-11-08
25947,2012-08-15
25948,2019-01-07
25949,2015-01-26
25950,2000-03-04
25951,2009-12-19
25952,2009-09-16
25953,2018-12-25
25954,2021-06-20
25955,2016-02-22
25956,1997-09-04
25957,2019-09-27
25958,2014-06-15
25959,2001-02-06
25960,2020-10-22
25961,2023-12-24
25962,2008-09-14
25963,2020-11-29
25964,2014-06-06
25965,2006-12-14
25966,2022-04-12
25967,2002-12-28
25968,2010-10-08
25969,2004-06-23
25970,2008-08-18
25971,2006-12-25
25972,2012-05-13
25973,2006-12-29
25974,2006-10-26
25975,2002-04-23
25976,2014-04-13
25977,2013-07-31
25978,2010-08-06
25979,2015-12-23
25980,2008-05-17
25981,2010-01-11
25982,2024-11-11
25983,2007-06-19
25984,2005-07-01
25985,2006-06-15
25986,2024-10-23
25987,2015-03-03
25988,2023-07-10
25989,2010-11-08
25990,2009-02-27
25991,1996-12-23
25992,2011-02-23
25993,2007-03-02
25994,2019-10-01
25995,2014-06-16
25996,2012-06-03
25997,2014-06-11
25998,2016-03-26
25999,2017-02-17
26000,2001-11-27
26001,2000-07-26
26002,1998-02-01
26003,2011-03-16
26004,2010-08-20
26005,2018-10-29
26006,2024-12-09
26007,2015-09-29
26008,2007-08-08
26009,2014-02-03
26010,2004-09-13
26011,2015-09-10
26012,2002-07-13
26013,2009-03-28
26014,2005-01-25
26015,2019-11-09
26016,2016-10-14
26017,2001-08-17
26018,2000-02-21
26019,2021-10-17
26020,2013-07-01
26021,1999-12-03
26022,2023-06-17
26023,2000-05-29
26024,1999-11-27
26025,2023-01-27
26026,2002-03-01
26027,2023-05-19
26028,2011-05-15
26029,2023-11-21
26030,2006-03-13
26031,2016-10-12
26032,2009-05-02
26033,2015-01-18
26034,2003-12-08
26035,1997-05-12
26036,2004-02-08
26037,2022-11-16
26038,2015-03-14
26039,2000-12-23
26040,2011-01-28
26041,2013-03-11
26042,2002-07-27
26043,1999-07-07
26044,2006-04-26
26045,2007-01-22
26046,2002-11-26
26047,2008-06-23
26048,2009-04-26
26049,2004-09-16
26050,2013-09-01
26051,2018-02-20
26052,2017-08-18
26053,2019-03-22
26054,2002-01-05
26055,2005-08-27
26056,2008-01-12
26057,2006-06-12
26058,2002-06-21
26059,1996-04-25
26060,2003-05-02
26061,2020-03-13
26062,2016-09-22
26063,2022-10-27
26064,2003-12-21
26065,2005-07-14
26066,2015-12-04
26067,2023-03-10
26068,2010-03-10
26069,2010-06-21
26070,2008-09-22
26071,2012-11-11
26072,2004-12-21
26073,1997-09-24
26074,2002-04-05
26075,2012-11-05
26076,1998-08-11
26077,2002-05-29
26078,2004-09-23
26079,2017-09-24
26080,2003-02-02
26081,2019-12-11
26082,2001-09-12
26083,2000-09-22
26084,2004-03-02
26085,2023-07-03
26086,2012-06-27
26087,2000-09-26
26088,2008-04-17
26089,2024-06-10
26090,2022-07-23
26091,2003-08-15
26092,2003-10-13
26093,2005-08-13
26094,2023-04-25
26095,2017-08-18
26096,2014-12-20
26097,2015-01-31
26098,2009-10-10
26099,2002-09-17
26100,2015-09-25
26101,2015-02-16
26102,2009-09-28
26103,2002-05-14
26104,2010-02-23
26105,2013-09-21
26106,1997-10-28
26107,1999-05-20
26108,2000-04-12
26109,2006-05-26
26110,1998-06-16
26111,2013-10-02
26112,2002-01-27
26113,2023-08-10
26114,2023-10-09
26115,2000-05-13
26116,2009-01-16
26117,2002-05-30
26118,1999-04-22
26119,2022-03-15
26120,2001-06-23
26121,2015-04-23
26122,2022-09-02
26123,2000-10-09
26124,1996-02-28
26125,2018-06-03
26126,2018-11-22
26127,2022-11-05
26128,2015-01-17
26129,2018-01-09
26130,1998-03-08
26131,2023-06-27
26132,2001-08-25
26133,1999-05-07
26134,2005-08-11
26135,2008-06-15
26136,2009-09-02
26137,2001-01-18
26138,2020-01-24
26139,1999-03-13
26140,2011-05-30
26141,1999-03-17
26142,1996-10-02
26143,2003-12-22
26144,2014-05-16
26145,1999-08-17
26146,2008-05-03
26147,1999-11-06
26148,2007-05-25
26149,2019-10-31
26150,2003-06-11
26151,2017-09-16
26152,2000-03-06
26153,2023-01-03
26154,2010-03-04
26155,2007-05-05
26156,2001-06-21
26157,2011-01-20
26158,1999-04-17
26159,2010-05-30
26160,2004-01-14
26161,2005-05-29
26162,2010-03-25
26163,1997-09-10
26164,2014-07-26
26165,2009-08-28
26166,2019-10-17
26167,2021-06-08
26168,2008-02-21
26169,2008-01-09
26170,1998-01-09
26171,2001-06-27
26172,2023-11-14
26173,2003-08-23
26174,2023-03-03
26175,2001-11-20
26176,2002-04-10
26177,1995-11-14
26178,2013-11-19
26179,2020-09-09
26180,2011-04-11
26181,2021-10-26
26182,2001-03-29
26183,2000-04-19
26184,2018-08-03
26185,2016-02-29
26186,2012-06-24
26187,2003-08-11
26188,2021-12-28
26189,2014-06-27
26190,2013-10-27
26191,2018-09-30
26192,2018-04-15
26193,1996-12-29
26194,2010-05-17
26195,2015-11-30
26196,2020-09-01
26197,2020-08-14
26198,2016-12-27
26199,2002-12-28
26200,2007-03-08
26201,2004-01-16
26202,2020-04-07
26203,2007-09-17
26204,2000-10-31
26205,2020-07-12
26206,1999-10-04
26207,2015-03-21
26208,2002-06-23
26209,2009-11-10
26210,1998-07-16
26211,1996-03-19
26212,2008-05-19
26213,2022-08-23
26214,2015-07-30
26215,2006-08-03
26216,2002-08-01
26217,1998-01-04
26218,2021-06-19
26219,2004-11-04
26220,2010-02-24
26221,2006-01-05
26222,2014-02-22
26223,2007-11-18
26224,1998-08-31
26225,2016-10-07
26226,1998-06-01
26227,2011-12-17
26228,2005-11-16
26229,2007-05-16
26230,2021-07-06
26231,2004-07-24
26232,2019-06-22
26233,2000-12-21
26234,2014-09-01
26235,2001-08-21
26236,2001-09-01
26237,2017-10-25
26238,2013-11-23
26239,2020-02-27
26240,2023-06-15
26241,2003-10-15
26242,2000-04-19
26243,2017-06-27
26244,2011-07-30
26245,2021-04-17
26246,2009-06-01
26247,2023-01-22
26248,2000-06-28
26249,2019-07-29
26250,2015-04-28
26251,2001-02-26
26252,2000-11-09
26253,2016-08-15
26254,2024-12-20
26255,1999-12-08
26256,2016-06-08
26257,2010-04-21
26258,1998-02-24
26259,2021-03-19
26260,2024-05-07
26261,1998-12-30
26262,2007-03-23
26263,2013-04-02
26264,2016-08-01
26265,2000-01-19
26266,2018-02-10
26267,1997-03-28
26268,2001-01-24
26269,2003-10-02
26270,2018-01-01
26271,2012-11-26
26272,2013-06-15
26273,2022-02-23
26274,2012-02-10
26275,2004-12-22
26276,2006-03-28
26277,1998-12-30
26278,2002-07-14
26279,2020-05-10
26280,1996-05-16
26281,2006-08-19
26282,2015-07-10
26283,2000-11-26
26284,2019-03-31
26285,2009-06-22
26286,2017-07-21
26287,2021-09-02
26288,2024-02-24
26289,2016-12-22
26290,2005-02-26
26291,2020-06-20
26292,1998-10-30
26293,2012-09-20
26294,2003-09-10
26295,2011-10-25
26296,2020-04-17
26297,2019-03-06
26298,1998-01-30
26299,2010-09-29
26300,2004-07-13
26301,2006-11-09
26302,2022-05-02
26303,1999-07-15
26304,2015-09-04
26305,2007-03-31
26306,1998-02-12
26307,1999-10-20
26308,2016-02-09
26309,2007-04-28
26310,2018-11-13
26311,2009-12-05
26312,2000-06-11
26313,2002-03-11
26314,2011-04-09
26315,1998-08-28
26316,2013-04-21
26317,2020-11-20
26318,2013-03-02
26319,2003-07-14
26320,2017-12-04
26321,2003-10-22
26322,2015-12-02
26323,2003-06-19
26324,2002-05-23
26325,2019-03-26
26326,2023-01-09
26327,2005-01-09
26328,2004-07-15
26329,2002-07-07
26330,2006-10-16
26331,1998-03-11
26332,1999-10-01
26333,2001-05-10
26334,1995-11-15
26335,2012-03-17
26336,2002-11-17
26337,2004-09-19
26338,2008-09-20
26339,2008-07-24
26340,1995-10-29
26341,2006-02-27
26342,1997-01-02
26343,2014-11-30
26344,2004-10-30
26345,2016-10-22
26346,2024-02-15
26347,2011-04-01
26348,2018-10-25
26349,2007-02-20
26350,2012-11-09
26351,2006-08-01
26352,2018-08-06
26353,1998-08-07
26354,2002-03-06
26355,2014-07-14
26356,2007-01-28
26357,1997-01-23
26358,1998-06-15
26359,2014-04-19
26360,2010-03-12
26361,2021-12-03
26362,2017-11-21
26363,2009-08-25
26364,1999-10-24
26365,2003-01-28
26366,2017-02-23
26367,1998-03-17
26368,2013-04-25
26369,2012-11-23
26370,2001-04-01
26371,1999-09-04
26372,2019-12-28
26373,2004-10-24
26374,2019-02-11
26375,2003-10-27
26376,2024-07-25
26377,2012-02-02
26378,2004-03-03
26379,2019-12-29
26380,2004-12-09
26381,2024-04-07
26382,2011-06-06
26383,2010-08-03
26384,2016-06-15
26385,2017-02-09
26386,2007-12-10
26387,2005-08-05
26388,2005-11-05
26389,2011-08-12
26390,2006-09-30
26391,1997-04-30
26392,2022-04-12
26393,1996-06-16
26394,2023-11-06
26395,2012-09-19
26396,1999-05-17
26397,2000-11-13
26398,2018-07-31
26399,2014-02-12
26400,2000-10-04
26401,2008-01-05
26402,2004-02-09
26403,2022-01-28
26404,1999-04-22
26405,2015-04-01
26406,2011-12-16
26407,1996-01-17
26408,2017-06-20
26409,2024-04-07
26410,2013-07-07
26411,2009-02-06
26412,2016-10-28
26413,2016-10-31
26414,1996-07-05
26415,1995-12-07
26416,2021-01-05
26417,2013-07-15
26418,2002-01-02
26419,2005-10-06
26420,2018-06-21
26421,2020-01-20
26422,2012-04-19
26423,1999-02-03
26424,2020-07-18
26425,1998-08-25
26426,2004-05-17
26427,2013-10-07
26428,2019-05-03
26429,2018-03-08
26430,2005-09-01
26431,1997-02-12
26432,2012-02-21
26433,2015-02-04
26434,2002-12-22
26435,1997-12-28
26436,2008-09-05
26437,2013-01-11
26438,2002-02-12
26439,1997-05-09
26440,2021-10-01
26441,1997-03-24
26442,2017-04-22
26443,2008-10-18
26444,2007-12-15
26445,2019-02-14
26446,2004-01-04
26447,2003-09-26
26448,2021-05-10
26449,2021-12-29
26450,2010-12-26
26451,2023-03-26
26452,2015-10-15
26453,2016-12-09
26454,2006-09-25
26455,1996-01-10
26456,2018-10-09
26457,2007-11-06
26458,2003-12-22
26459,2002-01-24
26460,2009-05-20
26461,2008-08-19
26462,2006-03-03
26463,2000-10-11
26464,2004-01-06
26465,2019-02-24
26466,2002-06-24
26467,2011-04-23
26468,1996-08-21
26469,2010-04-20
26470,2004-07-29
26471,2019-07-04
26472,2000-11-17
26473,2008-08-01
26474,2021-05-20
26475,2023-06-22
26476,1996-07-29
26477,2016-07-15
26478,2009-06-12
26479,2005-10-28
26480,2006-05-16
26481,2010-03-29
26482,2004-01-21
26483,2010-05-03
26484,2017-08-22
26485,2024-06-24
26486,1998-02-03
26487,2021-09-26
26488,2007-07-26
26489,2013-11-02
26490,2002-10-01
26491,2017-03-10
26492,2015-03-01
26493,2014-03-01
26494,2014-09-30
26495,2020-12-15
26496,1997-12-22
26497,1998-04-01
26498,1996-11-04
26499,2024-08-20
26500,1996-07-01
26501,2002-04-06
26502,2018-01-13
26503,2005-12-26
26504,2007-05-12
26505,2016-03-31
26506,2018-11-28
26507,2007-08-09
26508,2022-09-07
26509,2014-11-22
26510,2019-03-03
26511,2023-05-15
26512,2012-08-09
26513,1997-11-10
26514,2020-01-08
26515,2024-10-28
26516,2003-06-04
26517,2007-11-26
26518,1998-02-20
26519,2011-10-29
26520,2021-11-24
26521,2007-08-21
26522,2015-10-14
26523,2009-08-04
26524,2008-09-25
26525,2003-01-10
26526,2000-03-20
26527,2015-10-11
26528,2004-12-03
26529,2006-09-03
26530,2008-08-13
26531,2024-01-16
26532,2024-11-11
26533,2017-01-10
26534,2007-06-11
26535,2022-09-19
26536,2009-08-31
26537,2000-04-16
26538,2002-10-16
26539,1997-08-16
26540,2011-10-29
26541,2007-05-20
26542,2014-12-07
26543,2011-07-25
26544,2015-12-29
26545,2010-09-19
26546,2002-06-01
26547,1999-10-24
26548,1995-12-14
26549,2015-10-09
26550,2008-08-31
26551,2008-05-29
26552,1997-03-31
26553,1997-01-26
26554,2006-06-19
26555,2012-01-26
26556,2015-03-02
26557,2009-12-09
26558,2014-03-14
26559,2010-06-05
26560,2010-06-25
26561,1999-12-16
26562,2005-12-29
26563,2024-12-28
26564,2020-07-30
26565,2024-01-04
26566,1997-10-22
26567,2016-04-30
26568,2009-03-23
26569,2017-04-03
26570,2000-02-11
26571,2020-02-20
26572,2023-09-16
26573,2010-01-22
26574,2007-08-10
26575,2018-01-13
26576,2010-03-18
26577,2002-05-02
26578,1997-06-22
26579,2019-05-04
26580,2010-02-07
26581,2002-11-27
26582,2005-04-25
26583,2015-02-01
26584,2020-11-01
26585,2011-09-16
26586,2007-06-05
26587,1999-01-20
26588,2006-04-04
26589,2011-01-11
26590,2007-05-11
26591,2009-01-20
26592,1999-01-02
26593,2012-03-29
26594,2024-02-06
26595,2008-11-11
26596,2021-10-24
26597,2011-12-19
26598,2020-06-25
26599,2017-03-14
26600,2017-09-25
26601,2014-04-18
26602,2020-05-26
26603,2023-10-13
26604,2013-04-23
26605,2006-01-28
26606,2010-03-31
26607,2024-06-28
26608,2013-07-12
26609,2008-03-12
26610,2004-04-23
26611,2023-10-17
26612,2001-05-09
26613,2023-02-24
26614,2005-05-27
26615,2006-05-04
26616,2010-03-06
26617,2001-12-17
26618,2007-08-08
26619,2010-10-31
26620,2013-12-29
26621,1998-10-09
26622,2016-11-25
26623,2015-06-15
26624,2007-06-01
26625,2015-12-23
26626,2007-09-16
26627,2017-11-03
26628,2015-06-27
26629,2019-06-18
26630,2008-11-27
26631,1998-10-01
26632,1996-05-23
26633,2024-07-21
26634,2006-03-11
26635,2000-06-08
26636,2014-10-01
26637,2004-10-04
26638,2016-04-10
26639,2012-01-15
26640,2021-03-06
26641,2007-01-22
26642,2010-06-02
26643,2013-05-02
26644,2000-04-10
26645,2010-08-05
26646,1998-02-10
26647,2024-09-05
26648,2001-03-15
26649,2015-04-23
26650,2021-08-02
26651,2002-05-09
26652,2017-11-22
26653,2020-11-27
26654,2022-02-22
26655,1999-07-25
26656,2020-12-21
26657,1998-05-28
26658,2013-04-21
26659,2002-03-27
26660,2016-06-21
26661,2004-04-04
26662,1996-10-15
26663,2003-07-20
26664,1999-09-30
26665,2024-02-25
26666,2023-09-15
26667,2013-08-18
26668,1996-05-04
26669,2011-11-30
26670,2005-08-04
26671,2016-01-16
26672,2007-02-15
26673,1997-05-03
26674,2009-08-05
26675,2015-06-01
26676,2005-02-25
26677,2013-03-16
26678,2019-10-31
26679,2019-04-27
26680,2024-05-16
26681,2020-11-24
26682,2003-01-10
26683,2018-07-28
26684,2017-07-16
26685,2006-02-02
26686,2000-06-30
26687,2017-10-24
26688,2023-04-29
26689,2015-09-28
26690,2006-04-26
26691,1997-03-26
26692,2024-12-17
26693,2001-10-04
26694,1998-09-24
26695,2005-02-04
26696,2006-03-06
26697,2021-03-23
26698,2006-06-27
26699,2016-11-08
26700,2019-07-07
26701,2016-11-27
26702,2001-01-02
26703,2012-06-05
26704,2005-10-28
26705,2003-02-21
26706,2008-12-23
26707,2006-07-13
26708,2012-05-06
26709,1997-05-05
26710,2006-05-29
26711,1996-09-09
26712,2004-04-12
26713,2002-08-18
26714,2015-01-25
26715,2008-06-11
26716,2006-10-09
26717,2014-12-19
26718,2017-09-28
26719,2006-03-12
26720,2021-01-20
26721,2003-05-25
26722,2013-06-17
26723,2016-06-24
26724,2009-12-27
26725,2024-09-14
26726,1997-09-01
26727,2003-09-06
26728,2010-08-10
26729,2005-07-05
26730,2016-11-07
26731,1997-01-09
26732,2014-07-31
26733,1997-07-10
26734,2006-01-29
26735,2024-04-23
26736,2019-02-04
26737,2008-10-30
26738,2000-01-20
26739,1998-11-05
26740,2008-08-19
26741,2008-08-17
26742,2015-09-15
26743,2006-09-18
26744,2006-03-07
26745,2010-03-19
26746,2017-09-12
26747,1999-02-25
26748,2004-10-23
26749,2006-01-19
26750,2003-12-27
26751,2004-03-23
26752,2020-10-04
26753,2000-03-18
26754,2008-07-09
26755,2011-04-14
26756,2023-07-04
26757,2001-07-01
26758,2008-11-07
26759,2007-09-26
26760,1996-08-22
26761,2003-03-01
26762,2010-12-12
26763,2010-08-04
26764,2022-03-09
26765,2024-11-23
26766,2007-01-31
26767,2005-01-26
26768,2005-04-25
26769,2008-05-09
26770,2020-08-21
26771,2010-06-24
26772,1996-06-18
26773,2004-03-04
26774,2005-03-08
26775,2019-03-14
26776,2023-09-21
26777,2010-10-11
26778,2007-11-02
26779,1998-09-01
26780,2014-10-13
26781,2021-03-11
26782,2011-11-17
26783,2001-12-11
26784,2023-05-20
26785,2012-06-22
26786,2022-08-21
26787,2000-09-18
26788,2002-08-16
26789,2024-03-23
26790,2011-01-14
26791,2024-07-12
26792,2007-08-22
26793,2024-02-08
26794,2024-01-16
26795,2005-03-22
26796,2004-10-10
26797,2022-10-14
26798,2005-12-04
26799,2004-12-25
26800,1998-02-01
26801,2019-05-04
26802,2000-02-25
26803,2001-02-15
26804,2007-07-30
26805,2021-09-04
26806,1999-05-16
26807,2007-07-21
26808,2004-03-18
26809,2011-05-24
26810,2019-11-03
26811,2018-04-21
26812,2019-10-20
26813,2014-10-06
26814,1998-12-11
26815,2011-07-25
26816,2012-09-05
26817,2009-05-09
26818,2006-01-25
26819,1995-12-10
26820,2010-11-30
26821,2019-04-08
26822,2018-01-31
26823,2010-12-04
26824,2024-05-29
26825,2019-12-11
26826,2008-09-12
26827,2014-04-07
26828,1996-07-17
26829,2010-04-09
26830,2006-11-16
26831,2024-06-25
26832,2006-12-02
26833,1997-08-15
26834,2006-03-25
26835,2017-03-26
26836,2002-05-21
26837,2002-01-23
26838,2022-12-15
26839,1997-09-17
26840,1995-10-20
26841,2023-01-22
26842,1999-08-19
26843,2006-07-25
26844,2002-10-01
26845,2018-11-13
26846,2007-06-02
26847,2002-08-31
26848,2008-06-25
26849,2022-08-26
26850,2023-06-25
26851,2014-02-04
26852,2022-07-27
26853,2012-04-03
26854,2021-01-13
26855,2015-05-23
26856,2009-04-01
26857,2009-12-01
26858,2006-11-23
26859,1997-03-29
26860,2010-02-05
26861,2011-06-22
26862,2015-09-25
26863,2001-01-17
26864,2006-12-20
26865,1998-01-14
26866,2023-11-09
26867,2018-02-09
26868,2010-07-17
26869,2001-03-08
26870,2020-01-13
26871,2014-06-30
26872,2020-06-13
26873,2017-09-20
26874,2009-03-30
26875,2013-02-19
26876,2011-10-02
26877,2006-08-02
26878,1999-05-10
26879,2015-03-21
26880,2015-11-12
26881,2014-10-27
26882,1999-04-24
26883,2015-02-22
26884,2021-04-27
26885,2017-01-24
26886,2017-07-02
26887,2020-05-21
26888,2018-11-06
26889,2012-03-24
26890,2000-06-06
26891,2013-06-26
26892,2007-11-28
26893,2020-08-01
26894,2012-01-09
26895,2000-11-17
26896,2019-05-02
26897,2021-10-24
26898,2003-11-18
26899,2009-05-15
26900,1997-06-13
26901,2012-07-19
26902,2004-04-22
26903,2007-06-14
26904,2011-02-13
26905,2012-11-12
26906,2001-02-02
26907,2018-02-04
26908,2024-12-30
26909,2007-03-26
26910,2005-01-22
26911,2023-10-19
26912,2020-06-14
26913,2007-07-11
26914,2013-10-14
26915,2009-08-29
26916,2003-12-26
26917,2002-11-17
26918,2019-09-26
26919,2016-01-15
26920,2009-04-07
26921,2006-05-17
26922,1999-04-24
26923,2004-12-03
26924,2009-06-23
26925,2005-12-19
26926,2014-12-13
26927,2011-03-30
26928,1996-08-29
26929,2017-05-26
26930,2022-12-18
26931,2003-04-20
26932,2007-08-06
26933,2021-12-04
26934,2009-07-13
26935,1996-04-28
26936,1996-07-09
26937,2017-10-30
26938,2001-10-05
26939,2013-12-07
26940,2005-04-07
26941,2007-02-26
26942,1999-03-15
26943,2014-05-08
26944,2020-07-09
26945,2008-02-18
26946,2017-03-25
26947,2007-02-11
26948,2008-10-04
26949,2024-09-07
26950,2006-12-06
26951,2012-05-03
26952,2022-11-03
26953,2011-10-24
26954,2016-03-27
26955,2017-01-01
26956,2007-02-01
26957,2014-06-10
26958,2009-09-17
26959,2014-07-27
26960,1996-04-27
26961,2022-03-02
26962,1997-05-05
26963,2019-01-15
26964,1996-04-07
26965,2023-07-11
26966,2015-09-19
26967,2022-03-10
26968,2014-09-30
26969,2008-12-21
26970,2008-06-16
26971,2010-12-15
26972,2022-04-08
26973,2017-10-31
26974,2022-03-31
26975,1996-02-25
26976,2002-04-22
26977,2011-10-31
26978,2006-06-12
26979,2019-12-14
26980,2006-10-03
26981,1996-12-09
26982,2022-05-17
26983,2022-12-14
26984,2001-02-15
26985,2002-03-07
26986,2004-04-11
26987,2008-12-19
26988,2016-12-05
26989,2022-04-29
26990,2007-03-25
26991,2000-06-15
26992,2004-10-06
26993,2007-07-15
26994,2000-10-18
26995,2002-10-03
26996,2002-06-25
26997,2000-01-24
26998,2003-09-05
26999,2023-07-31
27000,2011-05-01
27001,2019-05-03
27002,2008-11-23
27003,2015-06-12
27004,2009-07-12
27005,1996-11-16
27006,2012-10-22
27007,2019-01-17
27008,2006-07-03
27009,2007-05-27
27010,2008-11-02
27011,2015-07-24
27012,2019-07-12
27013,2014-06-12
27014,2004-09-01
27015,2017-02-25
27016,2011-03-26
27017,2021-04-02
27018,2007-08-25
27019,2003-08-16
27020,2022-02-02
27021,2021-11-29
27022,2021-09-02
27023,1996-08-18
27024,2000-09-15
27025,2000-09-24
27026,1996-05-12
27027,2018-10-02
27028,2019-03-29
27029,1995-11-23
27030,2013-11-21
27031,1996-11-21
27032,2011-02-07
27033,1996-11-10
27034,2001-11-03
27035,2020-06-06
27036,1996-06-14
27037,2017-10-13
27038,2000-04-27
27039,2012-01-07
27040,2024-01-17
27041,2019-06-06
27042,2015-06-23
27043,2018-11-14
27044,1997-08-06
27045,2023-01-16
27046,2009-08-02
27047,2004-03-06
27048,1996-12-23
27049,2014-04-01
27050,2015-05-10
27051,2006-12-21
27052,2011-04-28
27053,2015-11-10
27054,2010-10-08
27055,2002-05-08
27056,2014-02-12
27057,2010-07-07
27058,2014-06-07
27059,1998-01-05
27060,2020-05-31
27061,2024-12-07
27062,1999-10-28
27063,2001-05-23
27064,2001-07-22
27065,2000-11-26
27066,2011-11-11
27067,2011-05-01
27068,2014-06-29
27069,2019-12-09
27070,2009-04-19
27071,2023-09-26
27072,2020-07-03
27073,2024-09-10
27074,1996-02-22
27075,2019-03-26
27076,1998-04-20
27077,1997-11-30
27078,2013-09-18
27079,2022-05-21
27080,2024-09-30
27081,2018-06-16
27082,2020-05-23
27083,2000-03-29
27084,2024-03-11
27085,2021-03-07
27086,2004-07-07
27087,1996-09-11
27088,2013-04-09
27089,2014-05-30
27090,2000-09-19
27091,2004-03-15
27092,2010-07-30
27093,2018-12-26
27094,2000-05-05
27095,2010-12-31
27096,2016-06-14
27097,2001-11-27
27098,2004-11-13
27099,2015-05-27
27100,2009-01-11
27101,2008-02-08
27102,1996-10-21
27103,2010-12-02
27104,2005-11-04
27105,2014-11-27
27106,2022-10-15
27107,2005-09-07
27108,2006-11-16
27109,2002-11-24
27110,1999-02-22
27111,2007-06-14
27112,2013-11-14
27113,2007-10-25
27114,2007-05-10
27115,1998-02-16
27116,2000-02-22
27117,2021-05-01
27118,2003-10-15
27119,2007-04-02
27120,2024-03-10
27121,2022-11-30
27122,2013-01-09
27123,1998-09-18
27124,2009-09-29
27125,2020-12-17
27126,2018-04-19
27127,2004-08-25
27128,2023-09-17
27129,2005-04-06
27130,1999-03-30
27131,2002-01-14
27132,2001-03-27
27133,2014-10-27
27134,2006-09-21
27135,2009-11-27
27136,2021-07-11
27137,2006-02-16
27138,2004-10-19
27139,2005-04-19
27140,2022-04-24
27141,2018-09-24
27142,2001-06-13
27143,2023-01-24
27144,1999-02-12
27145,2008-01-24
27146,2004-01-06
27147,2021-07-30
27148,2002-12-01
27149,2013-10-20
27150,2003-12-06
27151,2004-06-23
27152,1996-12-23
27153,2005-01-15
27154,2024-08-13
27155,2011-06-17
27156,2005-04-02
27157,2014-06-29
27158,2019-01-08
27159,2004-11-15
27160,2010-04-09
27161,2022-05-04
27162,2014-07-19
27163,1996-09-12
27164,2007-04-28
27165,1999-02-07
27166,1996-10-25
27167,1998-11-10
27168,1997-05-09
27169,2004-06-10
27170,2008-06-17
27171,2013-09-23
27172,2008-10-16
27173,2023-04-07
27174,2013-02-22
27175,2002-01-16
27176,2012-05-23
27177,2020-05-30
27178,2022-07-23
27179,1997-09-13
27180,2021-07-10
27181,2015-12-19
27182,2000-03-27
27183,1999-08-19
27184,1999-12-18
27185,2008-10-08
27186,2015-09-29
27187,2007-05-26
27188,2022-11-17
27189,1998-04-06
27190,2016-11-19
27191,2000-10-10
27192,2015-01-30
27193,2005-06-23
27194,2008-11-25
27195,2022-02-22
27196,2024-09-08
27197,2017-11-20
27198,2015-07-17
27199,2015-02-02
27200,2003-07-12
27201,1998-10-01
27202,2003-01-19
27203,2024-09-10
27204,2020-09-21
27205,1996-01-29
27206,2023-05-13
27207,2004-01-25
27208,2017-08-19
27209,2014-12-03
27210,2023-03-27
27211,2023-01-15
27212,2011-08-14
27213,2017-12-19
27214,2018-08-09
27215,2017-06-20
27216,2014-12-04
27217,2010-03-18
27218,1999-05-18
27219,1996-12-09
27220,2003-06-08
27221,2003-04-26
27222,1997-10-03
27223,2002-07-25
27224,2000-11-27
27225,2018-10-05
27226,2015-02-07
27227,2011-08-29
27228,2007-04-22
27229,2023-02-17
27230,2019-03-23
27231,1999-08-02
27232,2007-04-13
27233,2014-06-22
27234,1998-03-18
27235,2021-09-18
27236,2017-01-24
27237,2024-09-15
27238,2009-06-04
27239,2011-02-01
27240,1999-04-14
27241,1999-11-12
27242,2010-12-22
27243,1998-12-03
27244,2023-12-10
27245,2016-10-16
27246,2010-07-19
27247,1996-09-15
27248,2018-09-24
27249,2020-04-06
27250,2013-02-20
27251,2020-03-26
27252,1998-07-30
27253,2006-02-05
27254,2003-09-12
27255,1996-12-24
27256,2018-05-12
27257,1999-04-20
27258,2022-12-10
27259,2024-05-18
27260,2011-09-29
27261,2002-01-24
27262,2017-06-19
27263,2021-08-19
27264,2017-01-27
27265,2002-11-27
27266,2023-10-17
27267,1997-07-18
27268,2009-01-19
27269,2009-08-17
27270,2009-12-06
27271,2001-04-09
27272,2008-02-13
27273,2023-04-02
27274,2021-08-01
27275,2000-05-15
27276,2013-07-07
27277,2006-09-22
27278,2001-07-17
27279,1998-12-15
27280,2013-04-14
27281,2017-11-28
27282,2022-10-25
27283,2017-09-22
27284,2020-12-31
27285,2008-07-27
27286,2020-02-12
27287,2009-01-24
27288,2000-06-03
27289,2012-02-10
27290,2003-01-21
27291,2023-08-01
27292,2010-09-21
27293,2000-12-19
27294,2007-02-08
27295,2021-10-31
27296,2015-11-19
27297,2024-04-08
27298,2013-10-31
27299,2018-04-24
27300,2021-01-16
27301,1997-08-30
27302,2019-08-26
27303,2020-10-05
27304,1996-03-01
27305,2005-01-16
27306,2006-08-05
27307,2001-03-31
27308,1997-04-22
27309,2008-06-26
27310,2001-11-30
27311,2010-01-11
27312,2000-04-29
27313,2006-09-07
27314,2002-09-25
27315,2017-09-29
27316,1995-11-09
27317,2018-12-23
27318,1999-08-20
27319,2012-04-29
27320,2016-05-19
27321,2018-06-03
27322,2015-10-24
27323,2016-01-16
27324,2004-04-08
27325,2022-04-12
27326,2014-09-17
27327,2008-04-16
27328,2018-08-14
27329,2004-03-30
27330,1997-02-28
27331,2009-05-10
27332,2000-11-17
27333,2024-07-05
27334,2010-05-25
27335,1995-11-10
27336,2024-04-09
27337,2011-09-12
27338,2007-08-14
27339,2007-12-17
27340,2010-12-14
27341,2023-04-04
27342,1999-02-24
27343,2010-09-18
27344,2011-10-26
27345,2024-05-24
27346,2005-06-11
27347,2009-09-03
27348,2024-11-04
27349,2024-02-23
27350,2009-09-11
27351,2012-06-06
27352,2003-06-18
27353,2009-07-21
27354,2013-03-13
27355,1998-07-09
27356,1998-03-06
27357,2019-12-04
27358,2018-01-16
27359,2023-11-23
27360,2012-09-07
27361,1997-04-26
27362,2021-02-05
27363,2003-02-26
27364,2003-09-16
27365,2003-10-11
27366,2024-07-05
27367,2003-06-30
27368,2008-01-28
27369,2013-08-04
27370,2002-11-29
27371,2001-05-17
27372,2018-10-23
27373,2024-10-24
27374,2024-04-15
27375,1996-04-18
27376,2000-04-22
27377,2024-12-12
27378,2004-11-16
27379,2021-08-25
27380,2008-05-16
27381,2021-09-24
27382,2020-01-13
27383,2022-04-10
27384,2003-05-26
27385,2009-10-26
27386,2023-10-19
27387,1998-08-06
27388,2013-11-08
27389,2014-07-06
27390,1998-11-19
27391,1998-01-10
27392,2005-06-04
27393,2018-12-13
27394,2011-11-15
27395,2017-08-08
27396,1996-09-20
27397,2023-07-16
27398,1996-02-29
27399,1998-10-17
27400,2007-01-29
27401,2010-01-28
27402,2014-03-10
27403,2015-08-19
27404,2014-04-25
27405,1995-11-06
27406,2018-09-01
27407,2019-06-20
27408,2002-03-27
27409,2001-09-02
27410,2017-01-06
27411,1999-10-15
27412,2006-01-24
27413,2013-06-13
27414,1996-02-27
27415,1999-09-22
27416,1997-06-18
27417,2002-01-30
27418,2011-05-23
27419,2018-02-15
27420,2024-01-21
27421,2018-07-07
27422,2019-04-14
27423,2014-03-13
27424,2001-12-12
27425,2004-01-16
27426,2018-09-24
27427,2011-11-06
27428,2009-03-13
27429,2017-08-04
27430,1998-03-27
27431,2022-12-28
27432,1998-07-16
27433,2015-09-11
27434,2005-01-03
27435,2009-08-08
27436,2010-06-17
27437,2005-02-20
27438,2003-01-25
27439,2024-12-05
27440,2012-10-01
27441,2011-12-01
27442,2018-04-30
27443,2008-10-31
27444,2013-04-22
27445,2015-09-04
27446,2005-01-25
27447,2022-02-12
27448,2021-08-07
27449,2004-04-14
27450,2020-02-07
27451,2024-09-02
27452,2007-09-11
27453,2004-01-08
27454,1997-06-21
27455,2010-07-08
27456,2001-10-03
27457,2014-04-27
27458,2020-10-02
27459,1999-01-17
27460,2012-07-05
27461,2018-03-15
27462,2008-07-21
27463,1995-12-29
27464,2022-07-04
27465,2004-11-27
27466,2019-06-19
27467,2020-01-04
27468,2005-06-20
27469,2001-02-20
27470,2007-12-30
27471,1998-08-27
27472,2021-11-10
27473,2008-09-28
27474,2001-05-28
27475,2014-06-19
27476,2023-04-24
27477,1997-05-15
27478,2008-05-24
27479,2012-10-16
27480,2006-08-28
27481,2021-07-01
27482,1997-06-07
27483,2002-07-06
27484,2005-09-21
27485,2023-11-13
27486,2022-02-07
27487,2005-11-20
27488,2019-10-14
27489,2003-02-01
27490,2021-10-24
27491,2015-08-29
27492,2002-09-12
27493,2001-12-11
27494,2012-02-05
27495,2020-02-10
27496,2019-09-12
27497,2024-10-12
27498,2014-02-18
27499,2024-09-09
27500,1997-12-12
27501,2017-04-08
27502,2009-02-20
27503,2010-12-22
27504,2022-06-26
27505,2006-08-13
27506,2000-12-24
27507,1996-03-23
27508,2001-07-25
27509,2013-02-12
27510,1999-04-12
27511,2023-02-28
27512,2004-01-01
27513,2006-07-05
27514,2018-03-14
27515,1997-01-16
27516,2023-05-02
27517,1996-01-28
27518,2023-03-07
27519,2005-01-16
27520,2014-01-06
27521,2023-07-31
27522,2019-04-09
27523,2005-09-14
27524,2015-10-04
27525,2023-07-29
27526,2022-02-26
27527,2006-08-30
27528,1996-08-11
27529,1999-09-15
27530,2012-02-18
27531,2018-06-25
27532,1999-03-03
27533,2014-08-14
27534,2020-08-18
27535,2007-10-25
27536,2012-01-11
27537,1998-11-19
27538,2010-09-15
27539,2024-03-23
27540,2001-03-18
27541,2005-06-01
27542,2008-04-12
27543,1996-04-15
27544,2001-03-01
27545,2013-06-02
27546,2017-11-18
27547,2007-07-01
27548,2015-03-25
27549,2007-08-02
27550,1995-12-19
27551,1998-04-05
27552,2019-12-19
27553,1998-09-15
27554,2006-04-07
27555,2004-09-20
27556,1999-05-27
27557,2017-02-06
27558,2004-03-17
27559,2000-08-01
27560,2000-03-06
27561,1999-07-24
27562,2022-07-28
27563,1998-02-08
27564,2011-06-20
27565,2007-06-17
27566,2006-08-14
27567,2015-04-01
27568,2016-07-11
27569,2001-03-16
27570,2003-05-16
27571,1996-08-06
27572,2006-01-26
27573,2022-02-27
27574,2012-03-31
27575,2016-04-18
27576,1997-09-30
27577,2001-07-29
27578,2000-05-14
27579,2024-11-16
27580,2008-12-26
27581,1998-04-09
27582,1998-02-13
27583,1997-04-02
27584,2002-10-07
27585,2020-02-04
27586,2002-01-06
27587,2011-07-05
27588,2020-08-11
27589,2002-11-30
27590,2004-08-09
27591,2002-01-31
27592,2011-04-11
27593,2004-04-19
27594,2001-10-19
27595,1999-08-03
27596,2000-02-24
27597,1999-12-30
27598,2003-09-23
27599,2024-11-10
27600,2017-12-17
27601,2017-03-13
27602,2014-12-02
27603,1996-09-27
27604,2022-04-20
27605,2001-08-09
27606,2001-08-22
27607,2004-12-08
27608,2010-06-20
27609,1999-01-29
27610,2012-01-24
27611,1999-06-13
27612,2022-09-24
27613,2000-06-30
27614,2006-05-01
27615,2019-09-11
27616,2005-01-18
27617,2010-11-09
27618,2005-09-27
27619,2002-05-21
27620,2019-01-09
27621,2014-09-09
27622,2024-04-05
27623,2003-01-03
27624,2002-07-15
27625,2006-11-19
27626,2015-04-15
27627,2000-12-25
27628,2006-03-06
27629,2001-04-26
27630,2024-05-19
27631,2022-06-25
27632,2016-10-03
27633,2007-12-19
27634,2024-10-03
27635,2016-05-22
27636,2020-11-15
27637,1996-03-07
27638,1995-12-21
27639,2014-03-28
27640,2010-02-21
27641,1998-01-24
27642,1999-09-20
27643,2006-01-23
27644,2017-10-20
27645,1996-04-12
27646,1999-10-28
27647,2013-12-20
27648,2008-12-18
27649,2019-10-03
27650,1997-07-10
27651,2016-06-10
27652,1996-06-15
27653,1997-11-10
27654,2001-10-17
27655,2001-09-03
27656,2007-12-17
27657,2021-02-10
27658,2006-03-15
27659,2015-05-08
27660,2003-06-19
27661,2023-08-14
27662,2019-08-11
27663,2001-06-30
27664,2005-09-19
27665,2001-02-17
27666,2008-08-09
27667,1999-10-10
27668,1998-07-09
27669,2011-06-01
27670,2024-02-14
27671,2006-07-19
27672,2001-03-06
27673,2023-06-08
27674,2018-02-22
27675,2020-05-27
27676,2018-09-26
27677,2021-10-04
27678,2004-06-24
27679,2004-07-04
27680,2004-03-09
27681,2007-10-04
27682,2004-12-12
27683,2024-03-29
27684,2017-04-28
27685,2011-11-11
27686,2013-09-13
27687,2021-04-12
27688,2018-10-08
27689,2024-04-09
27690,2018-05-17
27691,1996-01-08
27692,2006-06-14
27693,2010-05-10
27694,1995-12-17
27695,2023-08-11
27696,2010-05-28
27697,1997-10-31
27698,2019-05-28
27699,2012-01-18
27700,1997-12-25
27701,2024-06-27
27702,2009-06-04
27703,2007-06-22
27704,2005-06-03
27705,2013-06-27
27706,2007-03-06
27707,2006-12-19
27708,2023-05-01
27709,2016-06-25
27710,2020-10-20
27711,1995-12-13
27712,2006-03-28
27713,2015-11-11
27714,2006-08-29
27715,2024-11-24
27716,2001-05-21
27717,1998-11-22
27718,2011-05-10
27719,2006-07-19
27720,2003-01-22
27721,1997-01-20
27722,2011-09-20
27723,2012-03-28
27724,2001-09-14
27725,2023-08-24
27726,2022-11-07
27727,2007-05-27
27728,2017-11-17
27729,2016-08-26
27730,2009-06-05
27731,1996-10-15
27732,2002-04-28
27733,2001-03-31
27734,2004-09-15
27735,2016-08-26
27736,2008-01-19
27737,2001-05-29
27738,2010-05-14
27739,2000-11-07
27740,2017-06-06
27741,2017-12-12
27742,1999-03-12
27743,2010-10-07
27744,2003-01-26
27745,2019-12-29
27746,2015-07-18
27747,2002-10-09
27748,2000-02-15
27749,2008-09-20
27750,2012-08-10
27751,2001-03-29
27752,2018-06-08
27753,2004-04-30
27754,2017-04-13
27755,2015-06-15
27756,2006-04-15
27757,2016-05-09
27758,2007-11-29
27759,2020-07-08
27760,2017-05-15
27761,2014-09-05
27762,2020-05-14
27763,2007-11-10
27764,2015-07-09
27765,2011-05-20
27766,2017-12-08
27767,2005-02-25
27768,2011-03-18
27769,2003-04-23
27770,1999-07-11
27771,2002-07-20
27772,1995-12-17
27773,1996-08-25
27774,2012-10-06
27775,2021-04-26
27776,2018-01-07
27777,2001-07-05
27778,2012-08-14
27779,2011-10-22
27780,2023-11-13
27781,2024-03-07
27782,2002-01-01
27783,2014-06-10
27784,2020-08-17
27785,2005-11-11
27786,2004-10-12
27787,2009-07-15
27788,1999-08-23
27789,2023-08-08
27790,2018-08-02
27791,2022-11-27
27792,2001-12-05
27793,2005-12-03
27794,2022-11-30
27795,2010-05-01
27796,2006-08-25
27797,2015-11-25
27798,2014-03-06
27799,2006-09-28
27800,2010-03-30
27801,2015-05-28
27802,2017-11-17
27803,2021-04-11
27804,2000-10-04
27805,2022-12-04
27806,2002-07-04
27807,2002-06-26
27808,2006-07-10
27809,2004-08-20
27810,2008-10-19
27811,2015-03-29
27812,2021-01-20
27813,2023-12-17
27814,2017-08-07
27815,2021-04-29
27816,1997-06-30
27817,2018-02-10
27818,2002-08-01
27819,2004-07-29
27820,2024-02-12
27821,2021-07-09
27822,2007-09-13
27823,1997-06-12
27824,2016-03-05
27825,2016-12-01
27826,2022-12-16
27827,2023-11-29
27828,2020-06-05
27829,2004-04-09
27830,2023-02-06
27831,2019-10-15
27832,2018-12-11
27833,2019-12-03
27834,2002-09-08
27835,2018-04-03
27836,2008-08-08
27837,2014-03-04
27838,2009-11-10
27839,2007-10-03
27840,2012-05-13
27841,2005-10-23
27842,1996-04-19
27843,2003-02-04
27844,2012-06-29
27845,1999-08-01
27846,1997-04-28
27847,1996-11-13
27848,2005-10-18
27849,2006-07-31
27850,2006-10-30
27851,2016-12-03
27852,2016-02-27
27853,1997-07-31
27854,2017-12-22
27855,2018-12-08
27856,2021-01-21
27857,2022-10-04
27858,2009-09-06
27859,2014-02-25
27860,2024-07-12
27861,2012-05-14
27862,2005-01-16
27863,2023-07-03
27864,2017-09-14
27865,2010-08-18
27866,2014-09-13
27867,2006-02-17
27868,2024-01-19
27869,2018-02-25
27870,2006-10-14
27871,2010-12-16
27872,2003-07-10
27873,2012-04-13
27874,2007-01-19
27875,2006-03-19
27876,2020-06-07
27877,1998-03-16
27878,2013-09-22
27879,2017-09-02
27880,2021-10-11
27881,1997-12-12
27882,1998-01-20
27883,2024-08-12
27884,2012-04-27
27885,2012-12-15
27886,2009-10-30
27887,2004-08-16
27888,2015-06-02
27889,2020-03-01
27890,2022-10-18
27891,2007-07-29
27892,2017-01-03
27893,2011-01-28
27894,2015-01-22
27895,1997-08-23
27896,2012-04-03
27897,2003-04-13
27898,2022-08-22
27899,2013-01-14
27900,2013-08-04
27901,2017-04-22
27902,2021-12-25
27903,1998-03-03
27904,2014-02-01
27905,2005-11-20
27906,2000-06-12
27907,2018-08-05
27908,2011-06-01
27909,1997-10-03
27910,2000-05-30
27911,2024-07-22
27912,2010-06-24
27913,2015-03-05
27914,2005-01-20
27915,2007-11-14
27916,2002-05-22
27917,2021-02-09
27918,2022-06-11
27919,2021-05-11
27920,2016-04-22
27921,2016-04-09
27922,2005-01-30
27923,2017-04-19
27924,2015-07-29
27925,2002-09-06
27926,1999-11-30
27927,2019-05-30
27928,2000-02-18
27929,2017-11-05
27930,2001-08-09
27931,2019-05-14
27932,2022-10-01
27933,1998-08-10
27934,1997-05-22
27935,2018-03-31
27936,2008-04-04
27937,2010-10-09
27938,2024-04-07
27939,2011-02-03
27940,2013-09-05
27941,2003-09-03
27942,2009-07-13
27943,1998-05-06
27944,1999-06-16
27945,2020-02-12
27946,2009-11-16
27947,2001-08-08
27948,2000-03-24
27949,2002-11-09
27950,2015-02-09
27951,2002-01-16
27952,1998-06-24
27953,2015-05-30
27954,2014-11-06
27955,2001-11-29
27956,2015-01-23
27957,2022-03-08
27958,2010-12-13
27959,2008-05-30
27960,2018-01-28
27961,2014-03-05
27962,2006-01-22
27963,2014-07-04
27964,2002-09-21
27965,2021-06-01
27966,2014-10-29
27967,2019-01-20
27968,1995-11-06
27969,1997-06-25
27970,2005-05-13
27971,2023-12-21
27972,2016-03-29
27973,2010-01-23
27974,1996-10-17
27975,2003-10-11
27976,2003-03-28
27977,2005-03-04
27978,2002-12-31
27979,2013-09-24
27980,1997-02-03
27981,2012-09-05
27982,2014-04-16
27983,2005-04-20
27984,2004-11-07
27985,2008-08-01
27986,2018-10-30
27987,2005-04-10
27988,2009-11-18
27989,2014-07-07
27990,2017-05-03
27991,2001-10-13
27992,2008-03-05
27993,2000-05-08
27994,2019-01-03
27995,2010-12-21
27996,2019-11-08
27997,2013-04-04
27998,2013-02-14
27999,2016-04-13
28000,2003-07-10
28001,2010-02-04
28002,1996-04-11
28003,2003-12-10
28004,2006-07-04
28005,2012-08-06
28006,2018-01-04
28007,2022-01-29
28008,2024-05-27
28009,1999-07-31
28010,2002-12-10
28011,2024-11-24
28012,2000-02-07
28013,2024-11-07
28014,2010-09-18
28015,2016-12-06
28016,2014-11-01
28017,2000-01-26
28018,2012-12-30
28019,1997-09-06
28020,2012-07-25
28021,2000-03-28
28022,1996-10-06
28023,2024-08-17
28024,2017-01-12
28025,2018-07-05
28026,2022-12-22
28027,2020-09-28
28028,2005-07-02
28029,2023-03-23
28030,2010-11-02
28031,2008-01-06
28032,2015-05-17
28033,2011-08-31
28034,2006-12-23
28035,2013-09-05
28036,2021-06-03
28037,2012-02-28
28038,2018-09-24
28039,2008-12-07
28040,2020-04-07
28041,2004-06-15
28042,2013-06-23
28043,2004-05-22
28044,2017-02-25
28045,1999-05-20
28046,1995-12-23
28047,2012-09-05
28048,2017-12-01
28049,2017-01-31
28050,2012-02-19
28051,2004-02-16
28052,2000-04-29
28053,2022-01-03
28054,2017-03-06
28055,2021-10-10
28056,2006-09-23
28057,2020-12-20
28058,2007-06-28
28059,2015-12-17
28060,2005-03-07
28061,2017-01-08
28062,2004-10-24
28063,2009-11-01
28064,2003-09-17
28065,2006-11-19
28066,1999-04-27
28067,2011-11-25
28068,2009-07-31
28069,2012-01-13
28070,2014-01-01
28071,1998-05-10
28072,2009-10-08
28073,2015-12-30
28074,2015-04-04
28075,2016-08-18
28076,2020-02-04
28077,2019-10-27
28078,2006-04-08
28079,2009-06-11
28080,2000-01-06
28081,2017-01-10
28082,2016-02-06
28083,2020-11-19
28084,1996-06-22
28085,1997-10-22
28086,2009-08-05
28087,2000-09-06
28088,2021-07-11
28089,2001-11-05
28090,2013-05-20
28091,2015-09-28
28092,1998-09-02
28093,1999-10-30
28094,2000-11-01
28095,1999-09-05
28096,2023-05-01
28097,2013-11-18
28098,2017-01-27
28099,2017-10-19
28100,2024-10-19
28101,1996-02-21
28102,2022-05-30
28103,2013-01-24
28104,2000-09-23
28105,2002-11-08
28106,2012-11-02
28107,2004-04-22
28108,2001-05-18
28109,1997-10-26
28110,2015-12-29
28111,2001-03-17
28112,2011-04-08
28113,2024-06-24
28114,1996-05-01
28115,2015-12-26
28116,2012-01-02
28117,2021-12-28
28118,2003-02-15
28119,2022-12-24
28120,2004-03-20
28121,2000-06-11
28122,2013-08-18
28123,2018-03-11
28124,1997-08-15
28125,2023-04-24
28126,2016-11-16
28127,2011-09-25
28128,2011-05-21
28129,2009-03-09
28130,2023-07-04
28131,2006-01-13
28132,2004-05-15
28133,2007-08-15
28134,2008-02-14
28135,2010-12-03
28136,2002-09-10
28137,1997-05-18
28138,2001-12-31
28139,2010-06-06
28140,2011-11-02
28141,2002-06-25
28142,1997-12-06
28143,1996-02-07
28144,2022-09-19
28145,2012-01-17
28146,2022-02-25
28147,2012-03-08
28148,2004-05-25
28149,2015-05-11
28150,2007-11-21
28151,2006-10-20
28152,1996-08-04
28153,2022-02-20
28154,2012-07-03
28155,1997-01-28
28156,1998-04-20
28157,2016-09-10
28158,2003-03-09
28159,2004-10-26
28160,2005-08-23
28161,2015-01-03
28162,1999-07-01
28163,2018-12-11
28164,2020-10-17
28165,2002-03-25
28166,1999-03-28
28167,2017-08-01
28168,2009-09-27
28169,2007-05-23
28170,2011-05-04
28171,2020-04-04
28172,2018-06-15
28173,2007-05-19
28174,2003-03-09
28175,2024-11-12
28176,2012-02-18
28177,1998-03-19
28178,2006-05-05
28179,2021-01-26
28180,2011-12-11
28181,2011-09-16
28182,2019-01-09
28183,2003-03-09
28184,2002-10-01
28185,2012-06-07
28186,2002-01-27
28187,1997-03-20
28188,2002-12-25
28189,2012-03-26
28190,2021-08-25
28191,2019-11-27
28192,2009-04-01
28193,2010-07-02
28194,2002-08-22
28195,2012-02-12
28196,2021-12-10
28197,2005-04-02
28198,2005-01-16
28199,2003-01-14
28200,1999-10-15
28201,2000-04-04
28202,1999-02-05
28203,2016-05-30
28204,1996-02-14
28205,2019-04-27
28206,2015-08-03
28207,1996-07-22
28208,2017-03-23
28209,2024-06-20
28210,2007-07-05
28211,2008-07-31
28212,2020-12-27
28213,2000-10-14
28214,2020-11-17
28215,1997-11-29
28216,2000-02-15
28217,2005-05-10
28218,2008-02-13
28219,1996-01-21
28220,2022-09-19
28221,2024-05-03
28222,2001-10-02
28223,2011-09-01
28224,2012-03-28
28225,2012-08-04
28226,2017-02-06
28227,2011-06-09
28228,2014-07-30
28229,2012-07-04
28230,2015-03-01
28231,1997-02-27
28232,1998-05-06
28233,2007-01-12
28234,2019-12-20
28235,2010-05-12
28236,2023-08-14
28237,2001-02-12
28238,1996-10-05
28239,2000-06-03
28240,1997-11-25
28241,2015-04-11
28242,1999-02-26
28243,2024-02-17
28244,2021-06-25
28245,2003-08-12
28246,1996-11-28
28247,1997-11-20
28248,2004-12-13
28249,2008-05-02
28250,2013-07-11
28251,2000-10-16
28252,2020-08-22
28253,2013-07-16
28254,2023-06-19
28255,2009-06-29
28256,1996-12-07
28257,2023-09-15
28258,1997-11-16
28259,2000-04-27
28260,2021-12-09
28261,2003-06-14
28262,2020-04-04
28263,1998-03-30
28264,2008-02-13
28265,2015-07-31
28266,2013-12-29
28267,2001-12-21
28268,2018-09-10
28269,2008-01-23
28270,1996-03-09
28271,1996-03-01
28272,1997-04-29
28273,1996-01-30
28274,2000-06-04
28275,2020-02-14
28276,2019-07-10
28277,2021-12-17
28278,2010-05-06
28279,2002-12-12
28280,2016-12-30
28281,1998-02-17
28282,1996-06-20
28283,1996-03-02
28284,2001-06-16
28285,2014-05-10
28286,2000-11-22
28287,2004-02-09
28288,2020-12-29
28289,2000-10-15
28290,1996-04-23
28291,1998-12-22
28292,2003-06-30
28293,2004-05-30
28294,2016-11-19
28295,2022-06-25
28296,2007-06-30
28297,2014-08-02
28298,2017-01-15
28299,2017-08-23
28300,2004-02-07
28301,2007-04-12
28302,2017-02-18
28303,2009-11-13
28304,1999-01-09
28305,1997-06-27
28306,2006-06-23
28307,2000-12-23
28308,2015-12-01
28309,1999-05-16
28310,2005-12-25
28311,1999-08-19
28312,2012-11-15
28313,2018-01-18
28314,2013-05-28
28315,1999-11-21
28316,2013-05-13
28317,2014-08-28
28318,2006-03-12
28319,2012-11-05
28320,2001-04-07
28321,1998-06-24
28322,2004-11-23
28323,2015-06-06
28324,2001-07-19
28325,1996-12-09
28326,2018-10-16
28327,1997-07-03
28328,2006-04-04
28329,2007-07-23
28330,1997-10-11
28331,2008-11-05
28332,2016-10-16
28333,2000-06-15
28334,2015-09-23
28335,2015-03-27
28336,2001-12-02
28337,1999-07-05
28338,1996-01-20
28339,2000-05-23
28340,2011-06-05
28341,2015-07-24
28342,2019-05-05
28343,2020-05-21
28344,1999-09-11
28345,2018-06-20
28346,2011-07-19
28347,2019-02-02
28348,1998-08-27
28349,2009-05-21
28350,2013-05-01
28351,2018-04-19
28352,2017-06-06
28353,2017-11-07
28354,1999-03-19
28355,2004-12-25
28356,2016-09-06
28357,1998-02-09
28358,2022-12-29
28359,1996-03-08
28360,2020-03-09
28361,2000-12-30
28362,1999-08-07
28363,2009-05-20
28364,1996-03-01
28365,1996-09-28
28366,2007-08-08
28367,1997-09-22
28368,2022-12-07
28369,2009-07-18
28370,2009-11-11
28371,2001-05-10
28372,2020-01-20
28373,2017-12-25
28374,2010-12-18
28375,2007-12-01
28376,2004-04-20
28377,2007-06-11
28378,2023-02-20
28379,2004-11-06
28380,2016-10-16
28381,2023-12-05
28382,2008-01-23
28383,2011-09-15
28384,2003-03-28
28385,2024-08-24
28386,2014-03-25
28387,2022-10-14
28388,2005-12-01
28389,2013-02-25
28390,2011-12-07
28391,2022-09-10
28392,2020-05-15
28393,1997-06-28
28394,1996-03-03
28395,2006-01-29
28396,2006-07-15
28397,2023-06-13
28398,2022-10-18
28399,2005-10-21
28400,2021-08-09
28401,2016-07-18
28402,2021-02-06
28403,2008-11-28
28404,2007-10-03
28405,2019-10-12
28406,2016-06-28
28407,2004-10-20
28408,2006-04-30
28409,1997-06-15
28410,2007-04-15
28411,2023-06-30
28412,2010-08-27
28413,2022-07-13
28414,2000-10-31
28415,2005-11-22
28416,2023-06-24
28417,2020-09-21
28418,2019-04-09
28419,2008-10-26
28420,2005-04-06
28421,2017-08-17
28422,2017-03-11
28423,2006-07-03
28424,1999-01-28
28425,2002-07-24
28426,2002-04-26
28427,2013-10-19
28428,2003-02-22
28429,2005-06-29
28430,2007-09-04
28431,2019-03-22
28432,2002-10-21
28433,2017-06-18
28434,2021-03-01
28435,2008-05-31
28436,2005-02-22
28437,2000-05-02
28438,1998-06-30
28439,2011-09-03
28440,2012-03-18
28441,2008-04-24
28442,2000-08-14
28443,1998-07-09
28444,2005-06-27
28445,2006-11-07
28446,2011-02-18
28447,2016-09-20
28448,2007-07-30
28449,2017-02-21
28450,2019-03-01
28451,2007-03-14
28452,1999-03-07
28453,2019-03-14
28454,2024-10-12
28455,2012-07-01
28456,2004-08-30
28457,1999-06-13
28458,2021-03-11
28459,2002-11-05
28460,2010-07-15
28461,2019-01-20
28462,2005-05-06
28463,2010-07-14
28464,2008-02-07
28465,2020-08-05
28466,2001-08-03
28467,2009-12-17
28468,2012-07-03
28469,2001-11-16
28470,2019-01-30
28471,2019-08-22
28472,2000-07-11
28473,2017-12-29
28474,2004-10-22
28475,2016-03-23
28476,2018-08-01
28477,2010-12-29
28478,1999-07-20
28479,2014-03-12
28480,2004-01-17
28481,2023-03-18
28482,1996-01-14
28483,2004-08-20
28484,2006-03-23
28485,1996-05-17
28486,2006-01-17
28487,2016-09-18
28488,2020-02-20
28489,2015-11-28
28490,2012-02-09
28491,1996-06-07
28492,2021-06-30
28493,2010-02-17
28494,2005-07-04
28495,2003-10-19
28496,2000-05-02
28497,2009-05-13
28498,2020-02-13
28499,2000-10-16
28500,2000-10-08
28501,2009-02-07
28502,2000-07-15
28503,2005-02-25
28504,2020-03-23
28505,2021-11-24
28506,1997-04-07
28507,2000-07-27
28508,2014-11-14
28509,2011-07-01
28510,2011-11-16
28511,2011-10-02
28512,2023-12-07
28513,2011-01-19
28514,2024-12-12
28515,1997-04-13
28516,2002-06-06
28517,2004-10-28
28518,2021-06-17
28519,2017-05-24
28520,2000-08-03
28521,1997-09-02
28522,2022-01-21
28523,2007-03-07
28524,2019-09-25
28525,2024-09-12
28526,2024-05-24
28527,2019-07-09
28528,2005-11-08
28529,1996-11-13
28530,2000-06-30
28531,2017-08-29
28532,1998-10-31
28533,2004-08-13
28534,2009-03-05
28535,2011-09-02
28536,2013-02-25
28537,2013-12-19
28538,2001-08-12
28539,2000-10-25
28540,2013-04-25
28541,2003-11-17
28542,2000-03-27
28543,2022-04-19
28544,2024-09-09
28545,2018-11-25
28546,2001-12-28
28547,2020-11-14
28548,1998-10-08
28549,2019-02-15
28550,2022-01-21
28551,2024-12-16
28552,2014-02-28
28553,2015-05-20
28554,2022-11-26
28555,2020-08-30
28556,2022-04-20
28557,2021-12-18
28558,2015-06-15
28559,2015-01-23
28560,2021-03-01
28561,2021-05-04
28562,1999-02-25
28563,2004-09-01
28564,2013-12-21
28565,2024-01-09
28566,2009-08-18
28567,2002-11-05
28568,2002-12-27
28569,2003-02-26
28570,2024-12-03
28571,2014-10-24
28572,1996-04-15
28573,2003-08-31
28574,2010-11-19
28575,2016-09-07
28576,2016-09-17
28577,2003-08-02
28578,2011-07-17
28579,1998-07-02
28580,2024-11-01
28581,2004-07-11
28582,2002-08-07
28583,2006-06-16
28584,2000-07-15
28585,2023-12-07
28586,2001-12-15
28587,2023-11-14
28588,2020-02-15
28589,2000-03-11
28590,2007-03-29
28591,1995-12-11
28592,2009-05-27
28593,2017-01-04
28594,1996-03-31
28595,2012-12-10
28596,2015-01-19
28597,2013-02-04
28598,2015-03-22
28599,2018-11-05
28600,2006-12-19
28601,2022-12-15
28602,1995-12-04
28603,2000-10-14
28604,2001-12-22
28605,2017-01-26
28606,2000-05-13
28607,2016-08-30
28608,2020-10-18
28609,2020-01-04
28610,2022-07-07
28611,2020-02-19
28612,2008-02-21
28613,2009-09-06
28614,2009-07-07
28615,2017-06-05
28616,2005-02-26
28617,2003-03-26
28618,2011-08-26
28619,2013-11-25
28620,2004-01-07
28621,1999-10-08
28622,1996-01-20
28623,2011-04-16
28624,2000-09-22
28625,2023-06-08
28626,2007-04-08
28627,2016-08-01
28628,2023-07-05
28629,2012-01-10
28630,2020-01-22
28631,2003-12-17
28632,2013-10-24
28633,2023-09-18
28634,1996-10-06
28635,2000-12-08
28636,2001-08-02
28637,2006-09-30
28638,2003-01-06
28639,2022-08-17
28640,1997-08-09
28641,2013-08-27
28642,1998-09-26
28643,2023-12-06
28644,2007-06-17
28645,2005-02-01
28646,2011-11-23
28647,2017-02-16
28648,2001-01-08
28649,2015-09-03
28650,2021-07-03
28651,2022-07-24
28652,2012-01-12
28653,2017-10-18
28654,2011-08-29
28655,1998-05-29
28656,2017-11-18
28657,2023-11-15
28658,1998-04-22
28659,2018-05-06
28660,2006-03-29
28661,2021-01-18
28662,2013-10-31
28663,2001-05-24
28664,1996-08-11
28665,2011-08-20
28666,1995-10-29
28667,2016-02-12
28668,2023-11-29
28669,2012-11-20
28670,2021-01-02
28671,2023-02-05
28672,2013-06-08
28673,2019-04-07
28674,1997-11-23
28675,1998-08-22
28676,1998-09-24
28677,2020-06-13
28678,2020-01-01
28679,2021-09-18
28680,2006-03-17
28681,2003-05-12
28682,1996-07-01
28683,1998-06-17
28684,2021-12-03
28685,2023-02-05
28686,2019-07-01
28687,2015-09-19
28688,2015-05-30
28689,2000-01-27
28690,2020-11-27
28691,2005-07-22
28692,2024-01-09
28693,2013-12-28
28694,2012-06-05
28695,2011-07-16
28696,2013-06-22
28697,2004-08-06
28698,2006-02-05
28699,2020-12-20
28700,2005-12-02
28701,2010-05-10
28702,1998-06-24
28703,2019-03-30
28704,2006-07-31
28705,2001-11-01
28706,2010-05-09
28707,2011-05-18
28708,2001-03-31
28709,2017-06-13
28710,2002-09-15
28711,2007-03-06
28712,2006-06-06
28713,2005-09-21
28714,2023-02-25
28715,2013-08-21
28716,1998-06-06
28717,2010-12-26
28718,1999-12-09
28719,2015-11-15
28720,2021-07-08
28721,2014-09-26
28722,2023-04-18
28723,2020-03-05
28724,2008-02-22
28725,2022-02-13
28726,2022-12-24
28727,2022-11-26
28728,2022-06-09
28729,2007-04-30
28730,2008-02-22
28731,2007-10-10
28732,2004-07-05
28733,2006-11-12
28734,2003-11-24
28735,1998-01-15
28736,2007-06-30
28737,2017-04-23
28738,2014-03-27
28739,2018-04-04
28740,1998-03-07
28741,2001-12-17
28742,2004-11-06
28743,2024-04-30
28744,2018-11-28
28745,2023-02-10
28746,2004-12-26
28747,2005-08-11
28748,2019-11-06
28749,2003-10-23
28750,2006-07-13
28751,1997-11-09
28752,2023-01-08
28753,2004-11-06
28754,2012-07-07
28755,2022-02-16
28756,2018-05-14
28757,1999-02-05
28758,2001-10-24
28759,2002-11-07
28760,2007-06-01
28761,2009-09-01
28762,1996-06-26
28763,2004-12-25
28764,2017-03-11
28765,2007-06-07
28766,2006-06-17
28767,2020-05-21
28768,2005-01-12
28769,2004-02-12
28770,1999-10-01
28771,2017-10-10
28772,2012-02-14
28773,2023-04-11
28774,2011-11-18
28775,2023-03-03
28776,2023-01-13
28777,2004-01-14
28778,2009-05-23
28779,2018-01-25
28780,2010-01-25
28781,2020-11-23
28782,2005-11-23
28783,2018-11-17
28784,2004-07-30
28785,2005-03-17
28786,1998-08-10
28787,1996-04-25
28788,2021-06-12
28789,2022-06-21
28790,2008-02-22
28791,2011-10-08
28792,2019-01-13
28793,1999-07-08
28794,2013-06-06
28795,1999-01-08
28796,1996-08-26
28797,2002-10-03
28798,2006-04-21
28799,2013-10-03
28800,2012-09-10
28801,2011-06-06
28802,2023-11-04
28803,1999-12-27
28804,2018-07-22
28805,2014-09-14
28806,2006-05-19
28807,2015-06-22
28808,1998-09-03
28809,2016-01-11
28810,2003-05-28
28811,2010-09-21
28812,2010-07-17
28813,1996-04-03
28814,2017-09-03
28815,1997-04-18
28816,2000-12-28
28817,2013-02-16
28818,2013-02-11
28819,2005-09-20
28820,2004-01-13
28821,2012-10-22
28822,2007-11-17
28823,2006-08-20
28824,2013-11-14
28825,2015-02-05
28826,1996-08-30
28827,2014-03-23
28828,2012-04-03
28829,2002-08-13
28830,2014-05-01
28831,2003-08-23
28832,2020-09-28
28833,1998-06-21
28834,2016-06-03
28835,2015-08-16
28836,2024-03-10
28837,2019-08-10
28838,1996-08-28
28839,2019-08-26
28840,2015-11-09
28841,2004-09-05
28842,2011-08-24
28843,2004-10-09
28844,1999-05-26
28845,2006-11-30
28846,2023-09-03
28847,2019-12-20
28848,2009-02-09
28849,2007-08-17
28850,2002-08-23
28851,2018-02-18
28852,2002-08-20
28853,2023-02-16
28854,2019-04-09
28855,2002-08-21
28856,2000-03-31
28857,2006-03-06
28858,2014-05-19
28859,2005-10-23
28860,2000-05-24
28861,2016-11-23
28862,2021-03-31
28863,2004-01-07
28864,2011-10-11
28865,2024-03-19
28866,2009-09-16
28867,2002-03-03
28868,2023-04-10
28869,2011-08-10
28870,2007-05-26
28871,2009-01-14
28872,2018-01-27
28873,2013-04-04
28874,2017-04-01
28875,2021-09-25
28876,2020-07-18
28877,2017-07-07
28878,2020-12-22
28879,2019-05-21
28880,1997-08-27
28881,2022-11-02
28882,2008-11-03
28883,2008-09-26
28884,2023-03-25
28885,1997-08-21
28886,2018-05-17
28887,2018-02-26
28888,2016-02-10
28889,2005-08-16
28890,1996-05-09
28891,2013-10-17
28892,2003-06-21
28893,2013-09-19
28894,2007-07-08
28895,2012-01-15
28896,2007-07-03
28897,2020-02-19
28898,2020-03-26
28899,2020-06-20
28900,2020-01-21
28901,2002-09-02
28902,2017-05-27
28903,2007-02-22
28904,2013-04-13
28905,2002-12-31
28906,2008-09-17
28907,2010-08-11
28908,1997-03-18
28909,2018-02-09
28910,2013-05-08
28911,2019-06-30
28912,2023-09-05
28913,2016-01-09
28914,2017-09-18
28915,2016-01-29
28916,2007-05-05
28917,2001-11-27
28918,2009-12-02
28919,2015-09-06
28920,1999-02-22
28921,2006-09-28
28922,1995-11-23
28923,1996-03-23
28924,2007-12-01
28925,2016-02-18
28926,2002-05-10
28927,2024-09-02
28928,2021-02-04
28929,2005-08-21
28930,2018-08-11
28931,2015-04-25
28932,2021-04-01
28933,2011-05-31
28934,2017-03-09
28935,1998-04-25
28936,1997-05-12
28937,2009-04-17
28938,2002-11-22
28939,2022-08-01
28940,2009-05-09
28941,2004-08-04
28942,2001-06-08
28943,2011-09-22
28944,1998-09-02
28945,2002-02-03
28946,2005-02-20
28947,2003-11-14
28948,2021-03-23
28949,2012-11-13
28950,2009-04-16
28951,2020-11-22
28952,2002-02-07
28953,2004-08-29
28954,1998-01-02
28955,2001-06-07
28956,2022-03-14
28957,2002-02-20
28958,2014-10-25
28959,2012-11-07
28960,2006-06-05
28961,1997-02-21
28962,1997-11-13
28963,2024-08-22
28964,2004-02-02
28965,2017-07-04
28966,1996-10-21
28967,2004-05-28
28968,2000-05-17
28969,2017-10-11
28970,1998-05-09
28971,2013-10-09
28972,2005-05-07
28973,2017-01-13
28974,2003-10-05
28975,2008-01-12
28976,2002-03-15
28977,1996-01-29
28978,2023-12-24
28979,2022-10-04
28980,2011-03-06
28981,2008-05-27
28982,1996-08-09
28983,2022-03-15
28984,2018-05-28
28985,2010-03-23
28986,2003-06-06
28987,2008-07-30
28988,2003-06-20
28989,2008-08-23
28990,2002-01-21
28991,2003-04-01
28992,2020-05-08
28993,1996-07-18
28994,2014-01-09
28995,2005-08-26
28996,2016-05-08
28997,2006-01-12
28998,1996-05-24
28999,2004-12-14
29000,2018-04-15
29001,2015-03-24
29002,2022-05-20
29003,2016-03-09
29004,2016-06-06
29005,1998-12-23
29006,2020-11-28
29007,2022-03-18
29008,2007-03-28
29009,2000-06-29
29010,2023-01-29
29011,2015-09-25
29012,2007-10-20
29013,2001-01-31
29014,2007-04-11
29015,2024-07-04
29016,2001-04-08
29017,2022-03-03
29018,2000-04-08
29019,2002-03-08
29020,1999-05-09
29021,2003-07-24
29022,2018-05-05
29023,2006-06-30
29024,2019-10-06
29025,2012-10-24
29026,2023-12-24
29027,2003-10-20
29028,2012-03-02
29029,2012-10-19
29030,2020-02-22
29031,2021-12-09
29032,2009-05-13
29033,2009-01-19
29034,1996-03-22
29035,2008-08-24
29036,2016-01-10
29037,2020-07-04
29038,2000-05-13
29039,2017-02-15
29040,2021-09-08
29041,2004-09-08
29042,2001-01-22
29043,2002-12-09
29044,2001-08-29
29045,2014-07-07
29046,2004-12-13
29047,2006-05-11
29048,2003-04-09
29049,2008-01-05
29050,2019-08-07
29051,2001-01-16
29052,2012-07-08
29053,2021-02-16
29054,2009-01-01
29055,2006-06-13
29056,2006-11-30
29057,2015-11-06
29058,2010-01-31
29059,2015-08-27
29060,2020-10-25
29061,1997-03-15
29062,1996-10-25
29063,2022-08-21
29064,2015-10-28
29065,2019-09-03
29066,2000-06-10
29067,1998-12-10
29068,2011-05-10
29069,2000-04-09
29070,2009-04-18
29071,2010-01-19
29072,2011-04-26
29073,2022-03-03
29074,2003-05-03
29075,2023-12-26
29076,2020-11-06
29077,2006-10-27
29078,2020-10-15
29079,1999-12-14
29080,1999-11-22
29081,2023-10-23
29082,2022-08-05
29083,2014-07-25
29084,2024-06-22
29085,2016-01-03
29086,2011-01-01
29087,2021-08-26
29088,1997-06-12
29089,1995-12-21
29090,2019-03-31
29091,2017-04-19
29092,2014-11-13
29093,2004-05-16
29094,2003-08-12
29095,2019-04-26
29096,2019-05-11
29097,2010-11-27
29098,2012-02-14
29099,2016-11-12
29100,2008-09-07
29101,2004-08-23
29102,2007-01-11
29103,1999-01-04
29104,2007-07-22
29105,2005-11-30
29106,2015-03-10
29107,2023-02-03
29108,2008-09-15
29109,2011-11-03
29110,2013-11-24
29111,2012-04-03
29112,2004-01-27
29113,2015-01-15
29114,2006-11-02
29115,1997-02-18
29116,2006-03-16
29117,2020-06-11
29118,2015-03-06
29119,2006-06-02
29120,2003-06-10
29121,2005-07-15
29122,1997-12-28
29123,2003-10-16
29124,1999-07-11
29125,1995-10-23
29126,2000-05-22
29127,1997-09-18
29128,2022-04-29
29129,2024-09-28
29130,2005-09-30
29131,2007-10-20
29132,2003-09-22
29133,1999-04-15
29134,2002-06-16
29135,2020-10-06
29136,2006-07-08
29137,2005-07-31
29138,2019-06-11
29139,2011-10-08
29140,2013-07-27
29141,2008-07-05
29142,2009-09-04
29143,1999-07-07
29144,2005-12-26
29145,1999-05-01
29146,1996-07-27
29147,2000-07-20
29148,2007-01-29
29149,2005-04-17
29150,2000-02-22
29151,2020-12-08
29152,2017-12-09
29153,2020-05-23
29154,2004-02-10
29155,2011-07-31
29156,2000-03-02
29157,1998-06-21
29158,1996-02-24
29159,1997-02-07
29160,2016-02-18
29161,2007-03-25
29162,1997-07-16
29163,2013-09-14
29164,2011-11-15
29165,1997-04-03
29166,1996-08-21
29167,2017-09-20
29168,2018-07-16
29169,1996-03-12
29170,2014-07-07
29171,1997-09-10
29172,2021-03-12
29173,1999-04-23
29174,2019-11-24
29175,2016-06-02
29176,2020-12-10
29177,1999-08-18
29178,2009-05-16
29179,1997-02-03
29180,2021-11-04
29181,2006-07-19
29182,2013-07-27
29183,2013-10-22
29184,2000-04-11
29185,2018-05-28
29186,2006-12-02
29187,2013-04-20
29188,2005-05-30
29189,2017-08-01
29190,2008-08-06
29191,2013-06-13
29192,1997-07-30
29193,1998-12-13
29194,2017-05-12
29195,2018-02-01
29196,2007-10-14
29197,1998-06-27
29198,2021-11-10
29199,2024-09-08
29200,2020-02-05
29201,2014-04-04
29202,2007-05-26
29203,2001-05-25
29204,2019-02-11
29205,2021-07-23
29206,1998-10-29
29207,2021-05-23
29208,2017-12-12
29209,2013-07-15
29210,1999-01-20
29211,2009-06-11
29212,2015-10-22
29213,2010-02-04
29214,2017-12-21
29215,2007-10-15
29216,2019-07-27
29217,2024-01-22
29218,2023-03-28
29219,2014-11-18
29220,2014-03-01
29221,2016-12-29
29222,2018-09-02
29223,2019-06-14
29224,2019-12-26
29225,1999-07-30
29226,2019-10-25
29227,2009-04-21
29228,1995-11-02
29229,1998-01-26
29230,2007-08-19
29231,2018-11-21
29232,2015-10-27
29233,2002-12-25
29234,2006-09-09
29235,2016-12-17
29236,2021-07-05
29237,2014-08-03
29238,2019-09-12
29239,2007-06-19
29240,2021-05-29
29241,2013-12-25
29242,2011-02-23
29243,2014-11-08
29244,2008-07-03
29245,2005-06-25
29246,2007-08-12
29247,2020-04-05
29248,2019-11-10
29249,2007-06-07
29250,2010-04-04
29251,2001-05-18
29252,2011-01-16
29253,2009-06-25
29254,2010-07-10
29255,2013-05-15
29256,2001-06-12
29257,2002-03-05
29258,2018-04-06
29259,2019-02-16
29260,2006-02-07
29261,2003-09-13
29262,2018-10-08
29263,2008-10-28
29264,2000-11-16
29265,2001-06-03
29266,2006-02-17
29267,2006-08-17
29268,2021-05-27
29269,2017-08-03
29270,2012-03-29
29271,2001-06-05
29272,2002-07-24
29273,2001-05-18
29274,2011-03-04
29275,2016-03-30
29276,1997-03-23
29277,2022-08-12
29278,2016-06-11
29279,2010-09-15
29280,2003-09-27
29281,2022-10-28
29282,2024-07-12
29283,2020-03-15
29284,2020-07-26
29285,2001-12-10
29286,2013-11-14
29287,2020-05-10
29288,2020-08-21
29289,2015-07-29
29290,2018-09-19
29291,2014-05-30
29292,2008-07-25
29293,2022-10-24
29294,2007-06-06
29295,2021-02-05
29296,2011-09-19
29297,2000-01-17
29298,2024-02-21
29299,2013-02-28
29300,2006-10-02
29301,2002-11-21
29302,2019-01-24
29303,2022-04-25
29304,2006-06-18
29305,2020-06-07
29306,1997-01-11
29307,2017-10-24
29308,2006-12-28
29309,2022-02-27
29310,2019-12-23
29311,2003-08-12
29312,2018-04-19
29313,2011-09-17
29314,2003-01-08
29315,2000-04-06
29316,2001-05-03
29317,2013-01-03
29318,2002-09-21
29319,2020-07-16
29320,2008-12-21
29321,2003-11-15
29322,2004-12-24
29323,2001-05-30
29324,2008-01-24
29325,2001-01-21
29326,2021-12-02
29327,2014-03-26
29328,2005-08-19
29329,2013-10-08
29330,2004-11-15
29331,2005-07-31
29332,1999-10-25
29333,2013-04-06
29334,2020-04-29
29335,2019-05-09
29336,2014-12-04
29337,1996-10-02
29338,2006-10-08
29339,2005-12-23
29340,1997-02-23
29341,2012-05-03
29342,2011-05-14
29343,2019-10-12
29344,2006-07-13
29345,2014-01-25
29346,2000-12-15
29347,2005-12-20
29348,2017-05-27
29349,2018-06-25
29350,2010-08-31
29351,2019-12-31
29352,1999-02-04
29353,2006-12-26
29354,2002-09-14
29355,2023-10-06
29356,2023-10-31
29357,2012-06-29
29358,2015-08-26
29359,2021-04-08
29360,2014-02-16
29361,2009-10-19
29362,1996-01-18
29363,2012-04-10
29364,2019-08-08
29365,2021-09-06
29366,2019-09-27
29367,2002-04-30
29368,2021-11-25
29369,2001-08-01
29370,2007-01-14
29371,2020-07-17
29372,2010-04-01
29373,2016-04-28
29374,2014-10-23
29375,2006-07-23
29376,2019-02-11
29377,2013-07-17
29378,1996-09-05
29379,2002-07-26
29380,2017-06-27
29381,1998-11-20
29382,2024-11-10
29383,2020-05-01
29384,2013-03-26
29385,2024-11-22
29386,2010-11-28
29387,1999-04-22
29388,2016-12-27
29389,2013-03-19
29390,2014-04-02
29391,2003-06-14
29392,2016-05-31
29393,2004-08-31
29394,2022-02-06
29395,1996-09-12
29396,2024-07-15
29397,2023-05-20
29398,2012-01-26
29399,1999-03-29
29400,1997-06-08
29401,2024-08-27
29402,1998-11-06
29403,1996-08-06
29404,2004-09-17
29405,2020-07-31
29406,2022-02-05
29407,2021-01-27
29408,2000-12-04
29409,1998-11-02
29410,2012-11-07
29411,2006-01-15
29412,2001-09-19
29413,2001-07-26
29414,2015-07-26
29415,2023-01-11
29416,2006-01-04
29417,1998-01-11
29418,2007-05-21
29419,1995-11-02
29420,2022-08-29
29421,2009-05-19
29422,2020-05-31
29423,2007-01-29
29424,1999-03-19
29425,2002-06-04
29426,2008-06-17
29427,2006-04-13
29428,2012-10-28
29429,2024-02-18
29430,2011-04-23
29431,2021-12-08
29432,1995-11-09
29433,1999-04-14
29434,2000-08-10
29435,2020-10-05
29436,2004-04-25
29437,2001-10-14
29438,2004-01-19
29439,2015-04-28
29440,2019-09-04
29441,2020-08-09
29442,1999-08-02
29443,1996-06-09
29444,1999-11-25
29445,2002-08-23
29446,2015-02-15
29447,2020-08-22
29448,2003-12-01
29449,2020-04-12
29450,1999-08-13
29451,2018-09-08
29452,2012-05-28
29453,2019-07-25
29454,2010-06-25
29455,2000-08-31
29456,1996-10-30
29457,2001-02-17
29458,1996-11-18
29459,1997-12-11
29460,2002-11-24
29461,2009-06-15
29462,2018-07-13
29463,1999-07-12
29464,1997-12-07
29465,1998-02-21
29466,1998-02-11
29467,2018-10-24
29468,2024-10-21
29469,2012-12-11
29470,2011-01-15
29471,2009-09-23
29472,2014-06-01
29473,1998-06-26
29474,2006-05-10
29475,2005-04-10
29476,2002-01-24
29477,2006-11-01
29478,2011-08-15
29479,2015-03-13
29480,1996-03-31
29481,2020-04-22
29482,2015-08-17
29483,2016-08-06
29484,2006-10-25
29485,2001-11-27
29486,2019-10-07
29487,2021-09-05
29488,2008-10-02
29489,2012-11-02
29490,2003-04-05
29491,2022-07-21
29492,2018-09-16
29493,2007-10-19
29494,2008-11-19
29495,2002-06-20
29496,2010-04-27
29497,1998-03-14
29498,2001-05-22
29499,2017-09-09
29500,2011-12-22
29501,2011-10-06
29502,2011-04-07
29503,2008-01-27
29504,2018-12-03
29505,2011-10-11
29506,2017-01-15
29507,2001-10-01
29508,2003-03-20
29509,2004-11-12
29510,1997-01-24
29511,2009-03-26
29512,1998-07-18
29513,2008-12-17
29514,2018-04-15
29515,1999-06-02
29516,1998-03-17
29517,2016-08-15
29518,2005-01-26
29519,2010-05-29
29520,1996-04-21
29521,2024-11-12
29522,2008-01-27
29523,2015-04-22
29524,2001-10-22
29525,2006-06-26
29526,2023-05-13
29527,1999-11-07
29528,2010-09-12
29529,2022-08-19
29530,2005-08-09
29531,2005-12-10
29532,1996-02-27
29533,2024-01-31
29534,2013-10-09
29535,2014-03-04
29536,2016-08-08
29537,2013-10-24
29538,2010-05-29
29539,2014-09-23
29540,2004-02-22
29541,2005-09-05
29542,1999-02-02
29543,2023-08-24
29544,2014-11-03
29545,2014-08-03
29546,2000-01-07
29547,2004-04-01
29548,2009-07-01
29549,1996-10-12
29550,2001-11-10
29551,2011-03-01
29552,2004-09-15
29553,2013-01-19
29554,2019-04-02
29555,2004-04-21
29556,2000-04-06
29557,2013-06-19
29558,2011-03-06
29559,1996-02-11
29560,2011-02-07
29561,2006-11-09
29562,2011-10-13
29563,2013-02-23
29564,2003-10-31
29565,2011-04-02
29566,2001-08-06
29567,2015-06-11
29568,2009-08-31
29569,2001-02-16
29570,2009-01-06
29571,2021-03-30
29572,2014-02-04
29573,1997-07-07
29574,2010-08-13
29575,2019-09-16
29576,2012-05-09
29577,2003-08-19
29578,2016-03-29
29579,1995-12-11
29580,2005-05-27
29581,2011-11-07
29582,2021-02-28
29583,2024-12-16
29584,2010-11-16
29585,1997-07-02
29586,2017-08-21
29587,2016-03-13
29588,2022-04-30
29589,2005-11-22
29590,2009-03-09
29591,2005-04-04
29592,2020-07-26
29593,2003-06-18
29594,2020-11-09
29595,2001-07-12
29596,2010-04-23
29597,1996-02-17
29598,2015-06-25
29599,2000-08-04
29600,2016-09-15
29601,1996-04-18
29602,1996-07-02
29603,2020-10-25
29604,1997-07-25
29605,2014-11-05
29606,2021-05-08
29607,2015-05-31
29608,2023-10-11
29609,2022-09-19
29610,1996-06-19
29611,1998-11-13
29612,2000-02-01
29613,2011-02-02
29614,2008-05-22
29615,2010-07-30
29616,1996-08-22
29617,2019-06-28
29618,1997-03-19
29619,2001-09-03
29620,1998-09-11
29621,2002-02-26
29622,2008-04-24
29623,2006-07-09
29624,2016-11-26
29625,2005-03-06
29626,2013-06-15
29627,2006-03-02
29628,2010-05-09
29629,2009-02-15
29630,2021-09-08
29631,2009-10-29
29632,2013-08-15
29633,2022-05-27
29634,2005-05-12
29635,2005-04-07
29636,1998-09-06
29637,1997-09-17
29638,2015-07-13
29639,2013-03-18
29640,2014-09-05
29641,2008-06-21
29642,1996-12-14
29643,2013-04-07
29644,2013-05-04
29645,2017-04-23
29646,2006-07-20
29647,2008-08-19
29648,1997-07-21
29649,2000-02-25
29650,2019-02-21
29651,2021-03-27
29652,2019-01-22
29653,2008-09-16
29654,2024-12-05
29655,2016-12-17
29656,2007-11-05
29657,1999-05-08
29658,2002-05-30
29659,2005-09-04
29660,2009-05-22
29661,2024-07-22
29662,2017-04-04
29663,2016-12-27
29664,2004-03-28
29665,2003-05-20
29666,2022-11-26
29667,2015-01-29
29668,2011-02-03
29669,2009-10-12
29670,2009-03-29
29671,2017-05-24
29672,2014-12-27
29673,2014-08-02
29674,2004-11-02
29675,2002-11-03
29676,2007-02-19
29677,2005-02-20
29678,2006-07-05
29679,2013-06-22
29680,2005-01-14
29681,2024-03-22
29682,2013-06-17
29683,2002-01-04
29684,2019-05-14
29685,2001-05-25
29686,2013-09-27
29687,2009-06-02
29688,1996-01-07
29689,2024-07-10
29690,2013-05-01
29691,2009-01-04
29692,2020-04-18
29693,2012-11-18
29694,2011-11-24
29695,2007-06-04
29696,2018-01-12
29697,2004-11-24
29698,2022-01-19
29699,2013-08-20
29700,2002-05-02
29701,2003-02-23
29702,2020-02-08
29703,2021-12-19
29704,2016-08-27
29705,2023-05-17
29706,1999-11-03
29707,1998-11-03
29708,2023-12-15
29709,1998-03-14
29710,2001-06-27
29711,1996-02-12
29712,2023-01-27
29713,1999-02-12
29714,2002-11-21
29715,2007-08-05
29716,2013-07-09
29717,1998-04-09
29718,2022-01-24
29719,2016-01-13
29720,2018-10-28
29721,2004-05-06
29722,2015-09-20
29723,1996-03-13
29724,2015-04-30
29725,2009-07-31
29726,1996-08-19
29727,2024-06-07
29728,2002-06-03
29729,2002-02-14
29730,2000-11-18
29731,2002-11-08
29732,2018-02-09
29733,2018-01-05
29734,2017-03-20
29735,2004-10-27
29736,1997-02-04
29737,2007-04-29
29738,2009-05-16
29739,2022-01-14
29740,2004-12-23
29741,2011-10-24
29742,1999-03-27
29743,2013-03-01
29744,2003-09-13
29745,2013-03-11
29746,2002-12-16
29747,2006-03-31
29748,2019-02-27
29749,2003-10-18
29750,2009-09-28
29751,2006-10-10
29752,2005-10-09
29753,2005-06-30
29754,2020-01-21
29755,2003-05-24
29756,2008-07-15
29757,2019-11-01
29758,2020-07-01
29759,2011-06-03
29760,2020-04-19
29761,1998-01-13
29762,2011-09-09
29763,1999-01-19
29764,1999-10-14
29765,2016-07-15
29766,2018-01-12
29767,2023-04-27
29768,2018-03-09
29769,2004-02-13
29770,2001-12-19
29771,2007-08-23
29772,2017-09-11
29773,2013-09-24
29774,1998-09-02
29775,2002-12-10
29776,2023-09-30
29777,2005-11-09
29778,2012-10-12
29779,2024-07-20
29780,2019-10-19
29781,1996-09-18
29782,2005-03-17
29783,2006-04-02
29784,2020-08-03
29785,2016-07-03
29786,2013-08-01
29787,2005-10-06
29788,2003-03-03
29789,2023-11-13
29790,2014-10-04
29791,1997-08-07
29792,1998-05-04
29793,1997-03-03
29794,2001-01-15
29795,2007-10-06
29796,1996-03-17
29797,2024-06-22
29798,2015-11-29
29799,2023-04-30
29800,2007-10-20
29801,1997-09-05
29802,2017-08-02
29803,2018-02-23
29804,2019-09-30
29805,2006-02-03
29806,2022-12-07
29807,2022-10-29
29808,2005-03-09
29809,2020-08-05
29810,2009-11-15
29811,2005-05-15
29812,2003-06-13
29813,2006-07-14
29814,2001-12-24
29815,2018-08-07
29816,1997-07-20
29817,2016-06-30
29818,2008-04-07
29819,2016-08-26
29820,1997-04-17
29821,2019-09-02
29822,2014-08-29
29823,1997-04-23
29824,2002-11-15
29825,2006-07-02
29826,2002-06-02
29827,2010-01-01
29828,2018-10-25
29829,2000-09-06
29830,2005-03-22
29831,2003-02-20
29832,2005-07-24
29833,2006-05-04
29834,2004-04-24
29835,2015-07-01
29836,2010-01-19
29837,2009-05-21
29838,2013-04-28
29839,2011-09-04
29840,2002-04-23
29841,2011-04-20
29842,2018-11-29
29843,2022-06-15
29844,2000-01-04
29845,2019-06-30
29846,2011-02-02
29847,2003-07-22
29848,2023-10-22
29849,2002-06-18
29850,2020-09-05
29851,2003-03-27
29852,2018-10-17
29853,2023-03-24
29854,2005-12-22
29855,2003-04-26
29856,2016-12-12
29857,1997-02-17
29858,2003-03-06
29859,2016-07-25
29860,2005-02-08
29861,2024-08-13
29862,2013-02-16
29863,2004-05-29
29864,1996-08-03
29865,1998-08-02
29866,2012-08-25
29867,2022-10-01
29868,2009-05-14
29869,2000-01-18
29870,2020-10-04
29871,2010-04-09
29872,2006-04-26
29873,2008-10-26
29874,2011-08-07
29875,2020-02-05
29876,2017-06-22
29877,2004-09-23
29878,1997-09-15
29879,1998-07-31
29880,2005-06-06
29881,2023-12-14
29882,2019-11-22
29883,1996-08-09
29884,2006-03-14
29885,1998-10-21
29886,2015-03-18
29887,2019-09-12
29888,2023-12-13
29889,2016-12-04
29890,2022-04-10
29891,2003-10-06
29892,2013-04-13
29893,2005-07-23
29894,2019-03-13
29895,2023-12-10
29896,2006-07-13
29897,1997-03-07
29898,2007-06-25
29899,1997-06-27
29900,2008-10-27
29901,2007-02-17
29902,2019-08-03
29903,2001-06-04
29904,2016-09-27
29905,1998-05-01
29906,2016-12-08
29907,2004-02-02
29908,2010-09-13
29909,2015-04-27
29910,2024-06-29
29911,2024-12-20
29912,2017-02-09
29913,2020-10-30
29914,2001-10-22
29915,2021-09-04
29916,2007-05-19
29917,1997-01-25
29918,2022-04-20
29919,2013-02-28
29920,2003-12-23
29921,2003-07-29
29922,2012-05-22
29923,2012-06-05
29924,2012-03-09
29925,2000-03-09
29926,2021-08-16
29927,2024-11-04
29928,2009-06-22
29929,2004-10-24
29930,2020-02-16
29931,2024-09-23
29932,2013-07-30
29933,2022-09-26
29934,2006-06-25
29935,2016-12-19
29936,2013-07-26
29937,2008-08-02
29938,2015-05-29
29939,2006-02-07
29940,2006-12-31
29941,1996-05-26
29942,1999-05-23
29943,2004-07-02
29944,2006-08-29
29945,2016-02-09
29946,2007-02-03
29947,2018-06-04
29948,1996-02-15
29949,2024-10-13
29950,2007-02-08
29951,2004-12-10
29952,2018-05-25
29953,2008-10-04
29954,2014-04-05
29955,2006-05-17
29956,2024-01-09
29957,2004-08-27
29958,2021-08-05
29959,2010-09-21
29960,1997-10-20
29961,2009-09-22
29962,2016-09-22
29963,2005-07-18
29964,2022-08-12
29965,2022-11-23
29966,2021-11-01
29967,2024-01-26
29968,2023-04-21
29969,2018-04-15
29970,2015-09-05
29971,2002-11-18
29972,2024-10-30
29973,1996-05-20
29974,2005-09-05
29975,2003-06-01
29976,2003-01-25
29977,2016-01-11
29978,1998-04-24
29979,2002-05-30
29980,2002-08-21
29981,2019-12-29
29982,2014-01-23
29983,2019-04-14
29984,1997-07-13
29985,1996-09-22
29986,2021-06-19
29987,2000-09-21
29988,2022-10-16
29989,2023-07-31
29990,2000-11-16
29991,2016-05-21
29992,2021-09-15
29993,2007-01-30
29994,2024-07-05
29995,2024-03-02
29996,2008-11-22
29997,2015-11-14
29998,2016-01-26
29999,2008-10-13
30000,1999-06-27
30001,2001-10-20
30002,1998-12-28
30003,2012-01-04
30004,2003-09-15
30005,2018-02-03
30006,2017-03-31
30007,2006-01-10
30008,2003-03-10
30009,2024-10-23
30010,2000-03-25
30011,2012-02-08
30012,1997-03-07
30013,2022-01-12
30014,2000-05-06
30015,2010-06-15
30016,2000-07-31
30017,2018-03-24
30018,1998-08-19
30019,2023-09-17
30020,2015-02-11
30021,1996-09-07
30022,2008-12-28
30023,2024-07-04
30024,2008-05-21
30025,1999-06-25
30026,2007-01-30
30027,1997-06-28
30028,2001-05-02
30029,2011-09-23
30030,2010-06-21
30031,2013-06-18
30032,2021-04-21
30033,2024-05-14
30034,2018-09-20
30035,2010-08-02
30036,1999-11-25
30037,2009-07-31
30038,2002-06-07
30039,1996-07-27
30040,2015-03-29
30041,2018-04-19
30042,2017-06-20
30043,2016-06-27
30044,2022-09-26
30045,1996-11-10
30046,1996-05-06
30047,2017-12-15
30048,2003-06-25
30049,2024-05-30
30050,2018-01-29
30051,2010-01-17
30052,2009-11-27
30053,2021-11-08
30054,2005-02-06
30055,2003-09-07
30056,2011-07-10
30057,1997-10-01
30058,2004-12-24
30059,1998-10-24
30060,2013-12-07
30061,2019-07-17
30062,2009-01-06
30063,2006-05-20
30064,2024-02-16
30065,2003-09-12
30066,2007-08-26
30067,1996-10-07
30068,2000-09-14
30069,2009-07-10
30070,2005-11-02
30071,2014-07-28
30072,1999-02-13
30073,2024-03-29
30074,2018-06-23
30075,2003-05-09
30076,2020-12-05
30077,2012-08-22
30078,2020-02-05
30079,2018-03-16
30080,2014-01-18
30081,2024-01-26
30082,2006-11-23
30083,2007-08-23
30084,1999-11-17
30085,2003-09-22
30086,2006-10-11
30087,2005-09-11
30088,2023-11-09
30089,1997-09-22
30090,2006-12-12
30091,2018-11-17
30092,2024-02-21
30093,1997-07-12
30094,2007-02-14
30095,2018-12-05
30096,2018-08-21
30097,2016-04-30
30098,2012-10-02
30099,2009-08-01
30100,2003-09-07
30101,2008-10-05
30102,2000-07-09
30103,2003-05-23
30104,2014-06-10
30105,2000-10-24
30106,1997-11-17
30107,2001-10-24
30108,2023-01-21
30109,2015-11-13
30110,1998-05-29
30111,2009-07-27
30112,2002-12-13
30113,2004-05-31
30114,1998-01-28
30115,2000-01-31
30116,2007-09-26
30117,2004-10-30
30118,2003-11-16
30119,2022-07-30
30120,2009-12-14
30121,2016-06-01
30122,2010-03-12
30123,2011-01-25
30124,2006-06-29
30125,1996-05-07
30126,2009-11-15
30127,2004-02-01
30128,2013-03-19
30129,2020-11-30
30130,2009-05-25
30131,2015-06-07
30132,2005-01-22
30133,1996-06-02
30134,2010-07-25
30135,2012-04-28
30136,2021-03-01
30137,2015-02-20
30138,2010-04-06
30139,2018-03-28
30140,2017-06-09
30141,2000-04-06
30142,2021-07-29
30143,2019-08-12
30144,2023-03-02
30145,2016-10-31
30146,2002-06-14
30147,2022-06-08
30148,2012-04-08
30149,1999-04-20
30150,2017-10-26
30151,2000-02-07
30152,1998-05-19
30153,1997-04-07
30154,2023-01-01
30155,2022-09-22
30156,2002-04-18
30157,2021-12-17
30158,2004-11-05
30159,2000-06-02
30160,1996-06-05
30161,2013-12-08
30162,2004-04-06
30163,2009-01-10
30164,2010-03-27
30165,2020-05-05
30166,2002-07-20
30167,2002-03-06
30168,2019-04-13
30169,2022-09-05
30170,1997-10-12
30171,2024-11-26
30172,1997-08-28
30173,2021-12-19
30174,2002-04-02
30175,2019-06-05
30176,2010-10-10
30177,2007-01-07
30178,2014-08-01
30179,2009-04-19
30180,2008-11-12
30181,2015-11-19
30182,2005-08-11
30183,2008-01-08
30184,2015-03-10
30185,2004-04-01
30186,2015-11-09
30187,2011-11-11
30188,1998-07-31
30189,2003-06-24
30190,2018-06-02
30191,2011-05-10
30192,2002-03-30
30193,2009-07-04
30194,2003-10-02
30195,2023-04-24
30196,2014-02-13
30197,2022-01-18
30198,2005-12-17
30199,2007-07-21
30200,2024-03-05
30201,1996-04-22
30202,2006-09-02
30203,2007-01-29
30204,1996-10-08
30205,2018-11-13
30206,2001-04-15
30207,2012-07-12
30208,2008-06-13
30209,2000-07-02
30210,2007-01-09
30211,2021-04-28
30212,2021-08-14
30213,2013-03-17
30214,2006-06-02
30215,2018-07-13
30216,2006-04-04
30217,2007-05-20
30218,1996-01-02
30219,2017-04-23
30220,1998-04-23
30221,2011-01-11
30222,1999-05-02
30223,2007-02-12
30224,2006-02-05
30225,2016-12-08
30226,2008-07-17
30227,2012-03-04
30228,2011-02-15
30229,2020-12-28
30230,2013-05-18
30231,2022-10-28
30232,2005-11-12
30233,2002-06-14
30234,2020-07-29
30235,2008-05-16
30236,2017-05-27
30237,2014-09-03
30238,2017-06-29
30239,1997-08-09
30240,2009-07-01
30241,2018-10-09
30242,1998-05-15
30243,2019-02-20
30244,2020-09-07
30245,2011-08-14
30246,1996-10-27
30247,2008-01-29
30248,2003-06-30
30249,2015-10-16
30250,2010-10-28
30251,1998-03-22
30252,2023-06-14
30253,2007-05-02
30254,2004-12-11
30255,2010-08-25
30256,2002-08-15
30257,2012-07-13
30258,2005-01-26
30259,2023-11-15
30260,2002-11-16
30261,1995-11-15
30262,2012-12-05
30263,2020-12-29
30264,2011-06-11
30265,1998-08-04
30266,2012-12-17
30267,1996-02-25
30268,2019-07-21
30269,1996-11-23
30270,2015-08-17
30271,2011-03-30
30272,2011-09-06
30273,2012-05-12
30274,2013-08-08
30275,2020-10-01
30276,2024-02-07
30277,2015-03-12
30278,2016-01-08
30279,2022-03-23
30280,2003-07-24
30281,2002-05-29
30282,2000-07-18
30283,2006-12-04
30284,1996-01-09
30285,2004-10-07
30286,1999-01-18
30287,2001-06-02
30288,2012-11-07
30289,2022-07-08
30290,1998-08-30
30291,2005-09-05
30292,2019-12-24
30293,1995-12-30
30294,2011-10-31
30295,2012-10-16
30296,2023-03-28
30297,2018-01-06
30298,2008-03-18
30299,2000-12-09
30300,2022-01-11
30301,2012-10-04
30302,2021-10-21
30303,2000-04-10
30304,2012-07-12
30305,2014-03-24
30306,2023-09-23
30307,2013-02-10
30308,2020-07-09
30309,2011-08-11
30310,2010-06-03
30311,1995-10-22
30312,2002-09-12
30313,2022-09-25
30314,2022-05-22
30315,2021-06-08
30316,2008-10-20
30317,2018-01-13
30318,2020-03-19
30319,1996-01-26
30320,2020-03-21
30321,2015-03-28
30322,2020-10-24
30323,2001-03-25
30324,2020-02-13
30325,2023-06-28
30326,2005-01-08
30327,2005-07-14
30328,2015-05-12
30329,2021-05-06
30330,2020-12-20
30331,2019-08-01
30332,2009-12-23
30333,1998-10-02
30334,1996-10-29
30335,2009-04-06
30336,1997-07-06
30337,2014-03-24
30338,2017-06-15
30339,2009-12-26
30340,2022-09-10
30341,2013-04-29
30342,2007-10-24
30343,2016-10-16
30344,2007-05-15
30345,2019-08-02
30346,2021-08-27
30347,2015-01-22
30348,2007-07-22
30349,2017-10-21
30350,2021-04-22
30351,2009-05-23
30352,2024-08-28
30353,2014-06-09
30354,2017-02-19
30355,1996-11-01
30356,2002-08-28
30357,2020-10-15
30358,2001-03-10
30359,2017-03-05
30360,2013-06-10
30361,2001-01-05
30362,2022-05-16
30363,1998-09-25
30364,1997-03-31
30365,2017-12-30
30366,2023-09-20
30367,2000-08-24
30368,2011-09-18
30369,2023-12-08
30370,2004-04-21
30371,2018-09-30
30372,2017-05-13
30373,2005-02-02
30374,2013-05-14
30375,2007-04-30
30376,2007-05-06
30377,2016-05-29
30378,2015-05-09
30379,2007-07-03
30380,2013-04-12
30381,2022-10-02
30382,1997-11-24
30383,2008-02-25
30384,2018-07-11
30385,2012-05-23
30386,2017-11-21
30387,2003-08-31
30388,1996-07-12
30389,2021-10-21
30390,2012-02-15
30391,2009-01-12
30392,2009-11-30
30393,2011-08-26
30394,2018-02-24
30395,2014-08-21
30396,2010-06-01
30397,2008-10-09
30398,2016-08-04
30399,2000-02-05
30400,2000-11-29
30401,2018-07-22
30402,2012-05-17
30403,2013-01-23
30404,2011-05-20
30405,2016-10-09
30406,2012-07-23
30407,1999-05-08
30408,1997-05-20
30409,2014-01-21
30410,2014-05-01
30411,2004-10-18
30412,2014-12-24
30413,2014-12-02
30414,2009-04-27
30415,2017-12-08
30416,2001-03-06
30417,2005-01-10
30418,2024-11-10
30419,2017-03-15
30420,2019-12-27
30421,2024-02-05
30422,2014-06-07
30423,2018-10-24
30424,2014-06-08
30425,1998-05-27
30426,2015-03-22
30427,2013-11-09
30428,2015-05-03
30429,2020-01-22
30430,2005-02-15
30431,2024-05-27
30432,2003-11-19
30433,2011-04-03
30434,2002-08-21
30435,2023-05-28
30436,2003-04-27
30437,2012-07-17
30438,2023-07-11
30439,2024-05-23
30440,1996-03-04
30441,2015-09-04
30442,2007-02-13
30443,2016-01-04
30444,2010-12-24
30445,1997-09-11
30446,2017-11-04
30447,2020-11-18
30448,2005-09-29
30449,2019-02-13
30450,2006-09-18
30451,2017-11-19
30452,1999-05-31
30453,2002-03-15
30454,2021-06-25
30455,2002-11-08
30456,2019-11-02
30457,2009-11-27
30458,1997-12-21
30459,2016-01-18
30460,2018-04-30
30461,1999-01-15
30462,2015-07-24
30463,2017-07-06
30464,2018-02-09
30465,2019-01-10
30466,2002-01-06
30467,2010-04-27
30468,2023-08-04
30469,2004-11-17
30470,2016-07-15
30471,2020-07-27
30472,1999-04-06
30473,2015-04-30
30474,2016-02-11
30475,2010-02-23
30476,2011-06-24
30477,2013-05-31
30478,1998-04-02
30479,2001-05-09
30480,2020-06-26
30481,2006-08-24
30482,2020-12-19
30483,2007-10-09
30484,2006-01-30
30485,2012-10-25
30486,2002-09-13
30487,2012-06-18
30488,2016-03-08
30489,1997-05-07
30490,2013-06-05
30491,1996-12-01
30492,2014-01-26
30493,2015-02-07
30494,2024-01-21
30495,1996-02-10
30496,2010-08-12
30497,2005-02-19
30498,2007-06-25
30499,2009-03-25
30500,2007-01-29
30501,2009-10-05
30502,2018-04-27
30503,1999-03-09
30504,2019-03-03
30505,2006-01-09
30506,2023-12-12
30507,1997-12-02
30508,2018-06-26
30509,2001-03-22
30510,2014-02-06
30511,2004-12-18
30512,1998-12-06
30513,2022-01-21
30514,2023-09-06
30515,2022-03-15
30516,1999-11-21
30517,2016-03-06
30518,2022-10-23
30519,1997-03-06
30520,2008-08-27
30521,2010-02-07
30522,2010-09-02
30523,2024-10-17
30524,1995-12-19
30525,1999-12-22
30526,2011-03-26
30527,2016-05-01
30528,2019-03-11
30529,2012-08-02
30530,2012-10-09
30531,2002-09-24
30532,1997-07-05
30533,2000-10-16
30534,2005-06-23
30535,2024-04-19
30536,2014-03-22
30537,2003-11-24
30538,2021-06-28
30539,2008-06-19
30540,2024-07-16
30541,2017-01-17
30542,2003-05-17
30543,2020-03-10
30544,2021-11-11
30545,2003-12-11
30546,2002-01-08
30547,2011-03-30
30548,2004-04-07
30549,2007-02-03
30550,1998-05-07
30551,1996-07-30
30552,2010-11-24
30553,2018-01-11
30554,2017-01-02
30555,2022-05-22
30556,2020-09-14
30557,2006-12-21
30558,2023-09-06
30559,1999-11-18
30560,2022-03-05
30561,2001-11-15
30562,2005-12-26
30563,1996-10-21
30564,2023-05-12
30565,2010-10-22
30566,2019-07-06
30567,2007-05-30
30568,2021-10-27
30569,1999-04-09
30570,1998-03-22
30571,2023-12-22
30572,2010-03-03
30573,2014-06-07
30574,1997-10-05
30575,2019-09-24
30576,2007-05-04
30577,2022-07-31
30578,2013-09-29
30579,2010-03-03
30580,2022-11-20
30581,2016-07-01
30582,2008-05-28
30583,2008-11-23
30584,1996-02-09
30585,1999-02-02
30586,2015-06-12
30587,2010-09-04
30588,2015-07-31
30589,1998-12-14
30590,2011-01-22
30591,2000-09-29
30592,2001-05-23
30593,2002-11-23
30594,1996-10-01
30595,2004-06-14
30596,2006-12-09
30597,2015-05-23
30598,2008-12-21
30599,1995-12-11
30600,1998-05-23
30601,2021-11-22
30602,2018-08-07
30603,1996-02-27
30604,2022-12-26
30605,2006-07-06
30606,2016-05-13
30607,2014-08-12
30608,2005-06-22
30609,2013-12-30
30610,2010-01-19
30611,2005-11-26
30612,2022-09-10
30613,2020-11-24
30614,2013-02-20
30615,2023-07-25
30616,2020-08-12
30617,2012-06-25
30618,2015-04-17
30619,2010-11-27
30620,2012-04-07
30621,1996-06-03
30622,2017-02-27
30623,2012-06-08
30624,2010-12-29
30625,1996-03-05
30626,2021-09-08
30627,2002-02-14
30628,2000-04-16
30629,2009-07-09
30630,2006-04-06
30631,2007-05-01
30632,2006-10-02
30633,2013-02-16
30634,2005-05-27
30635,2016-03-10
30636,2016-02-19
30637,2006-12-04
30638,2012-05-15
30639,2021-03-31
30640,2014-12-21
30641,2002-05-19
30642,2016-06-10
30643,2017-05-19
30644,1997-02-22
30645,2021-11-27
30646,1998-01-23
30647,1996-05-14
30648,1999-09-20
30649,2003-04-20
30650,1996-11-27
30651,2009-07-16
30652,2003-12-06
30653,2014-03-19
30654,2003-01-07
30655,2007-03-16
30656,1998-05-11
30657,2007-09-29
30658,2019-03-16
30659,2001-02-05
30660,2018-08-29
30661,2013-03-23
30662,2009-01-29
30663,2019-06-29
30664,2003-09-28
30665,2019-11-16
30666,2012-04-09
30667,2002-02-08
30668,2022-02-03
30669,2003-06-16
30670,1997-10-08
30671,2013-07-09
30672,2023-12-01
30673,1999-10-05
30674,2010-02-02
30675,2022-09-23
30676,2001-01-28
30677,2008-12-05
30678,1999-03-09
30679,2005-08-10
30680,2010-03-01
30681,2006-06-09
30682,2004-01-21
30683,2002-03-17
30684,2007-10-22
30685,2008-11-30
30686,2012-05-15
30687,2015-03-08
30688,2014-01-22
30689,2016-09-28
30690,2013-03-05
30691,2006-09-29
30692,2006-11-26
30693,2016-11-17
30694,1999-11-13
30695,1998-04-01
30696,2023-06-02
30697,2011-06-11
30698,2019-03-11
30699,2005-09-03
30700,2012-05-28
30701,2009-12-29
30702,2015-03-06
30703,2020-09-10
30704,2001-07-03
30705,2015-03-09
30706,2023-06-04
30707,2013-04-08
30708,2012-10-22
30709,2004-08-22
30710,2012-11-19
30711,2024-06-03
30712,2015-11-23
30713,2010-03-27
30714,2010-06-10
30715,2005-02-27
30716,1997-12-17
30717,2009-11-23
30718,2011-11-07
30719,2008-06-01
30720,2010-12-16
30721,2014-08-31
30722,1998-04-21
30723,1997-01-03
30724,2005-08-29
30725,2000-01-26
30726,2002-05-26
30727,2000-08-31
30728,2023-06-19
30729,1998-05-25
30730,2018-03-20
30731,1995-10-26
30732,1998-02-26
30733,2009-01-09
30734,2024-09-04
30735,2021-05-19
30736,2001-10-14
30737,2015-08-27
30738,2017-04-29
30739,2006-02-16
30740,2020-02-11
30741,2024-12-26
30742,2004-05-07
30743,2003-11-17
30744,2002-07-28
30745,1996-11-28
30746,2023-08-23
30747,2011-11-06
30748,2013-06-19
30749,2009-02-23
30750,2016-09-05
30751,2022-12-30
30752,2004-05-05
30753,2016-10-16
30754,2017-02-13
30755,2004-08-07
30756,2015-07-25
30757,2024-10-09
30758,2023-08-14
30759,2023-06-10
30760,2023-11-03
30761,2003-05-19
30762,2021-03-11
30763,1999-02-19
30764,1998-09-05
30765,1998-03-03
30766,2010-08-04
30767,2023-02-11
30768,2015-05-13
30769,2006-10-23
30770,2009-05-08
30771,2000-01-04
30772,2005-09-07
30773,2005-03-16
30774,2018-09-23
30775,2024-01-16
30776,2014-09-27
30777,2013-02-08
30778,2007-02-10
30779,2015-05-14
30780,2022-06-11
30781,2023-11-05
30782,2007-01-02
30783,2013-08-17
30784,1997-02-12
30785,2018-07-11
30786,2004-11-28
30787,2023-11-19
30788,1999-09-28
30789,2018-07-10
30790,2019-08-27
30791,2014-12-23
30792,2015-03-04
30793,1999-05-10
30794,2014-06-21
30795,2003-02-22
30796,2010-04-29
30797,2008-03-22
30798,1998-06-03
30799,2015-09-12
30800,1998-09-16
30801,2009-10-15
30802,2010-05-08
30803,2004-04-05
30804,2016-11-30
30805,2023-03-12
30806,2023-10-13
30807,2006-04-16
30808,2011-12-19
30809,2017-12-14
30810,2006-02-21
30811,2012-10-05
30812,1999-10-08
30813,1998-11-12
30814,2014-07-10
30815,2019-09-22
30816,2005-03-06
30817,2014-07-07
30818,1997-04-13
30819,2012-08-10
30820,2018-09-16
30821,1997-09-26
30822,2001-11-25
30823,2000-04-09
30824,2016-11-30
30825,2016-03-07
30826,2022-02-02
30827,2015-11-13
30828,2010-03-30
30829,2004-05-13
30830,1998-04-09
30831,1999-04-03
30832,2012-02-13
30833,2012-10-15
30834,2007-05-27
30835,2016-07-14
30836,2011-08-24
30837,2022-08-26
30838,2016-02-18
30839,2010-03-18
30840,2017-01-03
30841,2024-04-15
30842,2013-12-21
30843,2010-04-28
30844,2013-08-22
30845,1996-08-08
30846,2023-01-10
30847,2016-02-14
30848,2020-02-08
30849,2009-06-24
30850,1996-08-26
30851,2006-09-06
30852,2005-05-12
30853,2019-11-15
30854,2003-07-09
30855,2018-07-20
30856,2003-07-17
30857,1999-11-02
30858,2007-02-11
30859,2015-12-25
30860,1998-11-16
30861,2003-07-10
30862,1997-10-19
30863,2020-05-14
30864,2008-08-11
30865,2018-04-21
30866,2014-02-28
30867,1997-09-01
30868,2005-09-11
30869,2017-02-11
30870,2012-12-19
30871,2011-05-02
30872,2010-01-03
30873,2000-05-17
30874,1999-06-29
30875,2006-11-28
30876,2014-12-18
30877,2005-07-29
30878,2011-02-28
30879,2005-04-01
30880,2002-04-12
30881,2001-06-03
30882,2001-12-18
30883,2002-07-30
30884,2001-05-30
30885,2016-05-03
30886,2000-03-07
30887,2000-04-17
30888,2024-07-09
30889,2000-03-17
30890,2019-10-10
30891,2005-09-22
30892,2019-04-10
30893,2001-04-18
30894,2018-06-25
30895,2006-11-14
30896,2020-11-26
30897,2010-02-11
30898,2000-11-11
30899,2015-06-19
30900,2016-06-28
30901,1998-05-15
30902,2023-06-18
30903,1996-09-05
30904,1996-08-09
30905,2001-04-11
30906,2016-07-27
30907,2006-12-03
30908,2007-06-26
30909,1998-09-20
30910,2018-10-11
30911,2000-06-28
30912,1998-07-15
30913,2018-10-31
30914,1996-10-18
30915,1995-12-25
30916,2017-12-16
30917,2019-02-23
30918,2016-10-10
30919,2019-06-10
30920,2015-09-30
30921,2017-02-16
30922,2006-08-01
30923,2000-10-16
30924,2010-11-14
30925,2015-07-10
30926,2006-01-26
30927,2014-02-04
30928,2013-05-27
30929,2019-08-16
30930,2016-03-23
30931,2008-01-21
30932,2015-08-13
30933,2022-02-08
30934,2011-12-19
30935,2015-08-09
30936,2020-06-07
30937,2021-03-21
30938,2003-06-26
30939,2007-07-25
30940,2015-05-26
30941,2019-04-24
30942,2016-10-21
30943,1999-05-23
30944,2024-07-14
30945,2024-02-21
30946,2018-06-23
30947,2005-12-28
30948,2014-12-29
30949,2004-10-24
30950,2024-04-28
30951,2011-07-24
30952,2001-11-05
30953,1999-10-26
30954,2024-07-28
30955,2000-12-08
30956,2008-07-06
30957,2004-04-13
30958,2017-03-15
30959,2017-10-07
30960,2009-08-25
30961,2024-01-31
30962,2018-05-05
30963,2023-11-06
30964,2008-12-31
30965,1997-02-02
30966,2011-03-09
30967,2004-05-21
30968,2003-11-03
30969,2003-07-03
30970,2006-10-25
30971,2007-10-24
30972,2004-08-03
30973,2003-12-21
30974,2020-11-26
30975,1996-11-17
30976,1998-01-19
30977,2023-11-09
30978,2014-09-17
30979,1997-04-08
30980,2016-12-06
30981,2020-01-21
30982,1998-05-23
30983,2019-01-08
30984,2000-01-22
30985,2019-09-18
30986,2019-11-09
30987,2012-07-11
30988,2018-10-20
30989,1997-09-01
30990,2019-10-09
30991,2008-07-10
30992,1996-05-25
30993,2011-04-16
30994,1997-08-31
30995,2007-02-25
30996,2000-03-26
30997,2001-03-05
30998,2002-11-10
30999,1999-03-05
31000,2024-07-26
31001,2021-09-29
31002,2016-02-01
31003,2017-05-27
31004,2000-06-28
31005,2012-10-23
31006,2004-05-06
31007,2016-10-04
31008,2006-06-02
31009,1998-04-07
31010,1996-01-18
31011,1996-04-02
31012,2008-02-07
31013,2024-06-10
31014,2010-08-27
31015,1997-02-28
31016,2004-12-06
31017,1996-11-09
31018,2021-08-06
31019,2008-01-11
31020,2013-02-12
31021,2000-09-15
31022,2006-03-14
31023,2012-11-22
31024,1998-12-02
31025,2008-12-31
31026,2013-04-28
31027,2007-07-13
31028,2004-01-11
31029,2016-11-07
31030,2014-07-10
31031,2000-06-25
31032,2008-07-20
31033,2007-09-10
31034,2004-12-02
31035,2003-12-30
31036,2007-01-19
31037,2010-07-01
31038,2001-10-23
31039,1998-04-07
31040,2022-09-29
31041,2003-05-17
31042,2016-01-02
31043,2000-06-07
31044,2001-01-24
31045,2015-01-05
31046,1996-11-21
31047,2003-08-05
31048,2024-05-16
31049,1997-01-07
31050,2006-07-19
31051,2013-05-10
31052,2000-11-13
31053,2007-04-17
31054,2003-10-11
31055,2015-02-19
31056,2003-08-06
31057,2010-12-02
31058,2022-09-26
31059,1999-05-03
31060,2013-11-16
31061,2024-11-02
31062,2013-12-06
31063,1997-09-29
31064,2016-03-20
31065,2023-02-11
31066,2015-06-11
31067,2020-12-26
31068,2017-03-22
31069,2014-09-27
31070,2009-04-20
31071,2008-05-17
31072,2024-09-13
31073,2022-04-05
31074,2009-06-24
31075,2008-10-21
31076,2007-05-13
31077,2024-04-23
31078,2013-05-29
31079,2000-02-10
31080,2011-09-21
31081,1998-04-15
31082,2012-03-25
31083,2008-01-31
31084,1996-06-03
31085,2018-10-21
31086,2005-11-18
31087,1999-06-22
31088,2008-01-28
31089,2024-04-13
31090,1999-06-02
31091,2009-07-16
31092,1996-11-13
31093,2015-04-15
31094,2007-12-11
31095,2019-12-18
31096,2012-08-25
31097,2007-06-12
31098,1997-12-09
31099,2021-06-27
31100,2010-11-06
31101,1997-06-28
31102,1998-05-12
31103,2008-05-07
31104,2003-12-21
31105,2024-11-03
31106,1996-08-11
31107,2009-06-06
31108,2001-09-04
31109,2007-12-26
31110,2009-03-19
31111,2010-12-21
31112,2005-10-31
31113,2020-07-09
31114,2005-04-18
31115,2023-07-28
31116,2000-08-18
31117,2023-02-25
31118,2018-11-18
31119,1998-10-01
31120,2018-05-04
31121,2018-01-21
31122,2021-06-19
31123,2016-02-13
31124,2020-08-25
31125,2018-05-19
31126,2007-08-29
31127,2023-05-10
31128,2013-12-27
31129,2019-10-31
31130,2018-08-17
31131,2015-10-06
31132,2007-02-15
31133,2010-07-26
31134,2011-11-14
31135,2005-03-13
31136,1997-10-03
31137,1997-01-20
31138,2012-10-27
31139,1997-06-24
31140,2009-01-17
31141,2012-03-07
31142,1996-05-09
31143,2007-07-17
31144,2013-02-19
31145,2007-10-19
31146,2001-07-23
31147,2000-06-21
31148,2015-12-29
31149,2012-03-24
31150,2004-11-01
31151,2007-05-18
31152,1996-01-30
31153,2003-09-05
31154,2019-07-19
31155,1999-04-27
31156,2018-04-08
31157,2020-12-24
31158,2009-08-06
31159,2020-10-06
31160,2003-12-15
31161,2015-06-12
31162,2016-08-27
31163,1997-09-06
31164,2003-03-17
31165,2008-12-21
31166,2007-01-25
31167,1997-04-28
31168,2019-12-10
31169,2007-10-21
31170,2018-02-15
31171,2004-07-08
31172,2019-03-31
31173,2017-05-05
31174,2009-10-10
31175,2017-01-13
31176,2007-12-10
31177,2021-12-23
31178,2002-11-08
31179,2014-05-05
31180,2000-09-22
31181,2000-06-22
31182,2000-11-16
31183,2008-04-21
31184,2011-03-06
31185,1997-01-06
31186,1997-10-31
31187,2019-02-14
31188,2001-03-23
31189,2015-11-30
31190,2015-10-18
31191,1995-11-30
31192,1999-10-25
31193,2007-09-08
31194,2005-07-06
31195,1999-10-15
31196,2001-08-05
31197,1995-12-15
31198,1999-02-19
31199,1997-03-18
31200,2014-08-21
31201,2016-11-07
31202,1999-02-05
31203,2001-10-22
31204,2016-04-03
31205,2019-05-05
31206,2009-04-26
31207,2015-05-12
31208,2004-04-16
31209,2009-04-05
31210,2023-02-08
31211,2003-11-25
31212,2002-03-27
31213,2012-05-21
31214,2016-09-22
31215,2012-11-22
31216,2016-08-05
31217,2022-07-30
31218,2021-07-18
31219,2007-11-06
31220,2001-04-25
31221,1995-11-08
31222,1996-07-29
31223,2005-06-15
31224,1997-09-26
31225,2020-07-02
31226,2018-05-29
31227,2004-10-22
31228,2007-09-10
31229,2004-02-22
31230,2022-07-23
31231,2007-02-09
31232,2019-09-22
31233,2016-11-30
31234,2000-09-15
31235,2000-11-14
31236,2020-10-13
31237,2021-01-15
31238,2010-12-27
31239,2003-02-27
31240,2022-04-01
31241,2008-05-01
31242,2015-02-07
31243,1998-08-01
31244,2014-05-19
31245,2020-08-25
31246,1997-02-10
31247,1999-12-06
31248,2019-09-09
31249,2004-03-13
31250,2015-03-11
31251,2019-06-14
31252,2024-07-11
31253,1995-12-09
31254,1998-07-05
31255,2006-11-12
31256,2020-04-27
31257,2018-06-01
31258,2007-04-22
31259,1998-06-02
31260,2016-10-15
31261,2013-08-20
31262,2011-03-07
